transaction_id,customer_id,customer_name,customer_email,transaction_type,transaction_amount,currency,payment_method,card_brand,transaction_status,transaction_timestamp
cb2ab4e2-df24-4e43-bb28-cf7ff2c39c52,6c854a7d-4bf8-465a-b3f1-aa6d58836ce6,Jacqueline Watson,traci45@example.com,tip,56.82,USD,Card,Mastercard,SUCCESS,2026-06-05T22:18:37.114024+00:00
87862faa-e3b0-46d7-b95a-2e6fd685469a,6429e7cf-698a-449b-ac7a-d35e3e554c28,Derrick Russell,melinda07@example.org,ride_payment,124.05,USD,Wallet,,SUCCESS,2026-06-05T23:47:38.223383+00:00
3f581ca9-f362-475b-b482-01d194319289,4cd9202e-c2f8-4428-b22f-e92360e61060,Cathy Potts,hallgabriel@example.com,refund,-75.81,USD,Card,Mastercard,SUCCESS,2026-06-06T00:49:23.673404+00:00
e8536849-dc72-4cde-9216-d98414b08787,8f265d09-a57e-4cc8-b2b3-4a3537f93c7a,Ralph Gonzalez,stanleywilliam@example.com,refund,-134.25,USD,Cash,,SUCCESS,2026-06-06T00:59:08.241704+00:00
430088fb-f5ea-4825-b4a9-91abeec643fe,731eb7f8-6743-47a9-acea-1a77e47db4c5,Jennifer Kelley,frankserrano@example.org,ride_payment,177.41,USD,Wallet,,SUCCESS,2026-06-06T01:34:47.813704+00:00
c63e98ed-f5fd-406e-92b0-e47034b97aeb,417bd548-11fd-4145-a79e-1f1b3e2b314a,Sarah Greene,jessica64@example.com,refund,-127.58,USD,Wallet,,SUCCESS,2026-06-06T04:56:39.711846+00:00
aa6c3da5-a8a1-490d-9d47-11fd75f8ed1a,bf7c897d-80e9-4ed2-b359-b9ac6e26a2bb,Kevin Jones,juliepeck@example.org,refund,-103.36,USD,Card,Visa,SUCCESS,2026-06-06T05:35:51.317819+00:00
d76a7220-f967-4ed6-a32e-e20e3508d90c,132488a7-b160-4a94-83a1-501d4582050f,Todd Ramos,fgrant@example.org,refund,-109.71,USD,Wallet,,SUCCESS,2026-06-06T05:51:07.859187+00:00
ac0e124f-71e6-4de9-8c8e-724083cb2f70,1360b7fb-62f2-4d95-b173-46cef01f995c,Joshua Scott,dennisevans@example.org,tip,166.04,USD,Card,Discover,SUCCESS,2026-06-06T07:46:59.846400+00:00
78641b96-a976-4abb-b3cf-213daa475503,a13bf403-b4d0-48f6-a040-ac5ddb9271a8,Michael Burch,steven27@example.net,ride_payment,90.14,USD,Cash,,SUCCESS,2026-06-06T08:10:05.028979+00:00
28c263cc-53ad-437c-a723-8e2e2b6dca2f,829a178b-621a-4668-b321-b5d978ce547c,Robert Caldwell,michael49@example.net,refund,-33.88,USD,Cash,,SUCCESS,2026-06-06T08:32:28.428234+00:00
0b22c23c-7b2e-4496-b33e-522619dd2a8b,a389c6ae-dcec-4576-a171-4abec1e676dd,Richard Williams,donnataylor@example.org,refund,-156.23,USD,Cash,,FAILED,2026-06-06T11:51:12.641071+00:00
0367ac2c-a36b-4461-b0b1-895bfdef04c7,72523bb1-ee40-4b15-8e99-1533fe589ee1,Kristina Montgomery,gonzalezryan@example.com,ride_payment,18.44,USD,Wallet,,SUCCESS,2026-06-06T12:01:28.588587+00:00
d7caafa9-fd40-41a3-bf9f-df148e0d687c,3c9d307f-9f5f-4d6a-8e8d-145a5d9152d6,Sean Smith,mmitchell@example.net,cancellation_fee,-31.39,USD,Card,Discover,SUCCESS,2026-06-06T12:15:02.820343+00:00
c3bbe501-0d64-4483-b609-d9ea22dc796f,34abc6b5-5d01-4fec-a5d8-be233a1b6f1e,Bailey Castro,jjohnson@example.net,cancellation_fee,-150.07,USD,Card,Amex,SUCCESS,2026-06-06T12:37:48.797142+00:00
01129bab-b84a-4166-9437-5063ada83d7c,5d275699-76ba-452d-bc45-efa1d5b708db,Patricia Sawyer,wilsonmichael@example.net,refund,-26.65,USD,Card,Visa,REFUNDED,2026-06-06T14:00:03.204374+00:00
5f3d984a-36a3-4039-a647-e75cadc768ea,73304a7c-e2ee-4b94-8d99-2d722abcf32b,Jacqueline Rios,ygray@example.org,tip,173.67,USD,Card,Discover,SUCCESS,2026-06-06T15:16:27.932490+00:00
6009db37-e144-4c0d-a043-c5b51e334c72,28c695a5-e15f-40df-9759-d6ac66d6257e,Tina Munoz,webbdawn@example.org,ride_payment,89.44,USD,Cash,,SUCCESS,2026-06-06T16:30:14.944228+00:00
31990ad7-398b-4ff7-a9f8-377e7344c44d,fa9de3e3-8c40-4573-9640-626fe957cc27,Julie Reed,craig54@example.com,ride_payment,54.55,USD,Wallet,,SUCCESS,2026-06-06T18:23:34.829673+00:00
3d2e1812-278c-4329-a9f1-f67f79608f9a,aabb39f0-5c3d-4057-b636-d9c8f7892cc3,Kari Patrick,lopezjason@example.com,tip,25.74,USD,Wallet,,SUCCESS,2026-06-06T19:17:30.100917+00:00
ebfa2d74-20d9-4bbb-92c4-1aaaac79a433,6c57534b-1f65-4b69-a1b3-fbfa6e54f8b6,Jennifer Henry,davismichael@example.com,ride_payment,10.62,USD,Card,Discover,SUCCESS,2026-06-06T19:33:39.968637+00:00
529c5e78-5d16-41c2-969a-29aa62aafa73,ffc6f829-f0a5-4331-8b72-3fb38e603ab9,Kimberly May,beckymedina@example.org,cancellation_fee,-159.93,USD,Card,Mastercard,SUCCESS,2026-06-06T20:03:44.971500+00:00
358dda6a-341a-443d-ab32-d432c8a00632,8a92d547-87dd-4aba-99a9-58d6b744fd94,Jerome Diaz,jenniferbrooks@example.net,cancellation_fee,-41.56,USD,Cash,,SUCCESS,2026-06-06T20:50:45.264892+00:00
7e86abb6-dee7-44c2-a51a-20e96d751be8,99e91953-eeca-4483-8280-4610ae27b140,Courtney Rodriguez,jessica80@example.net,ride_payment,140.49,USD,Wallet,,SUCCESS,2026-06-06T21:13:16.467752+00:00
f3c29b47-3c53-41a2-8f9d-7aff00d37e7d,7e2bbe9f-61b2-44e5-ba51-5cac829b6c38,Carrie Hayes,erika19@example.net,ride_payment,143.69,USD,Wallet,,SUCCESS,2026-06-06T22:45:21.698707+00:00
865234c9-3843-4b79-b034-da472a05cc80,2b30dd43-5c06-4394-93f9-a870ed5439ff,Lisa Ruiz,jamesbartlett@example.com,ride_payment,66.25,USD,Wallet,,SUCCESS,2026-06-06T23:02:56.576696+00:00
00e32c23-3ac7-42ee-8eeb-fbcab7a07b94,d3901914-33b9-4d37-97dc-2b4893689555,Jaime Kennedy,robert67@example.com,refund,-90.93,USD,Cash,,SUCCESS,2026-06-06T23:25:41.853549+00:00
663587d1-94b4-4e70-9b36-1fab4afab880,df44fd18-b755-45d6-93ff-7a50cb917966,William Wilson,joshua81@example.net,ride_payment,163.05,USD,Card,Amex,SUCCESS,2026-06-06T23:39:33.643410+00:00
843e68bb-45e1-475e-8c75-d845359b5445,9bc362df-9b2b-4bc5-9cce-51642f14b40c,Erica Bishop,oalexander@example.net,cancellation_fee,-130.58,USD,Card,Discover,SUCCESS,2026-06-07T01:28:16.123970+00:00
d32446f7-40a3-46bb-adb2-25ce7e2ebc4c,bf85e13b-1cbd-4ae4-87ce-878dbecb9e0f,Maria Simmons,bakerscott@example.net,cancellation_fee,-147.68,USD,Wallet,,SUCCESS,2026-06-07T03:21:22.985632+00:00
55b744cf-fa0a-418d-b915-1f290111e724,a2bb1028-1a2e-4884-b4ac-71c1d71fa51f,Erika Porter,sandra17@example.net,cancellation_fee,-78.06,USD,Wallet,,SUCCESS,2026-06-07T04:57:28.656604+00:00
9193969c-823e-465d-b246-ef3cf1afdffd,4b75ca52-ae96-400a-b356-78ea7e04d9ae,Emily Wilson,donna80@example.com,refund,-77.64,USD,Cash,,SUCCESS,2026-06-07T04:59:06.762728+00:00
a20b6546-70b8-4cbd-925f-28812e790bf6,434547f9-c204-4706-9729-d12752a1fd3c,Michael Melton,robertsonbrooke@example.net,tip,57.8,USD,Cash,,SUCCESS,2026-06-07T06:06:03.819670+00:00
2ebf0f0e-d9e0-4900-8025-853146221ea6,e311ce79-8f2a-4254-a71f-12c775d1243b,Emily Bell,bryan56@example.net,cancellation_fee,-30.5,USD,Cash,,SUCCESS,2026-06-07T06:07:12.040185+00:00
332c48d0-d0f1-4f92-b3a5-6075ee67b1a4,ebb7b53b-5f8c-48d1-be17-27959f16c32a,Laura Anderson,barnesfrederick@example.com,cancellation_fee,-128.63,USD,Cash,,SUCCESS,2026-06-07T06:47:13.791802+00:00
056aa41c-9d88-4129-8c8c-ecb7807074d0,41f01e6d-eda4-45f9-92c7-2d729f03ea91,James Russo,rshields@example.com,refund,-43.72,USD,Wallet,,SUCCESS,2026-06-07T07:05:53.108612+00:00
7ec5c5af-295e-450e-a92a-205f15fa1172,081bb3d5-6eed-43e2-b018-51dd7bd3deda,James Mccoy,mary42@example.com,tip,14.51,USD,Cash,,SUCCESS,2026-06-07T07:23:55.161612+00:00
fd284365-9c3a-48e6-b1b6-9f5111610bb1,49156bd2-370a-48ce-87b1-dcf11b93a63b,Seth Parker,natasha65@example.org,cancellation_fee,-57.29,USD,Card,Discover,SUCCESS,2026-06-07T07:34:26.011601+00:00
d448b6d4-c579-446d-93c7-44f7f502d1ae,fa054f78-c749-427c-ac8e-9d772d397cb1,Mark Campos,brianbrown@example.net,refund,-11.1,USD,Card,Discover,SUCCESS,2026-06-07T09:39:15.950162+00:00
69cbd1f2-224c-48a4-804f-4c497d2a3955,5dfc479d-95e3-45a0-bf77-a7ef1e664d8c,Sabrina Dennis,lknight@example.org,tip,57.24,USD,Wallet,,SUCCESS,2026-06-07T10:46:06.912520+00:00
e826999b-ed6c-49d8-a618-9c6bfae1e6ef,b21e2734-9f73-48e0-9631-6bb6bbd861f8,Amy Contreras,jill42@example.com,ride_payment,136.51,USD,Card,Amex,SUCCESS,2026-06-07T11:31:49.056387+00:00
f85ae39f-d979-44ee-8fac-2187b409af18,613ebb73-d27d-4922-8c21-68d907e8f434,Brenda Robinson,raybrittany@example.com,ride_payment,92.62,USD,Card,Discover,SUCCESS,2026-06-07T13:44:13.182426+00:00
12473c8b-7b9c-45c7-81df-11f4318b6526,309a014e-6d1c-482c-bbaf-0502798e7a68,Julia Gomez,schneidermarie@example.net,refund,-136.35,USD,Card,Mastercard,SUCCESS,2026-06-07T13:55:52.807313+00:00
bbca4de8-fcbb-49bc-b0b3-f51b00d1da77,7f322c80-56cd-48f9-8854-17572c3294c8,Marcus George,victoria74@example.com,tip,174.43,USD,Cash,,FAILED,2026-06-07T13:57:37.545860+00:00
2eeee121-1cbd-40eb-b1ba-96a2fb336f81,ceefb65c-c952-4cac-8a7b-0c385bead5b0,Troy Reyes,smithsheila@example.com,ride_payment,78.8,USD,Wallet,,SUCCESS,2026-06-07T14:00:58.281080+00:00
1f75ec23-3494-4dd6-82ac-9bcc692d4e4e,c8db0d77-597d-43ca-b97e-108de975357f,Amy Hamilton MD,hoffmanrobert@example.net,cancellation_fee,-44.09,USD,Wallet,,SUCCESS,2026-06-07T14:58:25.648630+00:00
1e53e5a4-92e6-467d-9b7f-3fd1ea76f025,7fd2e001-95d2-4758-87cc-c8b69ea142c7,Emily Williams,susan17@example.org,cancellation_fee,-59.77,USD,Wallet,,SUCCESS,2026-06-07T16:18:05.311190+00:00
85f000d5-f0d6-4c84-961f-a43bcf1d1c7c,9d9c8392-dd7f-4f66-a1d6-bbfb4ca853b1,Michael Nash,fnorman@example.org,refund,-114.7,USD,Cash,,SUCCESS,2026-06-07T16:20:14.077734+00:00
30cc7012-a4ea-4b5b-b4f8-b73ca5d6b635,308eaadc-007e-4ec5-b928-99253986bb8c,Scott Coleman,simmonsmark@example.org,tip,75.05,USD,Card,Discover,SUCCESS,2026-06-07T16:44:25.515160+00:00
a17a63b9-36b0-4582-b01d-58d2d1edb31e,f8cc2a43-402d-4d72-bb45-2fee3b50df45,Terri Page,gregorybenson@example.net,refund,-11.79,USD,Wallet,,SUCCESS,2026-06-07T18:05:27.074956+00:00
dc459ef1-2260-4158-a5dc-cb1f2875a83e,d18cd4df-e05e-428b-94dd-111bc32f500b,John Jones,sruiz@example.net,tip,52.28,USD,Card,Visa,PENDING,2026-06-07T18:06:23.689608+00:00
3ada072a-f810-4985-8b08-220e1a00a1a2,3c8dbc58-a4de-40ff-a60f-7751d12707bd,Miranda Smith,gstewart@example.net,tip,78.54,USD,Card,Discover,SUCCESS,2026-06-07T18:40:55.607365+00:00
e01860cf-9875-4d65-888a-a9b5e892cded,d8ec29e1-9beb-49cc-807e-fd333d542a0e,Lindsay Collins,markjohnson@example.net,ride_payment,139.78,USD,Wallet,,SUCCESS,2026-06-07T19:58:27.307489+00:00
f3f80a10-fc44-46f6-8c86-d1b151b9dbb9,aa7da3af-26dd-4b71-81be-4d2efa0c22cf,Jill Kline,lauramorgan@example.org,tip,140.98,USD,Cash,,SUCCESS,2026-06-07T20:44:24.300836+00:00
dbe71cb7-b664-496e-abb2-6e9a5af6421e,db2a7126-d52b-4373-a349-54c6afd79ed7,Michelle Phillips,kathleenfox@example.org,tip,50.81,USD,Cash,,SUCCESS,2026-06-07T21:36:15.519754+00:00
61ad515f-9545-4120-92da-3ceac3bcd9a7,0a231534-5894-416a-b882-067bfc052b11,Erik Coleman,richard87@example.org,cancellation_fee,-14.11,USD,Cash,,SUCCESS,2026-06-07T23:48:44.805268+00:00
d1fdd61b-870d-44a0-9d10-9bee02f8cd90,0fcbdf19-8674-4ff2-9c0d-d06292f89cd4,Thomas Smith,ryanhancock@example.net,refund,-94.6,USD,Card,Amex,SUCCESS,2026-06-08T02:28:37.233145+00:00
7083d6ed-7aa5-4ad2-b613-69fc38b2d26f,75d4e177-3545-4db9-9649-306d375fbb67,Michele Juarez,johnlynch@example.com,tip,173.85,USD,Wallet,,SUCCESS,2026-06-08T02:55:56.057497+00:00
657a0f0d-485f-4544-ad96-29394cb55872,ef95c20b-7d56-489b-a457-b80138c5f3a0,Joann Torres,angela71@example.net,tip,179.87,USD,Card,Discover,SUCCESS,2026-06-08T03:37:29.973940+00:00
2dfc9099-7c2a-434d-8db5-98c183763f8a,00b6bcb7-1be9-4467-9c58-0ef3e79f8e1f,Patrick Mays,paulrenee@example.com,ride_payment,126.35,USD,Wallet,,SUCCESS,2026-06-08T09:29:17.077427+00:00
d7d22a22-d24d-4bc4-8efa-8495a4104768,9030af26-f546-4da9-afab-4307e8ef6a76,Joshua Sparks,krystal58@example.net,cancellation_fee,-15.53,USD,Card,Discover,SUCCESS,2026-06-08T10:35:24.868939+00:00
f480a7b7-ecca-4607-878e-447bbec0bbca,896d1157-eed0-4b5f-91e8-8faf162c3896,Terri Bradley,jose54@example.com,tip,74.39,USD,Cash,,REFUNDED,2026-06-08T12:23:58.368563+00:00
4bb31e63-1739-4397-b355-b853aa3cb7c4,0bc7857d-bf20-4b63-8a18-d88f10c80cd9,Susan Dudley,annette65@example.net,refund,-49.7,USD,Card,Visa,SUCCESS,2026-06-08T13:01:30.403396+00:00
7fcb685e-8929-476c-ac2b-34fa6b048f7e,a91631ba-c2f9-4442-92d4-260a55668066,Carolyn Cruz,marie13@example.org,cancellation_fee,-116.05,USD,Card,Visa,SUCCESS,2026-06-08T13:05:48.709936+00:00
161d1047-9851-4ace-a40d-b0be412d7f1d,8e620be5-e9d0-4c1c-9321-cb5903797fd2,Thomas Edwards,delgadosheri@example.org,refund,-164.46,USD,Card,Mastercard,SUCCESS,2026-06-08T14:10:39.363689+00:00
d4b151c3-023a-4683-9ac5-25f592b70469,1227e867-e6f2-4cd9-927e-5837394fce8a,Brenda Mcdaniel,lopezannette@example.net,ride_payment,83.78,USD,Card,Mastercard,SUCCESS,2026-06-08T14:37:57.700991+00:00
5db10406-ecdc-433b-9d6a-425a5f367831,1a3f4909-3415-4262-8b82-2bf32122e6ed,Michael White,ocarroll@example.org,refund,-50.48,USD,Wallet,,SUCCESS,2026-06-08T17:17:23.963014+00:00
11bc2062-85c8-4fcd-a0b4-bfee1ae3df28,c0c54e73-66b7-454a-b5c4-bdaa5a81a09c,Kevin Mccoy,sara18@example.com,tip,118.35,USD,Wallet,,SUCCESS,2026-06-08T17:35:22.654737+00:00
29aa2371-8f5e-4ec3-a751-b48d612c2aef,56d53c5a-3eef-46fd-aaa7-ba2f5e2bdc96,Nicole Crawford PhD,ashley41@example.net,ride_payment,174.8,USD,Card,Amex,SUCCESS,2026-06-08T17:58:45.053676+00:00
eb04384b-cf58-4055-8ebd-4165b4def44e,96e04576-49f0-40e7-a948-947bffe1123c,George Alvarado,mirandakelsey@example.com,refund,-111.05,USD,Wallet,,SUCCESS,2026-06-08T19:03:14.056883+00:00
2f29e349-c82a-4fdb-97b4-5b82043410a0,16e6573f-9b20-4461-ad36-e00f8b45ac0d,Carlos Olsen,dustinsellers@example.com,cancellation_fee,-179.37,USD,Card,Amex,SUCCESS,2026-06-08T19:52:22.114816+00:00
ec5861b0-45cd-48e8-9d91-926f52c397ef,91baafa2-63cc-477a-b59b-8f0b42dbc731,Mark Hicks,ledwards@example.org,ride_payment,95.39,USD,Card,Visa,REFUNDED,2026-06-09T00:15:18.946784+00:00
c131728b-bda8-4185-838e-b7c75af6c6bd,d147ddf9-a06d-4428-9f34-8bc3528f6419,Melissa Peters MD,vegaderek@example.net,refund,-86.1,USD,Cash,,FAILED,2026-06-09T01:22:54.909049+00:00
3512af06-8ae5-4b22-9b4b-34355110fdd5,e196dc85-4a23-4ec0-aea4-23e368291908,Steven Cain,martin53@example.com,ride_payment,153.42,USD,Wallet,,SUCCESS,2026-06-09T01:34:52.654963+00:00
6d5b7331-c255-481b-8c6e-8aca6ce9fde7,130150d5-e5f2-45da-8fc3-170b4efbfab5,Mark Ross,hacosta@example.org,ride_payment,64.12,USD,Wallet,,SUCCESS,2026-06-09T02:50:52.234641+00:00
df10a767-a829-4ce7-aba2-f7197c37f0a3,f5d86bc2-2566-4227-b8c5-098174e79b80,Katherine Boyd,shane85@example.net,cancellation_fee,-80.88,USD,Card,Mastercard,PENDING,2026-06-09T04:16:18.356860+00:00
f418af97-c3b9-4836-b0fb-26fd56f0d3cc,c91db3ed-dc3e-459e-8439-f37eb56ebbb5,Jennifer Jones,wdunn@example.org,refund,-135.36,USD,Cash,,SUCCESS,2026-06-09T04:16:20.728055+00:00
710bb752-8a01-4e9f-9213-27b24b691f61,3f269f97-1568-4622-b41c-1f7ed09e65c7,Howard Aguilar,stephen14@example.com,refund,-121.57,USD,Cash,,SUCCESS,2026-06-09T09:57:15.671559+00:00
1401c5c8-8fe5-4820-bec9-912f3a10d4b9,e60d381e-e03f-4595-9bbb-87012c480692,David Berg,patriciasmith@example.org,tip,156.42,USD,Wallet,,SUCCESS,2026-06-09T10:40:23.782237+00:00
d9b6469b-44e8-4988-be9d-a8bf2c0c4c39,28983ad8-d9e9-4dac-b57b-a129c061230d,Christopher Camacho,avega@example.org,cancellation_fee,-169.28,USD,Cash,,SUCCESS,2026-06-09T12:09:31.049451+00:00
1c4eeb3b-57ef-46c7-96da-5e0fe5f005b0,46b130d1-1435-484d-88b3-22c41566d17d,Joshua Meyer,laurie39@example.com,ride_payment,103.62,USD,Wallet,,SUCCESS,2026-06-09T13:09:19.477197+00:00
cdd454da-a1d1-4bb1-9119-443cecc26400,3de8d4d5-de02-4e7f-8bfb-4659823df05c,Kimberly Carlson,nnash@example.com,tip,171.68,USD,Wallet,,SUCCESS,2026-06-09T13:32:42.609313+00:00
364250e1-8030-46a0-9fb6-bacc817068f5,48d51a2a-1348-4880-a3ce-be8f93d1ebe2,Sarah Ryan,deankylie@example.net,tip,155.05,USD,Wallet,,SUCCESS,2026-06-09T13:34:31.464423+00:00
b797c6ad-c881-45b0-8aba-134b1f69df52,740cfbad-f05e-4aaf-9f07-6bcf814145dc,Tamara Webb,ricecharles@example.net,refund,-24.71,USD,Wallet,,SUCCESS,2026-06-09T14:20:41.626373+00:00
edba892c-1f9c-4b6d-a1bd-4c36769d0a08,a0c3ce3a-8ec2-47c7-b303-4359ec08487b,Adam Lyons,bthomas@example.net,cancellation_fee,-16.63,USD,Wallet,,SUCCESS,2026-06-09T14:59:39.766876+00:00
c4efb307-e66c-4ed0-8e59-bdd3b62fbbcc,0fb7123d-7899-479c-96a6-f6a797c42bf3,Jessica Benitez,evanberry@example.com,refund,-88.69,USD,Wallet,,SUCCESS,2026-06-09T15:12:37.259961+00:00
bd59e9b6-29fd-439f-9a24-41a4cf2df9dd,02ce87a5-b5c1-4275-aab1-bbef4a2b957c,Jeremiah Larsen,ulane@example.com,refund,-161.82,USD,Wallet,,FAILED,2026-06-09T16:15:06.055090+00:00
fc0d9ce0-b291-4736-9e8d-7b9f7d2c8c9d,9d530c0e-bba3-41e3-9883-0edeb7557d8c,Alexander Khan,snorton@example.org,cancellation_fee,-103.28,USD,Wallet,,SUCCESS,2026-06-09T16:23:54.961343+00:00
ee05db03-9d1e-4761-b433-392dd2e6c9c0,79fbabef-aef0-4b1e-a4c1-3e51a933b245,Dr. Travis Jordan,matajason@example.net,cancellation_fee,-39.04,USD,Cash,,SUCCESS,2026-06-09T17:07:15.923434+00:00
5f343280-182f-4010-86a8-e6b0d76b1e4b,301b1a80-c3f2-4596-9c51-d64fc1130b50,Pamela Wilson,craig74@example.net,ride_payment,132.37,USD,Wallet,,SUCCESS,2026-06-09T18:39:11.266716+00:00
ad06db86-87db-45ac-b198-97cdd885f3e6,d94f6f4f-9b5a-422c-a1cd-1ded3f8a0381,Katie Day,jacob32@example.com,refund,-120.7,USD,Cash,,SUCCESS,2026-06-09T21:07:59.676460+00:00
961175e6-30e0-4e24-945d-9d25a4d01ccc,300eb85e-96e3-4ef6-bf82-b53257c8de0c,Sandra Chavez,brittanysmith@example.com,tip,148.76,USD,Wallet,,FAILED,2026-06-09T23:52:21.513241+00:00
23ddbd11-f777-45d4-bc0a-75c9943eb836,fa60c694-f6f1-4bc6-97d5-db758548e567,Sarah Hart,michael30@example.com,tip,165.11,USD,Cash,,SUCCESS,2026-06-10T00:47:43.107312+00:00
58d4bcd5-5169-4b4c-80c7-4aef48d7614c,ba1738ed-907d-4833-b49a-4406fcf5a439,Cheryl Williams,shepherdmark@example.org,tip,63.55,USD,Cash,,SUCCESS,2026-06-10T01:18:19.541677+00:00
fa78d4c2-6342-45b0-8fb8-1f3d70e26d13,04a0ffed-3f15-4e69-87ad-a2a0fb0d9cd1,Paul Hudson,melissa87@example.com,tip,122.49,USD,Cash,,SUCCESS,2026-06-10T01:39:49.246517+00:00
f8c3376f-7e6c-421b-8f57-2e830ee4181a,d0015f56-ea9c-42ab-b14b-99829fa9e755,Michael Moses,jgarrison@example.org,ride_payment,102.21,USD,Card,Visa,SUCCESS,2026-06-10T02:24:00.411988+00:00
a2b4f7b3-145e-4379-8412-e555c4894a97,4135de42-9e51-4ea1-b6a7-9b938a3ee165,Amy Smith,wkelly@example.org,cancellation_fee,-122.51,USD,Cash,,SUCCESS,2026-06-10T02:26:27.009664+00:00
13df2307-6b37-41de-9bf5-3aa7f5ca4345,f6c93865-1db7-410b-8984-2b774be143b2,Darlene Johnson,ricardo99@example.org,ride_payment,22.78,USD,Wallet,,SUCCESS,2026-06-10T03:51:36.669789+00:00
3d35acaa-6c1c-4ec9-8d96-e39af3a32148,4b422bcd-0d8e-4774-b366-61c3db24571a,Paul Ramirez,hcarpenter@example.com,tip,137.49,USD,Card,Amex,SUCCESS,2026-06-10T04:29:01.158692+00:00
842a53cc-8131-43b3-a36a-1faa31335c86,cf5bed8a-24c4-4a9c-871c-1976640cf3c7,Karen Brown,donna78@example.org,cancellation_fee,-8.77,USD,Card,Discover,SUCCESS,2026-06-10T05:49:36.058080+00:00
8c9986fd-8a9a-4c52-ac08-68a65fdfe83b,d5110c4d-8dcc-4878-8b3f-7bb267807756,Lindsey Kennedy,dwilliams@example.com,cancellation_fee,-159.4,USD,Wallet,,SUCCESS,2026-06-10T06:22:44.413814+00:00
ad21eb0c-1209-400d-ac7f-6c1189f0e9bc,ee9603f9-bd6f-41ed-af80-9bb102d21b3a,Maria Simmons,oeaton@example.org,refund,-158.04,USD,Cash,,SUCCESS,2026-06-10T08:30:24.507427+00:00
e96a976f-cedc-4de7-8e40-50add7362d1f,fd3cce7d-f199-4b19-96e2-22253444c7bf,Catherine Adams,veronicabean@example.com,tip,61.56,USD,Cash,,SUCCESS,2026-06-10T16:02:23.016839+00:00
c01f0cc2-5b8d-45b6-870d-85dc5e7c78a0,e8c4f535-4056-48ed-82ce-0dfa7bd9b3a0,Sean Wagner,fernandezsheila@example.com,ride_payment,10.46,USD,Wallet,,REFUNDED,2026-06-10T18:37:00.208764+00:00
64c758ce-6377-4674-a6e5-a033075a1bf1,9af54fdc-bd0d-4382-ac6b-ae9352472b35,Diane Martinez,ellisjavier@example.org,refund,-163.05,USD,Wallet,,SUCCESS,2026-06-10T19:00:25.247921+00:00
c0f6d2bd-7b5c-413f-97df-f3a9a8962d37,34f3061a-aa18-49ff-a283-4b42b7d5d068,Joshua Christensen,charlesburns@example.org,cancellation_fee,-142.0,USD,Cash,,SUCCESS,2026-06-10T20:49:59.928506+00:00
f0c509d4-8d80-47db-886c-edbc4e98ba3b,04dad654-0dac-4475-be62-cb54e1e2c448,Tyler Norris,plynn@example.com,ride_payment,161.61,USD,Card,Discover,SUCCESS,2026-06-10T22:16:10.971204+00:00
6ac6b2a1-4b7e-4b09-8d33-a02c142b7328,9301f7f1-06f7-4b81-82d1-32a644370750,Tim Smith,rachel23@example.org,refund,-47.61,USD,Wallet,,SUCCESS,2026-06-11T01:44:56.865442+00:00
cdd36422-5874-4490-beaf-1bb187584eb9,6b895cd5-c101-49a0-adad-1402fb8fc08b,Laura Romero,carolyn20@example.com,refund,-5.37,USD,Card,Mastercard,REFUNDED,2026-06-11T04:00:22.821874+00:00
6a30bde8-0346-4b39-b5f2-291da4f401ba,51b1f774-afae-4588-9968-6632a27f08a3,Vicki Patrick,pottschase@example.com,refund,-103.1,USD,Card,Visa,SUCCESS,2026-06-11T04:08:47.356538+00:00
86a7f587-339e-432d-aeb7-cec86aad135b,61d743d8-906c-44f4-bd67-e60e8e696457,Alexander Phillips,huntmatthew@example.net,tip,107.58,USD,Wallet,,SUCCESS,2026-06-11T04:24:27.801930+00:00
f0f37a1a-7e6a-46c7-9ee7-77706223c78d,b6f28594-7084-4824-9b19-25631a94f11e,Tiffany Bradley,tnichols@example.com,tip,7.95,USD,Cash,,SUCCESS,2026-06-11T06:47:21.437462+00:00
492fab45-2c65-4808-a129-256b0abf11db,5dcad8e5-4f71-4f38-8705-a074e3faf9c4,Edward Little,xortiz@example.net,tip,117.66,USD,Card,Discover,SUCCESS,2026-06-11T07:26:50.822444+00:00
3ff4cdca-8495-4ded-9eed-18cb86654e3d,4977b894-9057-4d21-b1c8-f8783091883e,Clayton Palmer,pball@example.org,cancellation_fee,-37.91,USD,Card,Amex,FAILED,2026-06-11T07:39:49.184346+00:00
c642ee1f-e621-498c-8f46-1fa6045c5fcd,35c663a9-af6f-4374-82d7-2d2a08db0003,Sabrina Hall,smithlaura@example.org,cancellation_fee,-140.92,USD,Card,Visa,SUCCESS,2026-06-11T09:59:59.966743+00:00
7924c6df-b478-47ce-8846-19b15c3bfa17,21c8f349-047c-435f-97f0-5be1b6ea0010,Daniel Nguyen,virginia89@example.org,cancellation_fee,-144.34,USD,Cash,,SUCCESS,2026-06-11T10:15:03.897229+00:00
aeefc507-ee66-4369-9604-62590d8ad0c9,ff6770e0-e4ed-4a4e-aa6b-cca33e45f833,Cindy White,steven82@example.net,ride_payment,109.39,USD,Wallet,,SUCCESS,2026-06-11T10:30:46.901398+00:00
1b74226b-5393-4038-8dfe-e0f5c9dbfbdf,3114a80e-573e-49f4-b580-c966cddb6ff2,Vincent Mendoza,william46@example.net,cancellation_fee,-40.88,USD,Wallet,,SUCCESS,2026-06-11T10:32:13.012555+00:00
40008b03-349e-410f-908b-fe1cb91f4c4f,6dc582d7-c994-4666-aed4-81932362f436,Linda Evans,dianabyrd@example.net,cancellation_fee,-172.75,USD,Card,Visa,SUCCESS,2026-06-11T12:07:21.725041+00:00
1e663ba6-7d1c-47cc-8106-1a99a47c804c,b8cc5d30-cb56-4a70-96e8-b6af700ee989,Christine Torres,pennymarquez@example.org,cancellation_fee,-111.26,USD,Card,Discover,SUCCESS,2026-06-11T12:14:47.421424+00:00
87904b03-484c-4b3b-866d-d57abfcddce7,0cfb8058-ca53-4cc5-a1af-65d7a5638f8c,Alvin Little,melody03@example.com,cancellation_fee,-113.71,USD,Card,Amex,SUCCESS,2026-06-11T12:15:38.704898+00:00
7aed0f03-239c-4f32-b87a-4aee5508de81,3e1a85e4-e235-41c8-bc5a-2044ec55558a,Anthony Gregory,burnsmichael@example.com,cancellation_fee,-163.78,USD,Cash,,SUCCESS,2026-06-11T12:50:38.560355+00:00
acb84fa3-a018-4769-8dfd-3b626a6953ce,2de6f523-0ad5-43de-91db-3b9ea12b1a96,Kevin White,jeanrichmond@example.com,refund,-81.13,USD,Cash,,SUCCESS,2026-06-11T13:25:21.450694+00:00
6038dd3c-9970-4d91-8bc1-fef67908ed23,dabbd86c-6eee-48bb-8b25-2a4039db5439,Adam Mathews,travis07@example.com,tip,18.01,USD,Card,Mastercard,SUCCESS,2026-06-11T14:27:33.711435+00:00
d6eb6eda-974b-44a1-96db-6abbf69747c3,4372ed8b-e7d8-4184-914b-e0295235307f,Anthony Strickland,terrelldaniel@example.net,ride_payment,167.03,USD,Card,Amex,SUCCESS,2026-06-11T14:59:51.010629+00:00
64fdd4b6-7314-41c3-9206-63b05c23e084,37adab62-242b-4a2e-b3f3-f7eb09ad9f73,David Fields,stevengarner@example.com,ride_payment,126.24,USD,Card,Visa,FAILED,2026-06-11T15:17:13.223445+00:00
67294d24-b35c-4d62-a27e-3119563417df,86328f51-d317-4446-ac9c-1adee928e5b8,Erica Jones,audreymoreno@example.net,cancellation_fee,-58.29,USD,Card,Amex,SUCCESS,2026-06-11T15:19:08.725932+00:00
3e1a5d7e-fdb6-4588-b63c-7bcf5d554a66,a99d80a6-4390-46ed-be0e-d04b0daeaabb,Benjamin Leonard,gabrieltownsend@example.net,ride_payment,171.81,USD,Wallet,,SUCCESS,2026-06-11T15:45:52.231767+00:00
92f4fa33-2ce7-415c-a894-92446534618e,bd71d2f8-a745-4f2b-8b52-d4090122146e,Helen Morris,bankstracy@example.net,refund,-63.25,USD,Cash,,PENDING,2026-06-11T17:13:34.824186+00:00
3fb6dc23-26ff-4e4d-96ab-9136c8cd25e0,11172603-2662-4504-9e40-df0f65af3266,Michael Snyder,nicoleblevins@example.com,cancellation_fee,-150.15,USD,Wallet,,SUCCESS,2026-06-11T17:19:24.263825+00:00
78907e34-b939-4271-bf7a-8fe4787f98fd,accef705-dc18-48f5-a4c3-6ccc858abeb0,Sandra Mahoney,ovalencia@example.com,ride_payment,105.65,USD,Wallet,,SUCCESS,2026-06-11T17:51:07.516813+00:00
55cd317c-dcb3-42ae-b96d-860604b2fcd5,2ea9e972-5406-44b5-88e6-b69516e2eacb,Debbie Perez MD,iskinner@example.net,tip,121.36,USD,Wallet,,SUCCESS,2026-06-11T18:43:27.010613+00:00
f416fe64-15e6-4002-84f7-a9004234a03e,6f316d68-03c7-4b7e-966e-36c1ad9ca87b,Timothy Davis,hsmith@example.com,ride_payment,159.42,USD,Card,Visa,SUCCESS,2026-06-11T19:30:10.762652+00:00
02616d11-b861-49b3-8e6c-007e84e81859,db39678e-d2cc-4704-8685-6daea63afe5b,Lisa Gonzalez,austingina@example.net,refund,-50.94,USD,Cash,,SUCCESS,2026-06-11T20:12:58.670349+00:00
35492f6f-1cfc-417b-90b8-17ff44292441,cc4385fd-c6de-4e7e-a026-d01ada328f77,Samantha Garza,thomasrivera@example.org,tip,29.78,USD,Cash,,SUCCESS,2026-06-11T20:29:45.011451+00:00
57d43d06-0718-48f0-b09c-37ea54e58852,3a3507af-f979-4dab-a0a9-b135056a9b9d,Barbara Moss,gavincopeland@example.net,ride_payment,34.21,USD,Cash,,SUCCESS,2026-06-11T23:38:33.540304+00:00
9d5ac715-2796-4ee8-8b9e-b35b7f7dacd1,e3ab1e59-0899-4fc7-b941-4a76ca9f5165,Luis Vance,ebailey@example.org,ride_payment,112.08,USD,Cash,,SUCCESS,2026-06-12T00:31:42.477520+00:00
fe58e728-aebd-4d50-9483-1e0da5e23b71,22a1a591-2a4a-43c1-9e51-fadac652aef8,Christopher Young,dalexander@example.net,refund,-11.67,USD,Card,Mastercard,SUCCESS,2026-06-12T04:03:25.507398+00:00
31777366-2f40-4b6b-a369-3fa30b35f4d4,4097ec1b-6c79-44ae-b201-4c48d6f54fa4,Kathleen Alvarado,ogregory@example.com,ride_payment,78.32,USD,Wallet,,SUCCESS,2026-06-12T05:42:46.383807+00:00
67dccaf4-2a25-4c9f-a08e-ec90b027a41f,0f5084b7-1f51-47fe-9526-56c0c66bb948,Mrs. Alison Edwards DDS,victoriagraham@example.net,cancellation_fee,-149.21,USD,Wallet,,SUCCESS,2026-06-12T05:48:39.989251+00:00
cbfea438-d18c-4c27-b9d2-6ae9a5691242,6d5bdeb3-2175-436d-940c-db77dcc610b6,Cynthia David,lauren48@example.org,tip,32.56,USD,Cash,,SUCCESS,2026-06-12T06:19:10.321572+00:00
e9716021-0ee6-49ec-b33e-c972244b9ac0,4c6eadf3-ff24-4bf5-8874-6f73ba1b0aa9,Dale Fields,xanderson@example.com,refund,-168.12,USD,Cash,,SUCCESS,2026-06-12T06:42:55.477729+00:00
6f72aab5-41d7-44be-aa13-58f789fad624,929daf7f-9ac0-43cd-a16a-4ddade8de608,Kimberly Mays,joshua04@example.com,cancellation_fee,-107.33,USD,Card,Discover,SUCCESS,2026-06-12T07:21:56.322763+00:00
e943d18e-6808-4023-a160-03f31923ff89,5f6b1f1e-c379-4068-a32c-ff8ff60333d0,Latoya Schmidt,avazquez@example.net,ride_payment,159.88,USD,Cash,,SUCCESS,2026-06-12T09:54:33.642095+00:00
4423c55d-8c57-4987-9bf5-c14d7d5d4ba2,fa7b04a7-cd7b-4889-bda9-256e1a3787a1,Joshua Chavez,rhansen@example.net,cancellation_fee,-22.0,USD,Card,Mastercard,SUCCESS,2026-06-12T10:13:33.116502+00:00
fdf36684-006a-4178-88a1-ad7de8f18291,06565e2d-3446-4269-b32b-4311669e0b1d,Mark Sanchez,xgeorge@example.net,refund,-130.08,USD,Card,Amex,FAILED,2026-06-12T10:23:52.318907+00:00
3cc03ae3-b151-479e-9f3b-e7287e4b966b,e848260b-701c-4fea-b190-991e8b0ee00e,Sarah Maldonado,donaldvilla@example.net,cancellation_fee,-66.74,USD,Card,Discover,SUCCESS,2026-06-12T12:09:51.373370+00:00
56a1d960-d4a1-402f-ae40-eeed81bc2201,95ae0cd2-07c8-49ca-a1be-277a4836746e,Frederick Mays,lucassimmons@example.com,cancellation_fee,-150.97,USD,Card,Amex,SUCCESS,2026-06-12T12:31:36.631878+00:00
58c13c4a-4826-4fd4-a008-b55168d3aa38,fcb16462-5a49-4e84-a52b-bee0a1ab5d38,Joseph Fuentes,susan68@example.com,refund,-97.95,USD,Wallet,,SUCCESS,2026-06-12T13:52:30.727302+00:00
4c21a63c-e969-4967-9fd7-ab3043c47d72,5d19cb34-807d-489f-a5f9-f17679fbc9c1,Kelsey Vaughan,mcox@example.net,tip,133.01,USD,Wallet,,SUCCESS,2026-06-12T14:04:31.925729+00:00
9c00ab43-cece-4684-875b-5a852b8ab356,cc8a2e4c-9a84-4a70-9431-d1e7abba546a,Steven Bowman,juliepayne@example.net,cancellation_fee,-51.01,USD,Wallet,,SUCCESS,2026-06-12T15:06:26.391237+00:00
7b0553dd-73b3-46ab-b11d-b4c201bde176,f37e854f-71a0-4e8e-bf22-3b70dac97940,Stephen Reynolds,garrett07@example.net,ride_payment,42.75,USD,Cash,,SUCCESS,2026-06-12T16:00:59.411937+00:00
31c0b906-2cf6-48ea-b00e-c5067d5e7c88,8bbb515b-d343-49d3-8f40-bb3deba2a26e,Jonathan Bates,fsmith@example.org,refund,-80.46,USD,Card,Amex,SUCCESS,2026-06-12T16:28:13.990967+00:00
96fdc9d4-69ec-4241-acc4-b5093167ce6c,4d7ab36e-7ea8-4d95-89ff-0defa2def60b,Matthew Freeman,llong@example.com,ride_payment,102.32,USD,Wallet,,FAILED,2026-06-12T18:08:02.784660+00:00
afffc41b-eec1-473a-b23c-9b69b66a3b7a,3762f99c-a216-4c22-ae63-62cbf6d24157,Scott Roberts,garciadavid@example.net,ride_payment,102.24,USD,Card,Visa,SUCCESS,2026-06-12T18:26:05.895997+00:00
b1d9ae0b-9ee0-4286-aa74-a4e6dbef23cc,a34b7e0d-367b-4038-b117-d61d66471741,Lori Knight,matthewgraham@example.org,ride_payment,137.54,USD,Wallet,,SUCCESS,2026-06-12T18:42:10.041975+00:00
28fa0a5a-b9e3-4945-b439-2f5f2f31934f,fde58379-c3b8-4d78-bd44-04e5e398ac60,Julia Powers,hernandezlinda@example.org,ride_payment,136.67,USD,Wallet,,SUCCESS,2026-06-12T19:32:03.895493+00:00
f31bb2d7-a9bb-4616-9542-d19cb2672eb4,8457cbbd-9325-4ac5-b1e3-d2572ffa98d7,Jason Lambert,christianlori@example.org,tip,128.23,USD,Cash,,SUCCESS,2026-06-12T19:52:30.010696+00:00
3c2cebea-f7eb-42d0-a33a-89643104afe9,5702f6c2-da83-419a-8edd-3487879b44bc,Kristin White,evanadams@example.com,refund,-49.71,USD,Cash,,SUCCESS,2026-06-12T20:22:14.051798+00:00
fa921ec2-51ac-4095-b171-c7499cb9180b,86de5c34-d600-459d-9eed-63daf1e70fb0,Susan Moore,clang@example.com,tip,154.58,USD,Card,Visa,SUCCESS,2026-06-12T20:40:21.300692+00:00
c271e4a7-d53e-42f7-b982-cf541877553e,bdcf9bba-6aa1-4cc8-b68b-53683f37fd04,Christine Jones DVM,jamiemiranda@example.net,ride_payment,54.29,USD,Cash,,SUCCESS,2026-06-12T21:44:49.499101+00:00
7b8ee487-2736-4680-bf57-9c3543e49096,fc3023e2-c99b-4dbc-93e4-c6ae6f82341d,Kathryn Gutierrez,ythomas@example.com,refund,-56.49,USD,Wallet,,SUCCESS,2026-06-12T21:56:25.234285+00:00
992c8bcb-71dd-4776-afb7-0ec080d37f2d,adb9323a-bb03-4b83-9244-5b86823c998e,Michael Sherman,jennifercontreras@example.org,tip,150.21,USD,Cash,,SUCCESS,2026-06-12T22:03:04.562945+00:00
f0009a19-7510-42e5-aea2-32bee555798c,fddb0b29-aa5f-4f94-be26-09669b06c799,Megan Brown,beverly05@example.com,tip,26.75,USD,Card,Amex,SUCCESS,2026-06-12T22:17:03.219359+00:00
4eb132e2-709f-43a5-8bbd-9885dbde8389,1c883558-acd1-427b-a23c-1bb743a797e6,Kelly Hayes,curtispatrick@example.net,cancellation_fee,-139.21,USD,Card,Mastercard,SUCCESS,2026-06-13T00:22:39.783462+00:00
5144a6d8-05bb-458e-a603-521d7b1fdf53,dc0b1afa-2b5b-4750-b5ad-0d1dde0d0b9c,George Harding,vincent06@example.net,cancellation_fee,-165.27,USD,Wallet,,SUCCESS,2026-06-13T02:27:23.173637+00:00
aeef423e-1d44-4014-b3c0-6b72f1eb8897,138e1469-0bc6-439b-908e-6ff383b30558,Sherry Turner,gallagherkristopher@example.net,ride_payment,83.59,USD,Card,Discover,SUCCESS,2026-06-13T03:38:47.525472+00:00
19a71307-00c0-4495-90e0-8d0e2b74d95e,2f523632-bac7-45ba-a069-032ff13b0940,Jacqueline Cruz,erica36@example.org,refund,-155.26,USD,Card,Amex,SUCCESS,2026-06-13T04:18:03.034854+00:00
50291ccc-97bd-4701-91cf-805a61ff5c72,17ba52f1-3f81-40d1-ac80-a27f3c15ccca,David Ward,shannongeorge@example.net,ride_payment,16.8,USD,Cash,,SUCCESS,2026-06-13T05:13:43.635967+00:00
efd8cc2c-f03d-4668-a011-fa5bbfc5692f,45d967f6-8a80-49ad-8fcb-682c79670b17,Timothy Allen,melanie79@example.net,cancellation_fee,-51.78,USD,Cash,,SUCCESS,2026-06-13T06:18:52.938808+00:00
91ae19aa-3272-457a-83d1-8c5369f69cd5,611006b7-96e2-4a6b-b413-8bafffd4e240,Jacob Fletcher,robert61@example.org,cancellation_fee,-25.98,USD,Cash,,SUCCESS,2026-06-13T06:40:30.217590+00:00
4ae8c226-ae97-465b-ac41-8190a1b38b93,666a5c3e-e58e-437f-b5e4-390d5df2fcb1,Curtis Smith,cookjeffrey@example.org,cancellation_fee,-66.68,USD,Cash,,SUCCESS,2026-06-13T06:52:57.495180+00:00
3f443d79-9dc3-49f4-927a-21faa7a0eb78,05bf965c-2880-429c-8aa2-2dbf52de1398,Terry Williams,robertedwards@example.org,cancellation_fee,-139.02,USD,Cash,,SUCCESS,2026-06-13T07:21:41.410041+00:00
208e1551-c26a-4d5a-a83f-4d8f28070ce9,0bbb9c0b-b462-4963-9c59-ce389b78abde,Elizabeth Brown,mortonkevin@example.com,cancellation_fee,-95.77,USD,Card,Visa,SUCCESS,2026-06-13T07:30:55.847166+00:00
c47d34a9-d550-4d10-90f2-eca91899345b,a40a2aeb-2dc2-4df0-9515-d39a346886b5,Rhonda Clark,okelley@example.net,tip,97.61,USD,Wallet,,SUCCESS,2026-06-13T07:50:56.565433+00:00
efe8706b-fa43-419b-9f7b-662387cbeef6,c265c169-5002-4f82-a568-0f2e52487aba,Tammie Castillo,ashleycoffey@example.com,cancellation_fee,-106.3,USD,Card,Visa,FAILED,2026-06-13T09:30:13.342683+00:00
cd2f603f-bb6c-4612-905e-877a2c476c98,f106b591-b1d0-4925-9761-5de1df327d4d,Mary Davila,rmiller@example.com,cancellation_fee,-109.74,USD,Wallet,,SUCCESS,2026-06-13T12:58:35.407124+00:00
d4dfa404-47f0-47df-9e43-3d0ce2699136,fe0ecf7e-f10b-47f3-acd8-7d3633db05b1,Brent Mitchell,obennett@example.com,refund,-62.72,USD,Card,Amex,SUCCESS,2026-06-13T16:01:51.537602+00:00
361e2aa1-7ec6-4f29-b6f8-c7a2cfbe88ca,24eb860c-6473-48f6-9e3c-a42bfcaaa2a0,Susan Taylor,howardmichael@example.org,tip,92.61,USD,Card,Amex,FAILED,2026-06-13T16:14:16.576367+00:00
fc1c54e8-392c-4f52-8531-085f0542db7f,ecb78513-4414-47b4-af7a-6dd8a94805d0,Amy Reed,gwilliams@example.org,ride_payment,28.65,USD,Cash,,SUCCESS,2026-06-13T16:23:24.841086+00:00
fb5b558b-004e-4956-bd8a-feb7e3dd1345,3f0b87a9-d5d8-4323-b4a8-bfe9e07e73f1,Mrs. Nicole Koch,popeashley@example.com,ride_payment,83.41,USD,Card,Amex,SUCCESS,2026-06-13T19:13:16.283381+00:00
6c9c7cd2-5b30-498a-a49e-886161fdc7c7,6591e4f4-17ea-4e9e-9cdf-2d819e1215c1,Danielle Thompson,danielmedina@example.com,tip,8.33,USD,Wallet,,SUCCESS,2026-06-13T19:27:10.199118+00:00
ad253d69-0b7e-4c8b-b808-4fe59bb94af0,4862bc9c-98dc-43d0-9f30-ec653d3e9abc,Tiffany Williams,johnaustin@example.net,cancellation_fee,-149.36,USD,Cash,,FAILED,2026-06-13T20:01:16.852879+00:00
61be6d02-2a61-4e34-b340-3149175c85b9,7e85ba09-3e9e-4b85-8848-49e33746b70d,Anthony Kramer,wgray@example.com,tip,62.01,USD,Cash,,SUCCESS,2026-06-13T21:55:23.959931+00:00
c087e22d-aaee-4b43-8042-79108891c672,a8c16371-6b17-4e55-b562-cd1d18ca5c3f,Christopher Eaton,moniquerivera@example.com,tip,76.99,USD,Card,Visa,SUCCESS,2026-06-13T23:24:46.655432+00:00
b75bbf3c-063a-4d76-869c-a99b8f2f2c11,a6b02800-62bc-4a2f-bbbb-645d28981fe3,Samuel Price,hsmith@example.com,tip,150.08,USD,Cash,,SUCCESS,2026-06-14T03:33:44.137286+00:00
43c2fed0-4cc7-4d7e-81ab-a4dd4a4d4929,42ee7859-3a88-4bb1-ad5f-569aec95e342,Kendra Powell,lindseyhorne@example.com,ride_payment,27.86,USD,Cash,,SUCCESS,2026-06-14T04:06:26.010015+00:00
a73b1aed-3e0f-4d09-9842-31ed4a6e9b7b,11e81c11-7354-4a10-9637-6d514fc93803,Jennifer Wang,brenda86@example.com,cancellation_fee,-33.71,USD,Cash,,SUCCESS,2026-06-14T06:25:53.107510+00:00
74570696-d3df-4646-92a5-df9652a83e51,36c3f4a5-6a42-4f98-9774-7ad8e0decc0a,Amy Marquez,carlasalinas@example.com,ride_payment,73.32,USD,Wallet,,SUCCESS,2026-06-14T07:24:54.768796+00:00
74a66eb2-6b83-44cb-8e47-0c0456efde2c,f8c52a4c-23fc-4cb8-9851-de0e32617583,Michael Gonzalez,tammyclark@example.net,cancellation_fee,-146.17,USD,Card,Visa,SUCCESS,2026-06-14T09:54:43.196175+00:00
670d6955-02b0-4456-aab8-db82fa12dc81,18ac34b8-df13-42a3-a013-03372d642f61,Kathryn Lee,smithemily@example.org,cancellation_fee,-56.27,USD,Card,Mastercard,SUCCESS,2026-06-14T10:45:38.341595+00:00
0f12a79d-7514-4d9a-bd43-3a11974da575,c76bb89b-d332-410c-8cb1-7a507551e7d5,Edward Cannon,jill09@example.org,tip,130.83,USD,Cash,,SUCCESS,2026-06-14T10:47:05.734112+00:00
1c45d81d-7095-42cd-9dfe-2611d3152b7c,d4102a88-f7ae-49d5-a4b4-3ca2bb9412a4,Caroline Osborn,beckmegan@example.com,refund,-103.84,USD,Cash,,SUCCESS,2026-06-14T10:51:49.198931+00:00
bc89afdd-3f09-467b-8944-c63ce1c9b4de,e8ea1928-cc62-456a-8b8e-e2f5d86b2ccf,Bradley Lynch,martinjenkins@example.com,ride_payment,63.78,USD,Cash,,SUCCESS,2026-06-14T10:52:20.817833+00:00
1a2c31c4-d1e4-4c09-b985-1c62a48fdddb,591f4a7d-6f09-4fc2-895d-b10dd00f5d88,Dennis Lewis,matthew87@example.net,tip,175.02,USD,Wallet,,SUCCESS,2026-06-14T11:33:45.972945+00:00
8b699109-58aa-40e7-80dd-2df8893a8398,35b49597-7703-4eff-aded-e47491b95f7a,Debra Dean,lmiller@example.com,refund,-84.93,USD,Wallet,,SUCCESS,2026-06-14T12:25:00.915834+00:00
0849b820-64c7-48a0-9577-f20bfe60f1de,b9d89a3e-7cb8-471d-84d2-1ed5ecb8723b,Dustin Maxwell,zdavis@example.net,ride_payment,34.37,USD,Card,Amex,SUCCESS,2026-06-14T12:42:30.885888+00:00
bb2c96b1-ecab-4bfe-b035-d2363f7666da,075551c5-f65d-4b61-a0ab-2f4c7fba0117,Patricia Cameron,haleypeck@example.org,refund,-99.38,USD,Wallet,,SUCCESS,2026-06-14T13:15:55.906847+00:00
c50527b9-f984-4956-8295-3d112a7d01ff,0ef27f90-4a12-4f37-9c09-37ba08897dcb,Jeff Smith,jodyjohnson@example.org,cancellation_fee,-131.73,USD,Cash,,SUCCESS,2026-06-14T13:24:00.994569+00:00
bba21621-212a-4280-88f2-ceb7d0ca0a17,070f0a36-4b26-4bd8-a98e-02fe8b22134b,Rodney Taylor,barbara05@example.org,ride_payment,158.01,USD,Card,Visa,REFUNDED,2026-06-14T14:58:41.344148+00:00
99f9138e-ae74-4e5f-a7dd-b3a5d4f2af21,05b514ac-e48e-44ad-8f0c-7819b428fa3c,Mrs. Amanda Graves,whitejoshua@example.com,tip,29.04,USD,Cash,,SUCCESS,2026-06-14T15:26:54.840205+00:00
4d4e56b9-b49f-4d7d-899b-aa86daf711f9,e4cd847b-8de9-4896-a7a5-87f750b16706,Kathy White,ypeterson@example.org,ride_payment,16.96,USD,Cash,,PENDING,2026-06-14T16:21:24.060566+00:00
5b135de4-8226-492d-b705-d020fd0c2854,b8a8499c-4073-4114-b6c2-203680a6ed84,Wayne Olson,smonroe@example.net,tip,19.09,USD,Card,Amex,SUCCESS,2026-06-14T17:32:04.620274+00:00
ed50de51-91cd-440f-b134-95968cb59e43,1d5a46d3-7db6-4350-827c-7d1055d8387c,Ashley Washington,andrea43@example.org,ride_payment,139.87,USD,Card,Discover,SUCCESS,2026-06-14T17:33:22.456208+00:00
74b12698-5847-4a1d-bee3-b285313b72d4,8211f144-fa32-46d4-b5f4-4b219f365b33,Yvette Oliver,rubioallison@example.com,ride_payment,157.32,USD,Cash,,SUCCESS,2026-06-14T17:36:57.891870+00:00
633010a3-e766-40be-8963-c79ad749ceea,863011fc-5c95-4a73-9dcb-1c64b4fdbf72,Angela Mcguire,kramerkevin@example.com,tip,35.78,USD,Card,Discover,SUCCESS,2026-06-14T17:50:09.165792+00:00
0992e349-748e-409d-a04a-00e42476b14e,ebe0c183-b6d0-4652-8574-3f982b228caa,Lindsay Ortiz,gary44@example.org,ride_payment,102.95,USD,Wallet,,SUCCESS,2026-06-14T18:02:48.142933+00:00
3702ff1a-7322-42d3-ad12-dabea479927b,faaead3c-4609-4b52-835b-7081a63f0254,Tiffany Wright,gravessara@example.net,cancellation_fee,-54.8,USD,Card,Discover,SUCCESS,2026-06-14T18:39:14.755611+00:00
901bc87f-5b69-4fbf-8348-70046ad39699,e0197e89-3532-4c74-8d3f-9e1e0af9ddb3,Jon Houston DVM,dennis00@example.net,ride_payment,101.85,USD,Wallet,,SUCCESS,2026-06-14T19:35:34.300549+00:00
1d620395-2db7-45f8-b7ba-87114321b0ac,99578b49-66ec-4ada-89d6-db9cc0a96da6,George Lambert,jay85@example.com,cancellation_fee,-106.58,USD,Card,Visa,SUCCESS,2026-06-14T19:57:50.449953+00:00
f5e17dd3-584e-4253-9155-6e7571bc011b,5eebb052-188d-4979-aac5-2c90b048f547,Jeffrey Jones,sarahclark@example.org,refund,-157.64,USD,Wallet,,SUCCESS,2026-06-14T20:22:40.705682+00:00
7cee97af-5966-4398-8cc1-d8b29f172e27,57213eb8-63c5-4da1-9913-3c9f28c84e99,Francisco Vega,williamhunt@example.org,refund,-168.21,USD,Card,Discover,FAILED,2026-06-14T20:43:53.946635+00:00
4f3f96ca-2a14-4640-a7be-70bed9cb41a4,a54662ae-c8a9-4701-aa82-02fe0f46638b,Ethan Crane,kimberlyramirez@example.org,ride_payment,35.97,USD,Card,Amex,SUCCESS,2026-06-14T20:50:16.586635+00:00
b3798322-2663-42a1-bb5e-becac188732a,d45949a2-ef86-4747-a186-0d626b6d6a65,James Jones,qmartin@example.net,refund,-99.72,USD,Card,Mastercard,SUCCESS,2026-06-14T22:13:25.663587+00:00
00650f2e-084a-4bc0-84a9-668dce5e0759,e62b032d-ef85-42af-b94b-cd101f73ce71,Mark Shaw,wjones@example.com,cancellation_fee,-94.62,USD,Cash,,REFUNDED,2026-06-14T23:34:53.394434+00:00
f651eea5-b46c-4fed-81f9-09d9484fb935,eb89fcae-0fb5-43de-a02c-0ea1f664a14e,Anna Williams,wilsonapril@example.org,tip,170.84,USD,Card,Discover,SUCCESS,2026-06-15T04:10:26.614210+00:00
12cbbbed-bc22-43eb-8122-e6c197307054,918f1e32-d11b-45b6-b3ee-a9e7f814b0b0,Amy Burgess,cartertyler@example.net,ride_payment,119.77,USD,Cash,,SUCCESS,2026-06-15T05:00:06.062038+00:00
12b77a3f-4ab6-4a47-b313-c500b2154fcd,118af407-0481-43fc-a65a-dc9ab01a6223,Joshua Castillo,gwarren@example.net,ride_payment,70.66,USD,Card,Discover,SUCCESS,2026-06-15T07:02:23.103970+00:00
efe39e08-20af-475b-bc5e-452d6ae545c5,a793d422-ea04-4ccb-9ba1-69405df0ea14,Mark Smith,ebarnes@example.com,tip,57.41,USD,Wallet,,SUCCESS,2026-06-15T07:03:13.451567+00:00
a790239e-a9f8-416e-8ee5-6e2799699a76,8577e171-08e6-49ee-bf87-855a6a4e0318,Anthony Peterson,rmccann@example.org,ride_payment,166.78,USD,Card,Mastercard,SUCCESS,2026-06-15T09:23:38.078589+00:00
244500c3-5324-4776-8a54-5d994756b21a,9e2bfb15-8745-4c1d-b3ae-b2b2030c0e5a,Brian Williams,hensonbrian@example.net,ride_payment,122.54,USD,Card,Amex,FAILED,2026-06-15T11:14:47.370272+00:00
0240cb33-999c-4843-856e-c12d4ccb9378,e7504572-7c6f-456f-bf5f-502a9ffa4222,Sara Johns,john47@example.org,ride_payment,135.88,USD,Wallet,,SUCCESS,2026-06-15T13:45:17.975517+00:00
d1526aac-be44-47dd-8ee3-904bb8dee713,b3f498fe-20c3-4729-b795-52384ea1f7b4,Donna Welch,woodwardmichael@example.com,cancellation_fee,-135.58,USD,Wallet,,SUCCESS,2026-06-15T14:12:32.882230+00:00
ea2439ff-6e9b-46d5-be9f-65a916027d4c,e62a9735-be3b-40a6-8762-b36df027e50e,Sarah Vasquez,nancychen@example.net,cancellation_fee,-161.73,USD,Cash,,SUCCESS,2026-06-15T15:10:04.164186+00:00
3e31a19f-1100-4c8a-a8f4-9c97d9d31087,8482ee45-815d-4782-883e-3a69bc848b33,Daniel Matthews,benitezchristina@example.net,cancellation_fee,-147.29,USD,Card,Visa,SUCCESS,2026-06-15T15:36:35.382719+00:00
1ac66d4d-68c8-4e2c-9b33-ac0fb9cb60de,e10f060e-331a-45ea-8c44-bb05cb6ce013,Christopher Brown,barrerakelsey@example.net,refund,-83.12,USD,Cash,,SUCCESS,2026-06-15T15:36:58.688074+00:00
43b9f5a6-29c0-44ef-9b08-65e447e9669f,03995d7f-54b1-4c44-a4a0-98e3f1b852e0,Sarah Wolfe,tracey64@example.net,cancellation_fee,-38.77,USD,Wallet,,SUCCESS,2026-06-15T15:50:05.373723+00:00
e9fffb78-a432-4f93-b90d-21343ca4f6fd,af214fd9-77df-465c-9f91-40561d923c20,James Reed,joshua40@example.com,cancellation_fee,-129.22,USD,Cash,,SUCCESS,2026-06-15T15:55:21.778110+00:00
58539fdf-c435-4b7a-8ee2-737e33ce9432,bd80374d-d0b0-4304-aa0a-aa9f531bc7ef,Christina Morgan,pam85@example.net,cancellation_fee,-84.46,USD,Wallet,,SUCCESS,2026-06-15T16:57:18.546445+00:00
1ac592f0-5cef-47a5-9214-1761bf582072,7acb9262-fd78-48a6-9b75-20bedeb55a90,Stacey Rivas,thall@example.org,cancellation_fee,-14.33,USD,Wallet,,SUCCESS,2026-06-15T16:58:23.845599+00:00
24bf195c-38d7-41ac-848c-7f3d30dd50c2,713c0878-5869-4feb-80b1-4dfa5ff47496,Alan Harding,crystal58@example.com,cancellation_fee,-63.91,USD,Wallet,,SUCCESS,2026-06-15T18:31:12.954295+00:00
e08e170e-d610-4335-8dd0-4d74b7e7135f,6d8cbbdf-658b-475e-8325-4a70a538971d,Mrs. Rachel Le MD,jacobsthomas@example.com,refund,-130.73,USD,Wallet,,SUCCESS,2026-06-15T20:52:26.380126+00:00
a9fc3f93-a430-4083-a668-f5dcd207aec7,4be4701d-6193-4c21-b6c8-235d8089341c,Hannah Smith,collinsnancy@example.org,tip,80.78,USD,Card,Amex,SUCCESS,2026-06-15T21:07:05.152907+00:00
ae0a8443-2265-4a8a-8c0b-bb1e86cd7a99,68a9b712-e255-45eb-a77e-13a12c2a2c62,Billy Elliott,elizabeth26@example.com,cancellation_fee,-47.41,USD,Wallet,,SUCCESS,2026-06-15T22:34:20.626126+00:00
24851c40-0014-4076-be0b-c928c728a732,f93eae07-2e06-4c6e-9d12-684d263af873,Ernest Kemp,howardmeagan@example.net,cancellation_fee,-20.45,USD,Wallet,,SUCCESS,2026-06-16T02:15:26.228263+00:00
eeb5299e-1e3b-42bb-aec8-bb4b69dfdd62,7679c031-3903-439b-8926-230b25dd385d,David Velasquez,james23@example.net,cancellation_fee,-103.84,USD,Card,Discover,SUCCESS,2026-06-16T02:51:42.028526+00:00
dbdb274c-d4bb-461d-974f-feae9fd0b12b,9259316a-4154-47b7-a6bd-5a6c8f96ab0c,Anthony Evans,orobinson@example.com,cancellation_fee,-41.37,USD,Wallet,,SUCCESS,2026-06-16T03:28:47.913492+00:00
93861dfc-3f7a-41d3-a639-9c29139e9f86,2c92ae04-8ce0-4249-a0c5-932eee788caf,Kenneth Carr,kyleburke@example.org,tip,130.67,USD,Card,Mastercard,SUCCESS,2026-06-16T03:47:59.710018+00:00
950e199c-93e2-4199-8f5e-b0f4c36f56b1,87f65f3c-7bee-4ba3-8442-fc0b9820a965,Dr. Toni Chaney,kelsey98@example.com,refund,-119.91,USD,Wallet,,SUCCESS,2026-06-16T04:36:09.714980+00:00
eb1544a5-f81c-4397-8feb-9a5a0a67243c,d7f10d69-833a-416e-b5bf-9a22a2e2d5fa,Brian Crawford,jessica12@example.com,refund,-141.03,USD,Card,Amex,SUCCESS,2026-06-16T05:34:53.809318+00:00
357d246c-5bcb-48e4-87aa-c4da13338c26,9ecebbcf-989a-4b23-b008-961ea58d7f7b,Stephen Hernandez,kevinfrye@example.com,cancellation_fee,-167.83,USD,Cash,,SUCCESS,2026-06-16T06:37:17.273319+00:00
5f85fcad-550c-4e10-a66c-4a67223f0504,a49b1850-babc-424a-aa74-cd50db7c550c,Virginia Carroll,anichols@example.org,refund,-93.72,USD,Card,Mastercard,SUCCESS,2026-06-16T07:30:20.366158+00:00
4e5774a6-e88a-40f2-a52f-675188c85cec,7cbd8199-7362-46d5-a791-352735178431,Marie Wells,olsonjustin@example.net,ride_payment,123.0,USD,Cash,,SUCCESS,2026-06-16T09:09:56.174091+00:00
f912c727-6dfd-4822-90bd-6d3af3d27e3b,d44e8d64-d446-4d19-82fb-d5b9b43cf66b,Morgan Ward,john87@example.net,refund,-14.8,USD,Wallet,,SUCCESS,2026-06-16T11:38:43.983216+00:00
430cfa77-738e-4cb8-8ff4-305ea445d87a,7807806f-7890-4595-abef-cf68f3de025b,Dustin Smith,taylormiller@example.com,cancellation_fee,-77.42,USD,Card,Amex,FAILED,2026-06-16T13:42:55.900028+00:00
d1c67f67-c1ee-47ef-88cf-475dadd9b6a6,0e907f47-612b-4eaa-888e-d3c8f255ddde,John Clark,allisonrebekah@example.com,ride_payment,119.48,USD,Wallet,,SUCCESS,2026-06-16T14:12:29.303953+00:00
e597a2fa-4939-4c6e-a66b-7671a5a790aa,ce6c6e4b-294c-49df-9dc6-b907c6959559,David Wise,acalhoun@example.com,refund,-52.04,USD,Card,Mastercard,SUCCESS,2026-06-16T15:55:54.093155+00:00
abcadd5a-7053-4fbb-b3d6-34e428f51378,fc2164e4-dcf9-4de2-8feb-4f5bc34c4130,Julie Knight,dhart@example.net,refund,-149.31,USD,Cash,,SUCCESS,2026-06-16T16:08:47.761738+00:00
db8a102a-3e83-40a9-b5f0-4d1bda3ef755,23a5540d-d4bd-4d61-8ba2-5baa2425ee01,John Miller,shirley17@example.com,refund,-76.83,USD,Cash,,SUCCESS,2026-06-16T16:09:41.733872+00:00
63311884-063a-46d1-a8b8-dde2f18c5c84,7e79b092-89f0-49d5-94bf-2e3b94a73d4b,Mark Moore,jeffrey92@example.com,ride_payment,146.81,USD,Card,Mastercard,SUCCESS,2026-06-16T22:05:38.190010+00:00
b4e9472b-4975-47d5-96e4-b186adeedf0e,c9b09716-0586-41f2-bf32-8fbd41f69c82,Tracey Willis,cestrada@example.net,cancellation_fee,-50.47,USD,Cash,,SUCCESS,2026-06-16T22:43:14.688790+00:00
e6aabd7b-6067-432b-ad1b-4000b4a623eb,5e2b7c69-a0bc-44f1-ad29-2dbc973fbe32,David Luna,elizabeth15@example.org,ride_payment,4.22,USD,Cash,,REFUNDED,2026-06-16T22:47:32.367562+00:00
41762f71-716c-483c-9521-e00b9bba38ce,eba57227-754a-4621-8520-e95453abf5a5,Matthew Bell,tashley@example.org,tip,138.16,USD,Card,Visa,SUCCESS,2026-06-16T23:32:19.968168+00:00
03f1e252-1285-463e-8228-3b220199be70,b916f231-885f-4dcb-b124-8fd5c3291670,James Dudley,waltermarcus@example.com,tip,158.75,USD,Card,Visa,SUCCESS,2026-06-17T02:39:46.796887+00:00
a83df189-a141-4f9d-bd0c-d2de60f33879,24e90ec4-2b6b-4369-a62a-845048404cbd,Alexandra Roberts,edward74@example.com,tip,70.11,USD,Card,Discover,SUCCESS,2026-06-17T03:56:54.374336+00:00
f25ab42a-ba0e-485a-8f2f-ca7d5067ba5e,26777b3a-2236-4eeb-9112-b1a21a4902be,Andrew Butler,vzavala@example.net,refund,-78.79,USD,Card,Mastercard,SUCCESS,2026-06-17T04:01:33.399800+00:00
50e8d7fc-8f14-4745-9a1e-fbd63aec1bb8,c1d5b81a-0a57-42f8-9ef7-0c640c13288e,Warren Hayes,qstanton@example.org,tip,113.49,USD,Cash,,SUCCESS,2026-06-17T04:25:30.257119+00:00
3951d023-8b0b-43c8-8ab2-4f15fb34bbb0,edfe17ab-1b87-46fb-9875-c3922ae7119b,Diana Stanley,stephanie70@example.org,refund,-164.68,USD,Card,Amex,REFUNDED,2026-06-17T06:58:14.697262+00:00
c77a83f7-a9a2-4410-bbbe-3dd91e057a4f,d09838d8-4489-43ff-8e69-51a410b8b839,Eric Brown,mariemedina@example.com,ride_payment,139.08,USD,Cash,,SUCCESS,2026-06-17T09:26:06.403411+00:00
5f6c4a11-15d8-4cf6-862b-db0aaa0750f2,f0a0c905-d64b-4c1e-ba99-d65049b9ad3e,Michelle Torres PhD,jeffreyrollins@example.net,cancellation_fee,-115.54,USD,Card,Mastercard,SUCCESS,2026-06-17T09:31:29.741814+00:00
74999124-e2d1-41c0-8ca2-af5c6743c6f5,cc02e26d-13c4-4726-b839-bf44e25c0128,Jessica Patton,bryanmontgomery@example.org,ride_payment,100.84,USD,Card,Amex,SUCCESS,2026-06-17T10:22:23.392797+00:00
9ac3a000-3f5d-476c-add4-aed558067af6,2d369425-0fe2-4656-b411-4e6071adc2ea,Sandra Hogan,amanda01@example.com,ride_payment,66.54,USD,Card,Visa,SUCCESS,2026-06-17T11:34:46.184877+00:00
69b20f8d-6605-48fe-bca4-e266729c31cd,c68e1780-1c3c-4361-84bf-830f393d4e27,Cynthia Castro,dana42@example.com,cancellation_fee,-24.56,USD,Cash,,SUCCESS,2026-06-17T16:23:30.084758+00:00
d365eabb-52ff-46af-9230-25485f159929,6a2e3502-ca86-4fba-a5b0-64ec5dc292ba,Tammy Boone,seanstephens@example.com,tip,99.9,USD,Cash,,SUCCESS,2026-06-17T22:09:48.559054+00:00
8a067da2-6a9b-48a0-8fbf-93f15fddb7b3,e83029fa-26bf-4ecc-8c04-a94f4559ac00,Emma Garcia,ericpennington@example.org,ride_payment,85.82,USD,Wallet,,SUCCESS,2026-06-17T22:18:39.569435+00:00
37a0e38d-51d7-4596-bd29-5f8a6a3d54a3,36e361ff-90cc-4532-8bdb-29fc3416f4c8,Keith Shelton,garzaandrea@example.net,ride_payment,143.36,USD,Card,Amex,SUCCESS,2026-06-17T22:43:18.893223+00:00
e25ae811-11cb-49d3-8bec-882659c558f5,27707ded-0888-490f-919c-9f6a70f1a2c3,Karen Jones,kenneth20@example.org,ride_payment,15.14,USD,Card,Mastercard,SUCCESS,2026-06-17T23:49:49.546874+00:00
24a2163b-12ed-4753-8e9d-c0b9461b2708,12ce9b18-3e0d-460e-8384-b27c2643afcd,Brianna Wilson,hector62@example.com,cancellation_fee,-97.76,USD,Card,Mastercard,SUCCESS,2026-06-18T00:33:20.994346+00:00
4310089d-c5d7-4cb2-88d6-da2c77346bd7,6768465a-50db-4762-9dfa-a0a7996d6aaa,Mark Young,bassjeremy@example.com,tip,98.0,USD,Wallet,,SUCCESS,2026-06-18T00:46:04.854355+00:00
941b230e-a694-4989-a356-f91d4db7754e,5c5802ed-9980-4c74-b600-70d74c739234,Dr. Patrick Hayes,eric24@example.com,ride_payment,98.67,USD,Cash,,SUCCESS,2026-06-18T01:09:35.246589+00:00
3611fb01-52a0-4439-baba-19b44f4b789b,601fb09b-a1ba-472f-b865-10808754f77c,Taylor Martinez,joseph36@example.com,ride_payment,23.37,USD,Card,Mastercard,SUCCESS,2026-06-18T01:56:33.048666+00:00
c990096d-e634-4afc-9d1d-f26230b60eff,2a168eb0-a55c-480b-8fd7-9c5062fb2773,Jeffrey Wright,leonard82@example.net,tip,141.3,USD,Cash,,PENDING,2026-06-18T02:31:42.944309+00:00
2690ba6a-cef5-4667-86b8-7455e692ed35,98787a30-ff47-45d1-a345-c3292d54d83b,Jessica Hunt,fjones@example.com,tip,28.82,USD,Wallet,,SUCCESS,2026-06-18T04:05:26.171141+00:00
d50a852c-a3ad-4c94-b348-b62ea363daf0,ef108dd5-d53f-4f84-9c05-54dbaf6fbdbd,Maureen Hill,megan44@example.net,tip,160.79,USD,Cash,,SUCCESS,2026-06-18T07:23:55.443299+00:00
4c7b6361-6511-46aa-bd20-bfd4ba0bb3c3,37c4e8b4-5a5b-4bf0-ada0-f970c076c083,Mr. Angel Hester,nataliepearson@example.org,refund,-89.16,USD,Wallet,,SUCCESS,2026-06-18T08:11:23.991201+00:00
3e2161b4-3059-4541-8477-6ff7cef239a7,3c0b4b7e-120a-4319-946c-b257b31a691c,Ronald George,mwilcox@example.net,ride_payment,42.52,USD,Cash,,SUCCESS,2026-06-18T10:19:52.913721+00:00
b45185cd-dd8c-4bbf-957a-becccd6f697d,a608b2c2-faa9-460f-8a05-177ac774d62f,Nathan George,andrewalvarez@example.net,cancellation_fee,-22.86,USD,Wallet,,SUCCESS,2026-06-18T10:33:57.942385+00:00
8018add2-8384-479e-84ab-17fdb90b6009,1b111b24-2909-4479-aa6e-7e014e32e1fe,Heidi Lawrence,jason09@example.org,cancellation_fee,-126.08,USD,Wallet,,SUCCESS,2026-06-18T12:45:55.570926+00:00
114044c5-2c97-4a49-a9bd-f907381a0571,becd7fc8-30e0-4e23-b3da-bc7f2342921c,Eric Massey,breannaponce@example.org,refund,-61.5,USD,Cash,,SUCCESS,2026-06-18T13:25:34.440402+00:00
87f0009d-e1e9-40d7-b0ab-fb5ca360efb8,8bc9a06e-71c3-439c-b76a-b66a113bddd6,Dominique Ware,parkermatthew@example.org,tip,176.49,USD,Wallet,,SUCCESS,2026-06-18T16:08:14.385332+00:00
42babd76-c227-4e2b-847d-9704691bb228,f0c2ab8f-3c2b-4def-b750-22e70a607622,Jaclyn Wilson,wmason@example.com,refund,-122.35,USD,Card,Visa,SUCCESS,2026-06-18T16:39:38.756876+00:00
ab5251f5-2aa7-4ef9-8c14-901baa85ffe6,31ac27e0-9cb5-4d6a-8f3d-018ce94292ef,Thomas Watson,smiththomas@example.com,refund,-67.37,USD,Cash,,SUCCESS,2026-06-18T17:26:07.448052+00:00
3a3f5e25-6b16-4b45-bb41-b16335428611,4dd2016e-192e-4516-89e3-1cfb6dc4c298,Jacqueline Moore,katherinemckinney@example.org,refund,-116.51,USD,Wallet,,SUCCESS,2026-06-18T17:46:40.168374+00:00
dcc7407b-bbe4-45dd-9bfc-91a08a196ef7,9607f471-7856-40ba-bc71-c982111cbc53,Elizabeth Nguyen,aherring@example.org,tip,67.39,USD,Cash,,SUCCESS,2026-06-18T19:05:01.295711+00:00
3e68337b-c9c0-4d42-b8df-6e5b0b74b83c,18b54df7-dd85-4409-af84-b52e07ca2c9b,Marvin Barry,bkim@example.net,refund,-76.43,USD,Cash,,SUCCESS,2026-06-18T19:15:43.990800+00:00
f44610b2-e167-4baf-8b20-758e652ce166,1f7b63f6-30a0-436c-b144-00d2aa9a0546,George Guzman,james03@example.org,tip,142.32,USD,Cash,,SUCCESS,2026-06-18T19:42:38.323912+00:00
b56005a6-c65d-4ec5-a5e3-be9db074a61e,925bc3e7-28be-4878-b9d8-c4bfc1f7de0f,Alicia Oconnor,brendanlee@example.org,tip,138.68,USD,Cash,,SUCCESS,2026-06-18T20:14:40.661668+00:00
350e2968-b399-4649-9b54-0b17fdd9009c,8f9da2ce-e197-483b-9562-1c1c30e0b903,Marcus Brooks,kimberlyhopkins@example.com,ride_payment,144.67,USD,Card,Visa,SUCCESS,2026-06-18T20:45:57.755198+00:00
3a8108d1-95bf-4b2b-8bde-9847abc8b1c4,dcd3c860-5db8-485e-a756-6dc46aef0e4d,Julie Porter,kelseyhamilton@example.net,refund,-177.39,USD,Card,Amex,SUCCESS,2026-06-18T20:54:49.851802+00:00
71c0f4f6-7c42-431d-8c61-35ac7db43fd9,d449bb5d-936c-44c5-bc00-eb7b9643ae3b,Donald Ellis,ivalentine@example.org,refund,-146.11,USD,Cash,,SUCCESS,2026-06-18T22:10:06.926856+00:00
e5426439-be15-4109-b786-723729244a57,40cc0b51-0484-4089-b8f5-75aa672df623,Steve Chen,vroberts@example.net,cancellation_fee,-59.79,USD,Card,Discover,SUCCESS,2026-06-18T23:19:54.285417+00:00
800e2338-efb6-4b3d-886b-d053f177ca12,3110746f-7249-41fe-b6aa-e35911d70014,Christine Moore,sball@example.net,cancellation_fee,-135.13,USD,Wallet,,REFUNDED,2026-06-19T00:01:02.104308+00:00
711fcb10-c2b2-4474-b933-21aa0d3663ce,9383c147-8ec4-489a-931b-3b22e4ec874e,John Kim,maciaswilliam@example.com,ride_payment,95.36,USD,Card,Discover,SUCCESS,2026-06-19T01:13:35.948964+00:00
b6abfd34-62e4-4d9d-852d-6bb55f976340,f73b0895-232f-4a83-9c3b-f432312878bf,Mary Mills,timothyhuffman@example.net,cancellation_fee,-55.73,USD,Card,Visa,SUCCESS,2026-06-19T01:13:54.399826+00:00
fce8dce7-c16a-4683-ae49-b2418e8898fb,8679b0ce-6bae-4c56-8b67-7a273b5af5fc,Mrs. Melanie Henderson MD,kcampos@example.net,ride_payment,131.95,USD,Cash,,SUCCESS,2026-06-19T02:06:59.782925+00:00
8cac8c9e-710f-448e-9e47-adbfec832a68,4b18a271-a7fa-442e-9ac7-fc26c7cc0e3d,Monica Wilkerson,yolanda13@example.net,ride_payment,169.18,USD,Cash,,SUCCESS,2026-06-19T03:28:41.691068+00:00
114f5315-ce58-4bf4-8aa2-1caa011ee2b2,96f6736d-365d-4b11-acb6-cef1ec7c8667,Scott Davis,heather60@example.org,cancellation_fee,-152.72,USD,Card,Mastercard,SUCCESS,2026-06-19T03:36:52.629936+00:00
1ad4d476-bdcd-486f-bf0d-c32c6bc38912,046f17d6-a2ab-4fff-87e3-6b9fccd3a73f,Joseph Benjamin,webermegan@example.net,refund,-169.5,USD,Cash,,SUCCESS,2026-06-19T04:16:36.414164+00:00
dff12ab0-cc3f-472a-b4d5-2f851ac47c7e,b460f825-d801-48e8-a3a4-0f100068abe0,Elizabeth Norris,ijones@example.net,ride_payment,14.95,USD,Card,Mastercard,FAILED,2026-06-19T04:18:52.883316+00:00
b83c977e-1d96-440d-aa88-72818b30fb22,05f100a5-a1b2-491a-a6fe-cb20cfaa94f4,Claudia Carlson,david81@example.com,refund,-36.51,USD,Wallet,,SUCCESS,2026-06-19T04:50:15.177712+00:00
31485e08-6912-4fd1-ab22-2284706673f4,5abb829e-2bfd-4093-b7ec-23bf838a69e4,Katherine Richmond,dmckenzie@example.net,ride_payment,137.03,USD,Wallet,,SUCCESS,2026-06-19T04:52:07.579679+00:00
51c5da09-d74e-47bb-ab13-c1c3e26f45e1,15248596-ec0f-47e1-9766-df2432f751ac,Ebony James,aguilarjerry@example.com,ride_payment,21.85,USD,Card,Discover,SUCCESS,2026-06-19T11:36:10.032679+00:00
d7226905-703d-48ea-93f5-ca63540e1769,38f726b3-6f2e-4b46-b03b-2b4d33a40998,Maria Mendez,zlawson@example.org,refund,-95.76,USD,Card,Amex,SUCCESS,2026-06-19T13:31:32.431540+00:00
2969bc4e-f8f7-48f0-b278-e2e1203da2df,95507d85-134f-4ff0-b46e-ab9cafcf2780,Jeffery Phillips,mle@example.net,ride_payment,36.97,USD,Wallet,,SUCCESS,2026-06-19T13:41:46.932390+00:00
552a618f-d615-4b11-8473-385e10ca49fb,333416ef-78b5-456e-ab1e-7a0612d3add5,Brian Buck,scottkimberly@example.org,ride_payment,48.81,USD,Card,Amex,SUCCESS,2026-06-19T13:57:04.901899+00:00
9871ac43-ef34-47d4-be49-73c4f630d50c,582f286f-9bd4-4c68-842f-d309d5bbda4a,Holly Juarez,jenniferreyes@example.org,tip,54.65,USD,Card,Mastercard,SUCCESS,2026-06-19T16:08:43.423991+00:00
6a8f957b-dff8-42b8-925a-936e62c192a9,b4e0db2c-4e92-4402-9dac-9c0a4e0add54,Patricia Smith,istephens@example.org,ride_payment,111.7,USD,Wallet,,SUCCESS,2026-06-19T19:30:32.573510+00:00
cd1b31fe-bb3c-437a-9a06-bc4f9b61e41c,dfb3cab9-4888-4eb2-8423-d0afa8856301,Barbara Miller,brian20@example.net,cancellation_fee,-13.85,USD,Wallet,,SUCCESS,2026-06-19T20:54:48.788312+00:00
31c13d47-218f-4119-adab-ad2149f2781d,71587724-ea9d-4a2d-ab0a-bb4766fbf986,Grace Wong,paul70@example.org,refund,-132.07,USD,Card,Amex,SUCCESS,2026-06-19T22:23:40.834506+00:00
0f07e49a-d579-4d9b-ad95-36c035250cc0,77961600-05c4-4cf0-ae79-964f851280bc,John Fernandez,brian74@example.net,tip,126.62,USD,Cash,,SUCCESS,2026-06-20T00:50:02.484852+00:00
573c8220-d70d-4be0-9559-74c0682fd709,3e998891-7be9-4ce9-bdd4-a14ebe08db80,Brandon Carlson,gina62@example.org,ride_payment,19.49,USD,Wallet,,PENDING,2026-06-20T01:38:41.428940+00:00
31ca6a5f-aa92-4637-80b4-a8f5691805fb,1854a764-ea3d-49a4-ba17-84ec1c0a5443,Theresa Larson,lozanojoshua@example.org,tip,171.96,USD,Cash,,SUCCESS,2026-06-20T02:13:08.784621+00:00
51892606-03ed-4de5-bcaf-5e8eeaf2a497,970df20f-7725-4325-b6a5-abf5d75fc621,Alexis Wall,mark22@example.org,tip,85.09,USD,Card,Amex,SUCCESS,2026-06-20T02:20:12.061590+00:00
40242b57-9739-4f56-a11e-2adae744b448,8087a7ef-a868-40bf-954a-af86a84ea8f9,Larry Dillon,melissa37@example.net,cancellation_fee,-26.3,USD,Card,Visa,SUCCESS,2026-06-20T02:20:22.165556+00:00
d8668dc8-4262-445c-9ee0-5a89f14f2e41,c1e9db9c-48d1-4512-8ad5-6c4598013188,Cheyenne Alexander,penascott@example.com,cancellation_fee,-128.04,USD,Card,Discover,SUCCESS,2026-06-20T02:25:40.272845+00:00
29dda6ff-f7a7-47d4-ad9b-6dc8a2eb018f,9c91def8-c8b0-41d4-bf0f-5c9539af8936,John Anderson,nancy38@example.com,cancellation_fee,-114.2,USD,Wallet,,SUCCESS,2026-06-20T02:40:44.635209+00:00
cfab3e46-2b19-4475-9f71-b266c05aa3d8,d5f71ba9-883c-4c9f-b0f3-47703c5280f6,Jackson Brown,smartin@example.net,cancellation_fee,-40.51,USD,Wallet,,SUCCESS,2026-06-20T04:32:11.312042+00:00
2494880b-34f4-4a48-bf2f-054151baefd5,ca5b004d-9361-4c15-a957-198c5b457b9d,Steven Garza,angela23@example.net,tip,174.56,USD,Card,Amex,SUCCESS,2026-06-20T05:37:36.442743+00:00
b68ec2f3-3ac6-4604-8bc7-6cd71bbf7b78,a244acd0-e2d8-4648-8143-5181d5371f43,Mathew Hutchinson,pamela06@example.com,tip,52.2,USD,Cash,,SUCCESS,2026-06-20T06:08:33.380018+00:00
60f47764-084f-4010-96e3-181b4cd8f00d,4d7d03ef-d6e3-4101-aaa4-7a56049515bc,James Todd,rodriguezdaniel@example.com,tip,125.43,USD,Wallet,,SUCCESS,2026-06-20T07:54:25.692822+00:00
719ac0be-dca8-4e08-8799-5ca461a7985b,ffa34711-6b33-4431-b28e-b6100adb3f78,Maria House,susanmercer@example.org,tip,21.31,USD,Card,Mastercard,SUCCESS,2026-06-20T07:54:59.138814+00:00
bbe97388-9f3d-407f-8746-f34cf0dd5202,c983d2e6-5269-466c-bc01-0d7f9639955a,Emily Garrett,blakehunter@example.net,cancellation_fee,-34.82,USD,Wallet,,SUCCESS,2026-06-20T11:49:46.677498+00:00
8c41ff9e-7771-4282-a40e-fa1bdadfe4e8,503817a0-881b-4ea4-b55b-d0d7e2eac772,Erin Cooper,scarrillo@example.net,ride_payment,179.58,USD,Cash,,SUCCESS,2026-06-20T12:01:53.720447+00:00
524ac9aa-1b53-4f88-b174-5bd448b63595,3de452c6-7ac4-4216-b779-ddaccccbfa90,Joseph Rogers,scooper@example.org,tip,105.48,USD,Card,Discover,SUCCESS,2026-06-20T13:30:59.338401+00:00
1aea73fc-4f4f-474c-8ba5-91b22db190e5,3fc118e9-b3ec-4627-8da7-206f8930435a,James Johnson,olee@example.org,ride_payment,110.91,USD,Cash,,SUCCESS,2026-06-20T14:17:15.023743+00:00
f61c4479-4eb0-483f-b644-4cfad7545c50,aacd78bc-c8c2-48c1-9497-bb948921c2df,Pamela Stone,michelewalker@example.com,ride_payment,109.29,USD,Cash,,SUCCESS,2026-06-20T16:13:22.304047+00:00
e0881127-8834-4a0c-988e-b5c9afc7887d,0fb3b196-68d0-47b8-960b-c4f72b61b8bf,Amanda Greene,beckthomas@example.org,ride_payment,178.24,USD,Cash,,SUCCESS,2026-06-20T16:16:26.295037+00:00
fa192d75-e6fa-4779-94d5-b0c37d3e1033,d465c5c3-c08f-4c4c-ab00-69900c7f58f6,Jason Meadows,garzawendy@example.net,refund,-100.48,USD,Wallet,,SUCCESS,2026-06-20T18:53:11.677723+00:00
4d695002-be30-48a7-8cff-47bf774631c2,495e81a5-f4cd-4902-8986-b46e68c65a35,Troy Bowen,lrivera@example.com,cancellation_fee,-69.5,USD,Wallet,,SUCCESS,2026-06-20T20:08:53.006700+00:00
39baba14-52ae-48c0-97b7-5b7b71c2c6be,68e4a242-4355-465e-8064-fab79786c7cd,Ethan Duran,xgreen@example.org,cancellation_fee,-171.93,USD,Card,Visa,SUCCESS,2026-06-20T20:30:49.746738+00:00
8b71a2cc-cc0e-4e05-b451-44f6f8cd50af,44535a28-c5c1-4bd9-a525-f8b1628632ab,Michael Martin,moralessheila@example.org,tip,117.91,USD,Card,Discover,SUCCESS,2026-06-20T20:47:26.773532+00:00
aece8f1b-17b7-4d93-b57c-217edf8ed4d2,17ef1998-864c-4a3e-8456-fc324e305ddd,Kevin Jackson,william93@example.net,ride_payment,84.1,USD,Card,Amex,FAILED,2026-06-20T20:50:37.365909+00:00
8294e38b-fb0b-418a-a513-4b2a56dccd48,c76843f5-bcb1-458d-be20-646d4c6fb8cb,Mary Mcguire,bryanrich@example.com,cancellation_fee,-50.63,USD,Card,Amex,SUCCESS,2026-06-20T21:11:59.030188+00:00
5b1dadeb-947c-4651-8b1f-ea64d4f35213,b31ed784-b220-4311-a1c5-aa43a096c761,Carl Turner,jjordan@example.net,refund,-178.75,USD,Cash,,SUCCESS,2026-06-20T21:53:04.497520+00:00
515a072a-555a-4f05-a91e-5acc90189e85,a89d7627-9215-4a38-afa7-e76b63ada571,Ms. Angela Franklin,higginsbonnie@example.com,tip,81.25,USD,Card,Mastercard,SUCCESS,2026-06-20T22:53:43.138936+00:00
1a9fd5d4-acc7-4b55-af1c-f7c986f8eee2,48447f22-bb23-4200-9edb-b2c378e193cc,Melissa Chavez,eric19@example.net,refund,-145.4,USD,Cash,,SUCCESS,2026-06-20T23:24:11.390195+00:00
b5a240f1-b02a-42d2-9da1-9569de31ced6,aa269249-330b-422d-ab40-84704dff9661,Stephanie Haynes,reneerobinson@example.org,cancellation_fee,-93.17,USD,Card,Discover,SUCCESS,2026-06-21T01:05:55.378318+00:00
fbc33d88-e24a-4b4e-90f6-317c7d37075c,6e0d4695-8f69-4671-b59d-47468a083737,Jeffrey Maddox,mary17@example.net,tip,162.55,USD,Card,Visa,SUCCESS,2026-06-21T01:24:18.010216+00:00
db16d723-a273-4758-b493-a6f79a872cc3,2ab46a5c-4ca3-4d67-94ee-cc43576e1757,Joshua Montoya,amyfowler@example.org,ride_payment,127.13,USD,Cash,,SUCCESS,2026-06-21T01:33:46.766893+00:00
667fd5c9-4159-48d8-acf1-1951c28d8a04,320ac9c2-e38d-41da-8895-6e59fbd95638,Jason Chan,hollybrown@example.org,tip,121.72,USD,Cash,,FAILED,2026-06-21T02:12:37.223307+00:00
8117cd24-69f6-40e6-bf42-7ab4a8d5de86,231afb5e-481d-43a9-9dcb-39c15ec9d141,Ashley Jimenez,rsmith@example.net,refund,-110.69,USD,Wallet,,PENDING,2026-06-21T03:44:41.172591+00:00
035bb594-4a90-4466-b6b2-b75cbb6bf50f,3d97b03b-5699-4c1c-99d4-f05c2ee3be1b,Melanie Golden,smithmarcus@example.com,cancellation_fee,-50.99,USD,Wallet,,SUCCESS,2026-06-21T06:18:50.286552+00:00
bed8a54a-f22a-47f3-b54c-81afe0597d77,50b927cc-575c-481c-9826-5a114f974b04,Denise Rodriguez,laurie00@example.com,tip,155.87,USD,Wallet,,SUCCESS,2026-06-21T07:13:35.267227+00:00
174eb5f7-fb76-4b75-99ca-d08fde14f9b9,e5782173-899b-4415-89bc-76d677d40804,James Huffman,markwilliams@example.net,tip,62.94,USD,Cash,,REFUNDED,2026-06-21T08:45:35.907210+00:00
64b2efcc-6f13-4f3f-8a45-1ce04f855a6e,51b08c74-ce18-4ceb-b37b-952b60d6064f,Amber Lee,ldaniels@example.org,refund,-169.19,USD,Card,Mastercard,SUCCESS,2026-06-21T08:56:34.975438+00:00
e989a5e7-19d4-4602-9f1d-39f8a8e26388,e134a40b-5eb1-4cbe-9d95-3e9414934d03,Jasmine Jimenez,fbernard@example.com,refund,-133.62,USD,Cash,,SUCCESS,2026-06-21T11:06:08.032359+00:00
e357e324-7753-456e-95c0-f09229f791ec,39413bd9-6923-49f3-81ef-d878171974af,Richard Robinson,lynnjohnson@example.net,tip,88.83,USD,Card,Mastercard,SUCCESS,2026-06-21T12:40:35.535463+00:00
90433212-d9da-4738-bb3d-72e1301183af,a5aa2855-d162-4241-a09d-10965d9997a7,Michael Conner,samuelwright@example.com,cancellation_fee,-14.1,USD,Wallet,,SUCCESS,2026-06-21T12:52:27.703358+00:00
2e944fb7-83d9-483a-810d-aabbfe90d6c7,9d81882a-4aa2-4c83-bec7-1e9f908ee719,Christina Smith,matthewjackson@example.net,refund,-5.62,USD,Cash,,SUCCESS,2026-06-21T14:23:36.262824+00:00
acf2ae05-6efd-4465-ad61-c1a48d452a55,b539ac8b-41fe-4d47-9c02-8c2798b62750,Damon Petty,stacy71@example.org,refund,-154.43,USD,Cash,,SUCCESS,2026-06-21T14:32:18.101273+00:00
8c0b6a00-321d-4133-b4e1-f5c36e568989,4f38c863-766a-4485-8aa4-e9682fc5411b,Suzanne Jackson MD,alexis95@example.org,cancellation_fee,-26.23,USD,Wallet,,SUCCESS,2026-06-21T16:59:34.673273+00:00
4ad9f876-b3c7-45f0-a0a4-cb65ba0dc251,e64a8214-da37-417b-b11f-507f1d18be3d,Mary Morrow,vickie74@example.org,cancellation_fee,-19.13,USD,Card,Amex,SUCCESS,2026-06-21T17:05:30.652837+00:00
3dcd97f9-0e79-400c-9d3a-c49371e244e1,72d17288-2d0a-416e-a22d-a62bf54ae8a3,Felicia Powell,michaelparker@example.com,cancellation_fee,-176.82,USD,Wallet,,SUCCESS,2026-06-21T17:45:38.555838+00:00
4ba29643-98b3-49d6-90fb-c7b959e0bbfc,9aab5dab-20c4-4c24-b884-9186abe9180b,Jason Jones,codypierce@example.com,cancellation_fee,-104.69,USD,Wallet,,SUCCESS,2026-06-21T19:02:16.634315+00:00
b57ad83a-6283-4d32-833b-53bde4c2e855,c634b2fc-0fd1-4382-94b1-702dae9cf994,Matthew Young,christianshepherd@example.com,refund,-142.92,USD,Wallet,,SUCCESS,2026-06-21T19:28:26.885578+00:00
973f703a-89fe-4b41-b6d8-781fd7f583b4,0773a425-7ea0-4b11-bcc2-448dba643694,Joseph Taylor,ashleyharris@example.com,ride_payment,121.65,USD,Cash,,SUCCESS,2026-06-21T21:05:55.285866+00:00
8059142c-a871-4f51-8ab5-3a8bc9c313b4,fd4f6142-2a54-4754-a32a-940d6505a56b,Christopher Marshall,rrose@example.com,tip,56.64,USD,Cash,,SUCCESS,2026-06-21T23:08:07.081515+00:00
74dccf1b-7067-4ecc-977d-8d4f36ba6b0e,163d084b-c41e-4a10-9134-0c09137c618e,Anthony Daniel,christina08@example.org,cancellation_fee,-93.76,USD,Cash,,SUCCESS,2026-06-22T00:28:55.810088+00:00
8df5281b-06da-4d8c-bcba-0a4a4b9f5008,538e566a-597d-46f8-92c8-fcb2e4b029e7,Jeanne Martin,leekenneth@example.com,cancellation_fee,-95.11,USD,Wallet,,SUCCESS,2026-06-22T02:59:01.319415+00:00
4e082b79-6ddc-4f7b-ae4b-0fbac0130384,ad636e58-1d25-4093-bd63-82dc0106ed1c,Christopher Atkins,pruittelizabeth@example.org,refund,-27.92,USD,Card,Discover,SUCCESS,2026-06-22T07:02:39.923200+00:00
dc0ae10f-0ec9-4238-af13-b0e7e71ed4d9,64762f82-445a-4dd5-acce-8b7eb7896f4d,Caleb Thompson,sandra56@example.net,refund,-157.48,USD,Card,Discover,SUCCESS,2026-06-22T07:09:45.344224+00:00
9c72d045-9e57-4b76-a993-a1fef4cbed5f,44df73f9-8d30-49f8-a0f0-54619c2ddf17,Mario Clark,richard26@example.org,ride_payment,156.18,USD,Wallet,,SUCCESS,2026-06-22T08:01:48.302003+00:00
cec4eba9-d9e9-4d39-8b0a-41525cd171fa,f7b9b8fc-0cea-4d67-bb73-d69c6e3a2af5,Angela Lewis,colesarah@example.net,cancellation_fee,-61.98,USD,Card,Discover,SUCCESS,2026-06-22T08:21:01.203125+00:00
f28c1b10-d882-4752-b037-dfcac529dea1,2e5d78dd-0b46-40ad-8aac-346b4a6d5bcd,Stephanie Carr,anneforbes@example.com,ride_payment,21.79,USD,Cash,,SUCCESS,2026-06-22T09:34:49.587879+00:00
2fe19631-70d8-42e4-ad4c-c34f040e3606,95be1a55-d301-440a-b5b9-0076fa8c6448,Jason Powell,david13@example.net,cancellation_fee,-136.71,USD,Cash,,REFUNDED,2026-06-22T10:13:00.025892+00:00
9005bf35-7ffa-4aeb-9317-1e3178344cac,7748b04a-3fec-454d-a93c-40b3378fdd7e,Kim Santiago,rodriguezkara@example.net,cancellation_fee,-168.55,USD,Card,Visa,SUCCESS,2026-06-22T10:25:19.710647+00:00
d4cd3af9-df13-4f74-acb2-5c6caf88359c,8700672c-a26f-45bf-b582-b1a22ab18d9f,Teresa Smith,joycematthew@example.org,cancellation_fee,-34.25,USD,Cash,,SUCCESS,2026-06-22T10:41:34.321480+00:00
260230da-5590-459a-979a-e0998a169e7b,f83c509c-0871-46dd-86d0-9aabd4a3f922,Kirk Smith,donalddixon@example.net,tip,53.67,USD,Wallet,,SUCCESS,2026-06-22T11:16:48.086434+00:00
914b6df5-1d61-46e6-9705-d9e8ca29a8b9,67c2d839-ab43-4160-96e2-9d3ca9a094f9,Jesse Gordon,sparkstaylor@example.net,ride_payment,16.77,USD,Wallet,,SUCCESS,2026-06-22T12:37:20.309377+00:00
44124f42-7449-435c-9a56-62284fe718df,0929a166-e008-4476-bec9-6a7fa0e11ebe,Suzanne Davis,henrypamela@example.org,cancellation_fee,-117.87,USD,Cash,,SUCCESS,2026-06-22T13:15:22.538445+00:00
d4307643-2127-465d-9308-59510a47ba48,2835fc8e-96e2-4a3d-bf1b-7b03c6c2eac5,Dustin Petersen,james94@example.net,tip,169.63,USD,Wallet,,SUCCESS,2026-06-22T13:56:17.069890+00:00
3d6b694c-a62b-4d81-abc3-30409c3c2870,6db64c0d-21dc-4867-8fb9-84e9f87c20b1,Brittany Rodriguez,creid@example.org,cancellation_fee,-168.22,USD,Card,Discover,SUCCESS,2026-06-22T16:41:13.169783+00:00
22b1e997-4140-419b-bcbf-313111843bb7,2b6915c9-d5df-4b77-8aaf-c28a2a736a32,Brett Gutierrez,julia00@example.net,ride_payment,131.97,USD,Card,Discover,SUCCESS,2026-06-22T19:11:18.532808+00:00
ffab4048-c8eb-43b1-9dbf-d082331bef03,c42a395c-610b-4d44-8754-d22712e92690,Cameron Huerta,garciabrenda@example.com,refund,-101.12,USD,Cash,,REFUNDED,2026-06-22T20:53:05.703157+00:00
8efe7244-9196-4368-b0a5-b280fd14fa11,285ce255-b4b3-40be-a06c-7fa55bffb918,Kristina Flores,francischristian@example.net,tip,4.32,USD,Cash,,SUCCESS,2026-06-22T22:00:14.046739+00:00
b200d593-1e01-41a1-88dc-108ceb6f4c4f,62e7b1a4-ee8d-428a-ab7b-f20668291c97,Lisa Harris,williambuchanan@example.com,ride_payment,150.49,USD,Card,Mastercard,FAILED,2026-06-22T22:01:43.717032+00:00
417ddac1-9b11-4c4b-80ca-f655f6dcd20a,22533cc6-43f6-454e-aecb-94fcb05f6369,Thomas Zuniga,xmccall@example.com,cancellation_fee,-36.01,USD,Wallet,,PENDING,2026-06-22T23:36:48.736390+00:00
1c391ba1-9e09-49aa-a4eb-e9b82e6a89d9,1dea3e86-8bf8-4e0b-9215-ad6ea199cf87,Raymond Rodriguez,russell54@example.net,ride_payment,119.49,USD,Wallet,,SUCCESS,2026-06-22T23:47:39.154819+00:00
9bb0ff5a-ab05-4ac1-b89c-fc124185a1cd,822099f2-c3ba-46f6-a5e5-c4583f60eb7f,Mrs. Elizabeth Franco,rmcbride@example.net,ride_payment,124.41,USD,Card,Visa,SUCCESS,2026-06-22T23:52:59.301879+00:00
08e289d4-2716-4961-98b5-c4870934a2b9,db8f5cbd-37f6-4d90-a04c-ec589a01f7c1,Jordan Dean,kaylawright@example.com,cancellation_fee,-128.05,USD,Cash,,SUCCESS,2026-06-23T00:53:16.072287+00:00
46f7b2a8-2050-4ff5-ab48-c5834a3dacea,81529526-d745-4301-aafc-cfed43e68027,Olivia Russell,dominiquevaughan@example.com,ride_payment,129.48,USD,Card,Visa,SUCCESS,2026-06-23T01:29:39.001434+00:00
9c3aad47-871d-446e-95cc-b977015c7ceb,95904cd7-431e-4804-bc68-b1f025279c3d,Matthew Flynn,salazarmichael@example.org,refund,-112.56,USD,Wallet,,SUCCESS,2026-06-23T04:54:11.074121+00:00
969be655-8c37-4e4d-bd30-e5b9e31a3cc1,e4653bad-9756-4921-8a34-ff03ae36479b,Angel Costa,hallnathan@example.net,tip,19.36,USD,Cash,,SUCCESS,2026-06-23T07:34:47.567403+00:00
edbf06d4-edb8-4519-bd3e-63642f7a5b9c,ec62c5a1-e370-4886-b450-ade417615532,Tammy Peterson,mconley@example.com,ride_payment,15.16,USD,Cash,,SUCCESS,2026-06-23T11:24:48.629078+00:00
cfa366b7-3e63-4cee-bbd5-ed5fc27f4ddc,b96f6256-d732-4a35-a7db-619ff3e27987,Jennifer Phillips MD,shannon88@example.org,refund,-66.1,USD,Wallet,,SUCCESS,2026-06-23T12:00:22.967124+00:00
b553ae4f-59b4-442e-8fd2-b77875b04749,000df676-3ddc-4689-812c-9ade0f8658aa,Gerald White DVM,khanson@example.net,tip,60.09,USD,Wallet,,SUCCESS,2026-06-23T12:12:23.521280+00:00
fca4963a-5dd6-47cd-83e1-da4f55fe9ac7,3ff3d8db-2ea8-45e7-8348-3a87e808c9f7,Mary Oneill,clopez@example.com,refund,-39.63,USD,Wallet,,SUCCESS,2026-06-23T12:29:53.835404+00:00
b723d1ad-bd55-448a-92b1-d4e7d8547fa4,c78aa45e-6aca-473a-a523-8b60da2109f4,Rebecca Reid,dwalker@example.org,cancellation_fee,-114.13,USD,Wallet,,SUCCESS,2026-06-23T12:39:06.424167+00:00
4d06ecea-a70a-42e0-8e92-3d36e32c96a0,8649431d-6d2d-4b5d-b4f6-41dd0dd6614c,Aaron Smith,debra81@example.net,ride_payment,127.54,USD,Wallet,,REFUNDED,2026-06-23T13:28:11.974821+00:00
f986a17e-58d7-4d86-a39c-715d77ab2b84,a239d731-431b-4f80-a05b-46ce5ce600cc,Robert Adams,erinbright@example.com,tip,46.32,USD,Wallet,,SUCCESS,2026-06-23T16:34:50.512983+00:00
947e585c-37e6-4ada-884e-894bb86a6554,3d832e88-6a42-4baf-8a8b-bc80b8418e3a,Christopher Montgomery,melindashah@example.net,refund,-160.93,USD,Card,Visa,SUCCESS,2026-06-23T16:55:40.957163+00:00
d4c5c117-e5c9-4143-8688-86a3ea31fd32,bf084b25-09d3-4d30-b63f-2032a6838c3c,Danielle Nelson,andersondaniel@example.net,cancellation_fee,-4.18,USD,Cash,,FAILED,2026-06-23T17:04:01.706615+00:00
01e5a5ef-b820-4067-8bc8-8e506ec3afe3,4474b035-a381-4e9c-b757-a8dee28c2d67,Lee Crawford,baldwinstephanie@example.net,refund,-112.74,USD,Card,Mastercard,PENDING,2026-06-23T18:29:48.480703+00:00
35550708-1f5d-4787-8718-3d90acb36435,99ef10df-7f7b-40e9-a093-2c6acd67487a,Brenda Williamson,michael14@example.org,cancellation_fee,-104.96,USD,Wallet,,SUCCESS,2026-06-23T18:42:48.162199+00:00
5c58976e-6aa8-4836-acf7-1dae54bd3316,1d32b5dc-59a5-4766-8d07-b02eac3e2185,Renee Martin,joseph09@example.net,refund,-48.74,USD,Wallet,,PENDING,2026-06-23T18:49:06.293815+00:00
2ce03588-02fc-4580-95dc-8f32ec351d06,04c87d36-dea6-45ec-b5b5-7e2dcfdd8623,Daniel Howard,sarahphillips@example.org,refund,-36.77,USD,Card,Mastercard,SUCCESS,2026-06-23T19:05:10.088742+00:00
3676bae9-a0f6-46d2-abf8-833ef3d201f7,464e6f89-c28b-4130-825c-b60c5b381f10,Robert Francis,jessica07@example.net,cancellation_fee,-165.54,USD,Card,Amex,SUCCESS,2026-06-23T20:22:28.510292+00:00
09c4aa25-0ccb-4f7c-b97c-5370eda6fbb5,bb1ca197-2a67-446a-adb5-a36b633bfe14,Barbara Johnson,dawn49@example.net,tip,54.94,USD,Wallet,,SUCCESS,2026-06-23T22:10:12.759609+00:00
ec44c630-db9d-48f2-bf35-f24b677c6f2e,aee5a325-0699-454d-934a-7cdcfd33d4bc,Peter Bryan,kennedydawn@example.com,tip,173.09,USD,Wallet,,SUCCESS,2026-06-23T22:14:30.021575+00:00
1850c69b-5239-4631-87e7-1a3b9f37cce4,c5f383ae-d91c-4db9-b55d-41f203cdc928,Christina Mccoy,eddie78@example.net,cancellation_fee,-139.04,USD,Wallet,,SUCCESS,2026-06-23T22:21:38.355891+00:00
8483348d-186b-494c-b890-b495d1ba9bdd,6379a0cc-b80e-45a4-a5df-42f8565361d6,Anthony Parrish,laurabanks@example.com,tip,74.16,USD,Cash,,REFUNDED,2026-06-23T22:38:34.410758+00:00
290d8a4a-a57a-4e38-a027-bcda41adf9f9,b76a07e7-0912-4b3e-857c-e757de1830e1,Jessica Martin,brooksheather@example.org,ride_payment,115.96,USD,Wallet,,SUCCESS,2026-06-24T01:27:24.887355+00:00
f91ac96e-633a-41d0-a259-1df6352df18f,c43d9126-2f60-4c56-b017-f60e0d17f4f6,Jeanette Vaughn,janderson@example.org,ride_payment,121.38,USD,Card,Discover,SUCCESS,2026-06-24T04:34:56.822519+00:00
e628fa4c-752b-41df-81b4-0d4b28ebe930,0e149907-18b4-47a9-bd39-b4291519e05b,Peggy Smith,kellervanessa@example.net,refund,-81.43,USD,Wallet,,SUCCESS,2026-06-24T05:27:58.687466+00:00
8ca05ad4-cdc9-4a2a-af5d-47fceb86e50a,c97ea60b-f053-43c9-8df2-09264242d629,Kara Bishop,zschneider@example.net,cancellation_fee,-74.48,USD,Card,Amex,SUCCESS,2026-06-24T05:36:20.007515+00:00
432a0508-a3f9-4e2a-b16d-c470cd3a1626,61cff6f1-6b8d-451e-97f3-31ea2681e14a,Catherine Duncan,carlsondeanna@example.com,refund,-41.06,USD,Cash,,FAILED,2026-06-24T07:00:00.560430+00:00
18b39a10-192e-448b-acde-ce59d39db0e5,c36a3d27-3db0-43c3-b2ae-9bad9f57114e,Todd Hunter,carolynsmith@example.com,cancellation_fee,-48.37,USD,Card,Mastercard,SUCCESS,2026-06-24T08:11:05.411828+00:00
4f19ee66-f45e-4671-a2ce-c0d4f016e463,f03cdca9-ef57-48eb-9760-a577969b086a,Phyllis Griffin,zachary80@example.com,ride_payment,11.39,USD,Wallet,,SUCCESS,2026-06-24T11:17:58.802774+00:00
09a0ff65-6c94-4fab-b5d2-ce465933c2ca,4c9cf172-6e8d-4b9e-bf09-7e59907dd1fe,Michael Hensley,jeffrey43@example.org,cancellation_fee,-116.6,USD,Cash,,FAILED,2026-06-24T12:28:02.402663+00:00
0bb9acf9-1de7-4992-b334-bed9464c3ac7,ebdf36a7-8f01-48dc-b06e-9d2b66488b58,Tammy Franco,phillipshannon@example.org,cancellation_fee,-27.96,USD,Card,Visa,SUCCESS,2026-06-24T13:19:47.181584+00:00
47bb55cb-0453-4cc1-a0df-23fa4f5ef752,a6c9835a-9ba3-4c64-81d8-ee80b654f190,John Brown,lowediamond@example.org,tip,47.72,USD,Cash,,SUCCESS,2026-06-24T13:54:13.914537+00:00
05034ac5-5cba-4e23-bf2c-55baac0f8488,b0b595dc-53bb-428a-b237-224ca59422eb,Michael Arellano,diazkyle@example.org,refund,-61.03,USD,Card,Mastercard,SUCCESS,2026-06-24T16:11:28.000072+00:00
b8346d11-cfca-46b7-9e0d-691e04aa737a,3e209c0b-4cc0-412f-990c-17464aae3449,Julie Stevens,wilkinschristopher@example.net,ride_payment,72.32,USD,Cash,,SUCCESS,2026-06-24T19:03:56.005632+00:00
e7dbc7a9-a778-4222-833f-fed641c07bc9,1d51630f-4ed8-4616-8a59-b1cb8ecc28b4,David Gonzalez,littlecarla@example.com,ride_payment,125.13,USD,Wallet,,SUCCESS,2026-06-24T19:07:52.481942+00:00
cfeb6522-85f7-4ac4-a154-92a8307e1756,0b52024e-c9f9-4cbb-9319-3cc77e8f9c44,Michael Carter,pboone@example.org,cancellation_fee,-88.44,USD,Card,Amex,SUCCESS,2026-06-24T19:46:02.101925+00:00
920fd329-4017-4892-865a-47dac0eda302,091b1e1a-33a1-47c3-a9e5-54fa7059749e,Thomas Martinez,hannah17@example.com,ride_payment,91.65,USD,Wallet,,SUCCESS,2026-06-24T20:24:23.064083+00:00
6deb9b51-a5bf-4225-9cb9-424422d6fca4,8c9c277e-5b17-41c3-99ae-e586789ca1bc,Judith Barrera,xjones@example.org,cancellation_fee,-133.98,USD,Card,Mastercard,FAILED,2026-06-24T20:28:41.206125+00:00
3dc9032d-fa25-4c18-93bb-5792d59aeb8a,4ee46cbb-679b-48ac-ac07-b4056618424c,Edward Whitaker,vrobinson@example.com,ride_payment,85.45,USD,Card,Visa,SUCCESS,2026-06-24T21:45:55.256144+00:00
8391efef-416f-4771-aa7c-2b638e57cad5,8da62bb0-6300-4c6a-9d5a-aa6b8ae38d83,Douglas Smith,earlwagner@example.org,cancellation_fee,-39.58,USD,Card,Mastercard,SUCCESS,2026-06-24T22:14:40.443093+00:00
bf728ac4-9b4b-43aa-adf4-1d4b71775223,f6b2d8e4-dce9-4251-9650-232b580a54eb,Jennifer Perry,chrisburton@example.com,refund,-20.26,USD,Cash,,SUCCESS,2026-06-24T22:20:28.649866+00:00
c7149eab-4243-4730-adfe-18479c1be558,dcad35f8-4de0-44a5-8062-cc743563ebb9,Natalie Smith,oharris@example.org,ride_payment,5.73,USD,Wallet,,FAILED,2026-06-25T01:03:32.242783+00:00
34c4d379-0438-4e6d-b2fc-daba99f34b14,97dbb1cb-9c40-4159-ab23-2dfc9d862e4d,Joseph Frank,jacobsteresa@example.org,ride_payment,80.46,USD,Wallet,,SUCCESS,2026-06-25T03:36:57.652128+00:00
bfe52e54-4fe6-4db2-976a-cf5c404bbc50,10e8973e-3ef8-4168-a779-2edf7cbf943d,Derek Brown,cking@example.org,cancellation_fee,-115.18,USD,Wallet,,SUCCESS,2026-06-25T03:51:04.403575+00:00
34533d14-40e0-441b-8733-d36ce449a2d6,b6846d30-c02d-42e6-befc-de7aee024ae8,Jessica Charles,denise99@example.com,refund,-67.82,USD,Card,Discover,SUCCESS,2026-06-25T04:03:13.390199+00:00
178b15f1-65e9-4cd6-9852-f3dc1d0a1ded,55ea4f6d-2c44-4f56-9e4c-760f1a094230,Gregory Campbell,jamesmoody@example.com,ride_payment,7.96,USD,Wallet,,PENDING,2026-06-25T05:52:20.356471+00:00
520d0972-565e-453e-b4c4-dd8bf37a814f,2afc5704-2b54-4202-93ab-5c56ec36c682,Jacqueline Cox,deborah79@example.com,cancellation_fee,-147.86,USD,Cash,,SUCCESS,2026-06-25T06:13:54.837829+00:00
e1934a7f-6872-4c52-8d31-a67e6fdfdeb9,d9d4afe5-1299-42c8-8836-4afc68bfb066,Robert Maxwell,patriciagarcia@example.org,refund,-16.29,USD,Cash,,SUCCESS,2026-06-25T08:18:39.446375+00:00
6f3011b9-2461-4fe2-a5d1-d8f27ba81232,4d66b3ba-74cf-45fe-bc07-20c1a7120d90,Katherine Chang,umoore@example.org,cancellation_fee,-115.86,USD,Wallet,,SUCCESS,2026-06-25T09:28:14.465062+00:00
83dbf0da-c68a-4aed-a0f1-4f4db618e166,2912d222-cfef-418e-96b3-c2f35ea00c97,Richard Middleton,aheath@example.com,ride_payment,161.91,USD,Card,Mastercard,SUCCESS,2026-06-25T10:39:31.073283+00:00
eb88cc83-fa57-4ac2-a085-1e3df4ec7396,7fb97ded-489b-4e5f-95b1-4b67a38697e4,Laura Bradley,adam80@example.net,tip,22.35,USD,Card,Amex,SUCCESS,2026-06-25T10:54:19.050300+00:00
273d041c-305a-4d1e-ac23-a8fd650b83f7,69ec4aee-0bd1-434c-a050-d37ef2e4e2f8,Kelly Williams,wmueller@example.org,refund,-50.38,USD,Wallet,,SUCCESS,2026-06-25T15:10:25.595943+00:00
5fb8a000-b392-4e2a-a5f3-ec911aead4a5,a1730b25-3737-4a88-86e8-a4bf33f169a5,Sophia Ferrell,nmcknight@example.net,cancellation_fee,-30.28,USD,Cash,,SUCCESS,2026-06-25T15:45:48.851450+00:00
d091c39d-62a8-46f8-bedd-c633884024f6,ae525c69-3398-42ec-8823-d6da26d79190,Linda Nelson,kadams@example.com,refund,-171.3,USD,Card,Mastercard,SUCCESS,2026-06-25T15:49:57.841086+00:00
26c18a82-c32a-4302-9dca-2d09e38a12b6,e17cef9f-8530-43f3-83a9-31d2553bd060,Janet Taylor,john24@example.com,cancellation_fee,-164.23,USD,Wallet,,SUCCESS,2026-06-25T16:13:30.112928+00:00
c9936498-d90e-4111-bb17-68e530cc240c,b9c8816d-a3c9-4979-bf86-5a6e4a48779a,Dr. Alexander Jackson DVM,kjoyce@example.org,tip,75.19,USD,Cash,,SUCCESS,2026-06-25T16:16:47.967725+00:00
f69d2128-1061-4112-b05a-68859834b412,444159b5-be0b-4a0d-b7de-53066bb22eab,Patricia Mayo,kelleyamy@example.org,tip,153.21,USD,Card,Visa,SUCCESS,2026-06-25T16:59:56.948330+00:00
0fdc642b-dd20-4358-939c-0e259b97c6f1,5eb5aacf-bb5c-4e3d-945d-fed0ab0e16c0,Kimberly Thomas,amynguyen@example.com,ride_payment,78.28,USD,Wallet,,SUCCESS,2026-06-25T21:06:41.764866+00:00
7fed4c14-ba5f-468f-918b-f0fe8132b19b,ea52656e-28be-4120-b3f0-b14a4688af47,Elizabeth Martin,michael91@example.com,cancellation_fee,-111.42,USD,Cash,,SUCCESS,2026-06-25T22:15:10.835569+00:00
3886bfe6-0177-461b-aaf5-21b7037f55dc,5e01692e-528d-48fc-9896-24ca312aff8d,Alexis Reynolds,romerosarah@example.org,refund,-122.5,USD,Card,Visa,SUCCESS,2026-06-25T23:52:44.387126+00:00
1458882a-4e4c-4f23-9edc-4d89ccb69acd,ef115c2e-05bd-4af6-bff7-05e4bb1ed77a,Kelsey Waters,staylor@example.net,cancellation_fee,-111.53,USD,Card,Mastercard,SUCCESS,2026-06-26T01:13:03.558643+00:00
f97e777f-7575-448f-acae-929a166192ea,c06cc526-0873-4eae-bbdc-b7d76ae805fc,Joseph Reyes,glennlucas@example.org,tip,125.72,USD,Cash,,SUCCESS,2026-06-26T02:12:03.532701+00:00
b016e800-8f0c-4982-a8c3-5a1a86a95792,19fcf325-bd08-4581-8c96-68382e2ad03b,Kevin Harris,wendy27@example.com,ride_payment,111.76,USD,Wallet,,SUCCESS,2026-06-26T02:24:58.522167+00:00
dab1592b-387f-4091-9a8e-d77c1d1b2665,8bf0eafc-fc3f-473c-b079-6932a8ceb7cd,Amanda Burch,justin97@example.org,cancellation_fee,-115.31,USD,Cash,,SUCCESS,2026-06-26T03:09:12.461404+00:00
52ed9206-4512-4c40-ab99-7bc7765b15df,0656b3a8-ea4d-4240-8bf8-73306f7d6d77,Vanessa Adkins,mark73@example.org,cancellation_fee,-124.76,USD,Wallet,,SUCCESS,2026-06-26T03:22:46.647907+00:00
20e55eb3-adb4-4e4d-b0b8-60be5e0e0cd7,c69ff11f-ce1c-4d10-9b27-ce7680127094,David Murray,aaronsmith@example.com,cancellation_fee,-103.28,USD,Wallet,,SUCCESS,2026-06-26T06:42:02.644396+00:00
93400c66-410c-479d-af68-2c3db76a6bb2,a3d4e86a-1003-49a4-a1e3-3031083908fd,Edward Stanley,ashley73@example.com,ride_payment,73.37,USD,Wallet,,SUCCESS,2026-06-26T07:40:09.639413+00:00
54933b5d-1d47-4c34-99dd-b74c132ff4b7,77785aff-bbd9-4ace-a10b-e0a2c45e80fe,Linda Merritt,thomaschristine@example.net,cancellation_fee,-109.48,USD,Card,Visa,SUCCESS,2026-06-26T07:54:34.071520+00:00
80e02296-e426-4996-b121-6c0db7778dff,ff5b2908-8c85-46c3-bf22-f1613c58d701,Andrea Rivers,gdaniels@example.net,refund,-28.33,USD,Wallet,,SUCCESS,2026-06-26T08:08:05.259197+00:00
920b57fb-2281-4691-80dc-89c031d9bc4b,87a657f3-61a9-4270-bf21-58d414488c21,Laura Stewart,dustincollier@example.net,ride_payment,5.83,USD,Wallet,,SUCCESS,2026-06-26T08:32:56.696344+00:00
bce62ea0-f671-4f71-938a-7999993bf9b4,cb1d98ea-3450-4f4b-8ea8-c3fd499b3f22,Julie Wilkerson DDS,leahhudson@example.net,refund,-39.41,USD,Card,Discover,SUCCESS,2026-06-26T09:25:09.591766+00:00
547005f6-2adf-4c35-a1d0-073946b9603d,84a50395-f20e-4f9c-9528-d0ac90934e3a,Lisa Scott,abanks@example.org,cancellation_fee,-7.15,USD,Wallet,,SUCCESS,2026-06-26T12:09:27.169329+00:00
d5e58d71-f11e-4f48-b1b5-a969d0579ae4,8956c3e1-6c66-47ac-8d3b-ce4bda821630,Heather Vazquez,shines@example.org,refund,-129.84,USD,Card,Amex,SUCCESS,2026-06-26T12:53:54.912380+00:00
05583a16-2c0d-4ea6-8aef-4264dcff8e13,3ff4cc9d-6a7b-479e-a2bd-ecc3b9e4092a,Brian Mckenzie,lance69@example.org,tip,142.49,USD,Card,Visa,SUCCESS,2026-06-26T13:15:47.642518+00:00
a1037ef9-23d6-467e-abea-7e8d734ecfce,59575169-5ca2-48d3-8fd1-4c9c1fee9592,Jacob Lopez Jr.,catherine30@example.com,refund,-163.54,USD,Wallet,,SUCCESS,2026-06-26T15:11:51.436205+00:00
97945d70-18ff-4d7b-b96a-686966731430,0f4257f8-ca32-440b-adf6-9fe44e89ed94,Jill Dorsey,wellsmatthew@example.net,cancellation_fee,-159.99,USD,Cash,,SUCCESS,2026-06-26T16:00:32.535754+00:00
10274a4f-cc47-46d8-a7c8-3cd00edc9202,d31bef1c-2ef7-4fcf-bc2c-14bef8521bef,Julie Dunn,ruben87@example.org,refund,-24.89,USD,Card,Visa,SUCCESS,2026-06-26T17:30:51.069448+00:00
568b784a-6484-4e02-8278-91431c9b03ab,fc2df71d-7e4c-4ac2-a79f-9026964367db,Jessica Aguilar,ericgill@example.org,ride_payment,102.05,USD,Card,Amex,SUCCESS,2026-06-26T17:50:29.791606+00:00
6a42bbd4-dace-4f9f-b5bb-b64081e872ee,32268f4f-c821-4ff3-bf6d-7d2226125344,Tonya Richards,fredericklambert@example.net,refund,-79.48,USD,Card,Mastercard,SUCCESS,2026-06-26T18:12:19.821968+00:00
18e4f949-ae52-4a27-a8d0-25fbcca31113,17c961ff-b718-4c55-a124-d6af7e92a3f4,Peter Melendez,lindakim@example.net,refund,-100.7,USD,Wallet,,SUCCESS,2026-06-26T19:33:20.809401+00:00
bf1cd3ce-0a64-4787-81da-e08babf3d95f,6e2fe7a2-8356-4f43-aeb4-fb9cb237faed,Emily Mason,michelle42@example.com,cancellation_fee,-21.59,USD,Wallet,,SUCCESS,2026-06-26T19:50:38.088362+00:00
59f3a5d9-c85d-4927-8b17-67f21dbe804c,4ceccade-29f5-4a38-add8-96568d3128c5,Jeffrey Cole,julie54@example.com,tip,58.09,USD,Cash,,SUCCESS,2026-06-26T20:33:07.326812+00:00
49318437-50cd-409a-90c7-e05de7d1a977,0cd72d96-547a-48f2-841e-aff159e76aef,John Stuart,crogers@example.net,cancellation_fee,-144.93,USD,Card,Visa,SUCCESS,2026-06-26T20:45:21.953270+00:00
66fc4c44-458c-4140-8327-386857decfd9,6ff5fee4-3849-4251-a5cd-8b6a37466eb1,Justin Hunter,christinemitchell@example.com,refund,-81.42,USD,Card,Discover,PENDING,2026-06-26T21:18:32.196544+00:00
9e80ec4a-7b05-447b-b7d1-15c4e3b6cc7b,fb770a5c-d117-4a67-a405-16ec579798cc,Douglas Garcia,matthewpacheco@example.com,cancellation_fee,-44.47,USD,Cash,,SUCCESS,2026-06-26T22:02:46.326077+00:00
419bb364-cb66-4d06-bd1e-603d179a5b17,274d306b-52d1-4a8e-88ef-f6df73d6dd4f,Richard Wyatt,vsteele@example.net,refund,-152.13,USD,Card,Visa,SUCCESS,2026-06-26T22:44:28.574050+00:00
d89e3afa-a229-424a-88ea-32343caa7d1c,3eaaa6f2-9035-45da-979e-65632fd6a2f9,Ann Bray,crystal91@example.net,refund,-26.48,USD,Cash,,SUCCESS,2026-06-27T00:27:38.474295+00:00
58610585-b02d-4664-ab0a-b8c245111e6f,0012928d-dbd1-4915-8e92-d02175747ad4,John Jones MD,kathrynoneill@example.org,refund,-155.28,USD,Cash,,SUCCESS,2026-06-27T01:54:01.681288+00:00
2f05128a-96f6-45c9-ad66-9c5ea31b2b2d,9c21f612-4fd3-40ad-9836-42369feb8953,Edgar Reed,yberry@example.com,cancellation_fee,-158.93,USD,Card,Amex,SUCCESS,2026-06-27T04:19:42.226085+00:00
5c215c24-eaca-4669-b810-b85608b562b9,c8970d9f-51bc-4bce-b8ce-60fefdc266c8,Joseph Pace,micheleferguson@example.net,ride_payment,66.16,USD,Card,Amex,SUCCESS,2026-06-27T05:38:45.942119+00:00
82438290-d4de-4a31-ba07-3cdaa92d5762,74171914-7f27-4c1f-8732-3dcdbed055a4,Ian Barton,michelle74@example.org,cancellation_fee,-173.58,USD,Cash,,SUCCESS,2026-06-27T06:57:55.195015+00:00
a0a82a1b-6c7e-4f30-923d-56962cddbd35,08d0483f-6c0f-499d-9269-953d3988eafe,Blake Barber,mmalone@example.net,ride_payment,162.3,USD,Cash,,SUCCESS,2026-06-27T07:19:34.686699+00:00
9330a875-66f7-443b-9f2f-906a4ca4654e,cdf2ac9c-5955-4643-a3cc-5f767b6d90ec,Ryan Holmes,ndeleon@example.net,ride_payment,100.06,USD,Wallet,,SUCCESS,2026-06-27T07:59:26.305169+00:00
5a7ffeaa-8e30-49ba-aba6-b073642a9ca4,b87709db-e16b-41c3-9c4f-cb4286717ed4,Brittany Khan,maysmark@example.org,cancellation_fee,-103.55,USD,Wallet,,SUCCESS,2026-06-27T10:44:12.635876+00:00
4aa0cab0-78fd-41f7-8ca5-8a44dd745de6,1968476c-265f-4e83-b235-e8aaf57b8f30,Stephanie Anderson,aadkins@example.org,refund,-127.04,USD,Card,Mastercard,SUCCESS,2026-06-27T11:14:29.070663+00:00
15aff162-2d5c-4a41-b8d1-adbeb273d7ed,bec7264b-2ece-4e50-bdb2-fdb446100ab8,Katrina Thornton,davisjacob@example.org,cancellation_fee,-179.13,USD,Cash,,SUCCESS,2026-06-27T13:30:20.399015+00:00
3529e2fa-ae92-4432-a7c4-fe029a6ac7cc,f1a48f20-8239-4186-98c8-2298c7aada81,Carrie French,lmiller@example.org,tip,65.24,USD,Card,Discover,SUCCESS,2026-06-27T14:41:05.717900+00:00
ac205810-9487-4563-b1da-735620699496,053dc7a2-72d0-441c-9ae4-fe4ec44e27f4,Kevin Choi,peter58@example.net,refund,-97.87,USD,Card,Discover,SUCCESS,2026-06-27T15:04:41.590461+00:00
9e08ad4c-7b10-4c73-bc35-fb91d5eb5017,2f832a3e-7fb5-4dcf-a15e-d05795b26700,Melvin Christensen,angela67@example.com,ride_payment,111.51,USD,Wallet,,SUCCESS,2026-06-27T15:44:48.199270+00:00
700cc90f-0c0c-438f-9105-18f4d691c698,2adcdb3f-f931-47de-a68e-9c2f9a0f55ce,Nicholas Williams,wilsoncynthia@example.com,ride_payment,63.62,USD,Wallet,,SUCCESS,2026-06-27T16:27:01.381005+00:00
24a9ab8b-456c-4a5d-bdbe-08d9ad1d2d4b,56525841-a53f-4f48-bf71-6520b990dc92,Gail Wright,pgarcia@example.com,tip,94.75,USD,Cash,,SUCCESS,2026-06-27T16:59:26.001890+00:00
fd6fdf9c-72ba-4e5f-8c3e-8928f209a499,6f876c67-6e39-454f-98b6-cf8486c33443,Charles Martin,robert20@example.org,cancellation_fee,-70.84,USD,Wallet,,SUCCESS,2026-06-27T17:13:01.113439+00:00
6551c98f-6b7d-42ad-8eac-cce053a0fcea,6388cef0-5e8e-4356-88db-f277de4f5816,Donna Woods,ebanks@example.net,ride_payment,158.92,USD,Wallet,,SUCCESS,2026-06-27T17:52:39.499073+00:00
9fa04ae2-7b30-441d-8efc-ce4a8833df5a,7b372779-6d0c-47be-9f00-e6f1b175c319,Dawn Odom,tonybrown@example.org,ride_payment,50.43,USD,Card,Visa,SUCCESS,2026-06-27T18:57:15.683562+00:00
e57cbb7b-59e2-4fed-9862-15cb3bfbab5e,4e7a671c-e4d1-4915-ac42-ef44465627b4,Christian Thornton,uweber@example.net,refund,-61.33,USD,Cash,,SUCCESS,2026-06-27T18:58:44.321558+00:00
136f5292-adcd-485c-b417-6d046ac2d6ec,49bd0d97-67e2-4b7e-b6ba-c389e9328bfd,Tara Young,ugarcia@example.org,refund,-126.28,USD,Cash,,SUCCESS,2026-06-27T19:21:51.568479+00:00
a657b712-d5ae-449c-bc0a-af07ea87a5b6,2510239e-9b1f-4fb3-915e-8d7a51d57f16,Teresa Proctor,harry95@example.org,cancellation_fee,-85.97,USD,Wallet,,SUCCESS,2026-06-27T19:27:50.799574+00:00
3c0b48d6-8b07-44d8-aa8f-9b97e6f6b6c4,7557e3cd-f30f-46a2-adeb-ebc27100bc68,Joe Thornton,clarkepaul@example.com,cancellation_fee,-38.46,USD,Wallet,,SUCCESS,2026-06-27T20:26:53.346039+00:00
4db48a8e-2271-4e5e-9e3e-2fb0a084b417,e6ae5df7-fbdb-418d-87aa-ced4e54d2b79,Joshua Smith,vanessa31@example.net,ride_payment,126.58,USD,Card,Mastercard,SUCCESS,2026-06-27T20:50:17.388659+00:00
091ff1e2-f6c7-4c7d-8452-7b1d57d423a4,b6c54182-45f0-474a-a30d-fe3ad2ecc1bb,Lynn James,danielle99@example.net,ride_payment,176.63,USD,Cash,,SUCCESS,2026-06-27T23:01:15.770334+00:00
e6d8cfbd-8a4b-4b3d-ab71-ec6260ef198b,ff468f72-9cc4-4406-ae19-f0134e850c78,George Walker,john92@example.com,refund,-149.87,USD,Card,Visa,SUCCESS,2026-06-27T23:14:19.647093+00:00
b3c03eda-5a72-4441-95bd-b99d44c96296,d982d382-655c-4e31-a7b2-ff1a686ca11b,Paul Huff,kevinkemp@example.net,refund,-111.8,USD,Card,Discover,SUCCESS,2026-06-28T00:04:58.969626+00:00
337b94dc-9637-4792-99c0-d3db039f06b1,a710005d-4d65-4f46-a637-1604b0b5d8f9,Gina Rodriguez,crystal03@example.net,cancellation_fee,-27.61,USD,Wallet,,PENDING,2026-06-28T01:06:09.673259+00:00
0405f09c-dbed-48a9-8b2a-553576aeecc5,03d28487-2495-4dbc-94d3-a667939ec96c,Mr. Vincent White,ethompson@example.com,cancellation_fee,-125.04,USD,Cash,,SUCCESS,2026-06-28T01:44:46.215972+00:00
d1d87d5a-a203-4321-9e62-446ec72e4767,cc5abab9-6211-46cb-ada9-57af882a9192,Hannah Williams,matthewhumphrey@example.net,ride_payment,152.11,USD,Cash,,PENDING,2026-06-28T02:02:22.106839+00:00
1549387c-9f75-4a36-a92d-a86368096f06,70d62ccf-938c-4389-baba-bae8f6e0e207,Christina Hensley,nathan23@example.com,refund,-175.31,USD,Wallet,,SUCCESS,2026-06-28T05:09:41.456047+00:00
7b72bcc4-8388-48a3-b392-88e8f01b7c59,8dfe939b-af59-429f-8284-7e00095f7899,Kathryn Goodman,comptonmichael@example.net,tip,160.43,USD,Cash,,SUCCESS,2026-06-28T05:10:50.831421+00:00
6032b30e-08f4-467e-95e8-3ca0cdb60f05,501583d1-1fd5-4a85-8043-a91b9f24c414,Steven French,rachel31@example.org,cancellation_fee,-108.73,USD,Wallet,,FAILED,2026-06-28T05:26:06.087722+00:00
c500da1a-4503-4a8c-9ed2-1b11ad0e3008,7070e45e-696a-4e13-9a10-2bf2344d12f6,Sheila Larsen,trobinson@example.net,ride_payment,53.88,USD,Wallet,,SUCCESS,2026-06-28T06:00:18.617678+00:00
9e539bd1-921d-4351-9c3a-b5540dc30b28,b07d0874-f286-4f8b-856f-97d0a41b58a7,Jennifer Curry,ronald05@example.org,cancellation_fee,-51.11,USD,Cash,,SUCCESS,2026-06-28T06:03:24.275585+00:00
ff077c3a-0a41-49ea-88c6-cc109eab1811,7729507a-1c9c-4287-b57f-4ac29b35d929,Melissa Brooks,melissa54@example.net,cancellation_fee,-107.52,USD,Wallet,,SUCCESS,2026-06-28T07:20:23.559725+00:00
fdce51e0-6e10-4fbb-8cec-152441376978,5e628bb3-b876-431f-83a3-34758d0a96fa,Michael Kaiser,lcamacho@example.org,tip,137.48,USD,Wallet,,SUCCESS,2026-06-28T08:38:16.058810+00:00
8db9e22c-bd02-490c-80cd-73b46bce9ae3,2bcb2710-8558-4894-953f-948d55db5446,Eric Stephens,robertnelson@example.net,cancellation_fee,-178.23,USD,Wallet,,SUCCESS,2026-06-28T09:06:27.783720+00:00
91aa6ce8-1129-4ef5-b040-a1087682ef59,1a698051-08f6-4ff6-800f-c4ccf7491ffd,Ashley Hall,johnsontodd@example.org,refund,-33.75,USD,Wallet,,SUCCESS,2026-06-28T09:08:37.746716+00:00
73ba4ce2-44f7-4a8f-9b49-97f622651714,54222d3c-00e5-430f-a532-e919eba02e6e,Rebecca Bailey,pedro39@example.org,tip,129.53,USD,Wallet,,FAILED,2026-06-28T10:15:37.834319+00:00
22d38812-720c-41cb-bbbb-e8c8778d8153,7ce3777d-7acb-437e-b756-00f2b19da05f,Douglas Davis,vanessa56@example.com,refund,-55.92,USD,Cash,,SUCCESS,2026-06-28T11:36:22.016299+00:00
b6eaabe4-b678-4529-b5b1-c444dd4fba33,c0f76950-1e18-4006-92d0-0d6b5daf1e9a,Jacob Johnson,hardingblake@example.com,refund,-50.98,USD,Wallet,,SUCCESS,2026-06-28T12:18:09.815207+00:00
2f2da9d4-3427-484c-84b7-fe279298a8a5,0f61026b-242d-4118-989b-36dda97dbd90,Ian Mccullough,denise68@example.com,refund,-24.45,USD,Cash,,SUCCESS,2026-06-28T13:58:08.354175+00:00
1a29283a-123c-42a5-bcd8-3f422ebb1d08,98dc23c7-37a4-4c49-b35b-a5575f29ac59,Erin Burns,bobbypetty@example.net,tip,178.59,USD,Card,Mastercard,SUCCESS,2026-06-28T14:19:10.391068+00:00
3e9993a5-2624-4546-a582-af84361e5cde,b3972270-49df-4217-a7a3-ab617c563ef2,John Cruz,wlewis@example.net,cancellation_fee,-164.09,USD,Cash,,SUCCESS,2026-06-28T14:29:42.483046+00:00
d798f992-ad37-4c23-b4b4-6b16a9eed9e3,14292903-7a71-46bf-846a-ed04a376e7a5,Dr. Bradley Santiago,thomasjones@example.org,cancellation_fee,-60.69,USD,Card,Discover,SUCCESS,2026-06-28T16:46:09.900862+00:00
0afa59ef-b70e-434a-81c3-fb799fad3a7b,30cd9d4e-7bb4-4bbb-bd3f-691d9ecd33ac,Robin Ortiz,yatesethan@example.com,ride_payment,38.38,USD,Wallet,,SUCCESS,2026-06-29T00:29:39.015275+00:00
c4880477-005f-4a50-9645-3fd12924eac8,51b89592-e537-4d30-8976-6c0396cb4f91,Edward Dean,danawatson@example.org,cancellation_fee,-175.77,USD,Wallet,,SUCCESS,2026-06-29T04:31:34.195477+00:00
9c1b1345-c5b4-4695-b6c4-5d9f99da0477,d1d30099-5a29-44f0-901f-b7cc5682a6d9,Vanessa Manning,soliscindy@example.net,tip,54.54,USD,Cash,,SUCCESS,2026-06-29T04:54:54.767210+00:00
25c3acc6-5859-4c27-8d5c-67543ee6a18b,d2ab5051-f39a-4659-80e5-d3afe6ba3620,Melissa Medina,melodyrobertson@example.com,cancellation_fee,-49.14,USD,Wallet,,SUCCESS,2026-06-29T05:12:12.149955+00:00
fcf71ee1-1605-468b-ab32-c48c8e423176,e20cfb9f-81d6-42e0-8381-b39c89c18cfc,Jessica Good,christopherhunter@example.org,tip,149.06,USD,Cash,,SUCCESS,2026-06-29T06:08:09.141284+00:00
e592eba9-d6cc-440d-b0ab-49d311d45e52,05f66f91-7601-4092-b6b9-e6aa47ffd091,John Powell,careyjoseph@example.org,tip,113.22,USD,Wallet,,SUCCESS,2026-06-29T07:55:08.375053+00:00
45823b90-e826-4774-b146-8f4cafc4f831,e610984a-326d-435f-8de3-44163a704b49,Jason Rios,tinaturner@example.org,ride_payment,15.17,USD,Wallet,,SUCCESS,2026-06-29T11:13:44.126074+00:00
bc9d45fa-8d91-4d5d-b204-7f98e6110db6,87d7a9a7-2207-4cae-855d-b924fe4cdc14,Joyce Morton,hillkathy@example.net,refund,-9.11,USD,Wallet,,SUCCESS,2026-06-29T13:22:42.890339+00:00
ab3d3492-5d70-48eb-ad38-c580ddfee8da,6761eab1-b360-4c36-9053-314c635bef7f,Amanda Nguyen,henrychristensen@example.net,tip,161.9,USD,Card,Mastercard,SUCCESS,2026-06-29T13:47:05.609255+00:00
8e401376-7001-4a1e-a276-6b4ea1b75cb3,7af29f3e-3cb3-468a-9b67-a87de4ff2eea,Raven Macias,johnny24@example.org,cancellation_fee,-75.66,USD,Cash,,SUCCESS,2026-06-29T14:02:29.762899+00:00
dcad0ef6-ea32-42d2-9320-12a0eaccba02,10c50793-b20d-4f6a-a40a-8a0664d46bbe,Donna Pierce,kjacobs@example.org,tip,43.94,USD,Wallet,,SUCCESS,2026-06-29T14:25:33.077797+00:00
8e84ee6c-468a-41d0-a14d-63dff0a038b4,87693ac9-3b99-47c8-84ac-a0f108349cdc,Ronald Hill,ashleyjones@example.net,tip,38.66,USD,Card,Amex,SUCCESS,2026-06-29T16:52:55.407501+00:00
bd13febe-bd9e-44c1-9852-5d6073909fb6,5a867e02-141d-461b-a71b-2332ee79f87c,Brittney Riley,aking@example.net,refund,-149.17,USD,Card,Amex,SUCCESS,2026-06-29T17:31:38.709453+00:00
d24d7097-c9a8-4566-a8a1-fa67014f619d,813b4880-7951-4134-a6ab-0b9db4bcdb73,Benjamin Molina,edward01@example.net,tip,31.9,USD,Cash,,SUCCESS,2026-06-29T18:46:48.502319+00:00
ef1e5a5a-a887-49ff-965b-7e25c7118a2a,a94d24b6-7c5f-4f73-8f4c-3a0162967565,Jonathan Holt,smolina@example.org,refund,-99.71,USD,Card,Discover,SUCCESS,2026-06-29T19:07:53.649451+00:00
56cc031d-3097-4792-9152-01e3d51d6ec0,796b0bba-29ce-4235-8e0c-d5f0e7cd2cc2,Sandra Walker,emorrison@example.com,ride_payment,138.15,USD,Cash,,PENDING,2026-06-29T19:17:51.096531+00:00
3639b432-f270-4b2e-803f-4fb22dd98307,77495c34-23ee-4824-b1be-687ec95d6798,Bradley Savage,evanwilson@example.org,refund,-21.07,USD,Card,Mastercard,SUCCESS,2026-06-29T19:38:29.645428+00:00
4864a690-67eb-4bee-9354-51c8799099f2,1657d182-8292-4f53-8932-4daf2ec5dda0,Erin Williams,christianamanda@example.org,ride_payment,10.73,USD,Card,Mastercard,PENDING,2026-06-29T19:51:28.583398+00:00
d4cbf3bb-0c36-4579-a397-9ba610cfeef0,aa50fe11-1b4c-45fb-8dd5-0fae5606ee7c,Anthony Phillips,belindawalls@example.org,cancellation_fee,-72.45,USD,Cash,,SUCCESS,2026-06-29T21:10:45.705373+00:00
8a0090d8-c194-4634-b0da-a4469189d269,3ef081bd-dcc5-44fd-a7ed-04b7d4268ac6,Jessica Nelson,ernest87@example.org,ride_payment,36.11,USD,Card,Visa,SUCCESS,2026-06-29T21:59:52.796224+00:00
74fc587b-21ba-4b8e-b6c2-dd9acf460123,fe0e65ac-5111-4801-b44c-0c1b9effe163,Deanna Wilson,tbrady@example.com,ride_payment,159.19,USD,Wallet,,REFUNDED,2026-06-29T22:19:08.908094+00:00
0dd9ca2d-37dd-4ab6-b284-290f5a8da44d,d745f4f8-fd03-4ed3-8943-ffb875c53289,Colleen Henderson,renee06@example.com,cancellation_fee,-7.27,USD,Wallet,,SUCCESS,2026-06-30T00:07:42.274744+00:00
9c8dcc00-27f8-488a-959f-6b8aa48bf59e,14757626-6900-48e1-98a8-f686fe56e7f6,Melissa Johnson,richard63@example.org,ride_payment,174.68,USD,Wallet,,SUCCESS,2026-06-30T00:27:27.997740+00:00
c12ed2fa-7ccc-47b5-ae0f-788f68d94bca,3d731592-6020-4f53-9e93-64fb9291bec2,Jason Williams,raymondprice@example.net,tip,76.48,USD,Cash,,PENDING,2026-06-30T01:06:24.436994+00:00
24dd1a46-c927-4396-bcbd-9f9404958edd,5fe067fd-46a4-4654-82aa-268d1f1c0f36,Gary Evans,michaelbridges@example.com,tip,98.2,USD,Wallet,,SUCCESS,2026-06-30T01:11:03.406017+00:00
b9a118d2-e2de-47a3-9911-02c201c0ce41,6c45a3c5-1bf5-4115-8673-6a60075ae907,Daniel Brady,tpadilla@example.com,refund,-111.63,USD,Wallet,,SUCCESS,2026-06-30T01:11:42.730796+00:00
a0add745-fd1a-4697-8bba-2bf88c2e9742,54325393-b66e-42fa-b951-6e5e8e841bc8,Faith Jimenez,uwilson@example.net,ride_payment,148.67,USD,Cash,,SUCCESS,2026-06-30T01:37:04.119114+00:00
2adeec22-db17-49f0-a59f-700aa1cabf7d,f34819f1-7e99-4ed4-baa2-1ac3647bbcd4,Kristy White,roachcathy@example.org,cancellation_fee,-168.63,USD,Wallet,,SUCCESS,2026-06-30T02:33:19.968901+00:00
77aae40a-e963-4a23-b37d-6d852abf6e3d,a8992a75-08a6-44a6-8dde-826ccf844b99,Keith Morris,eric60@example.com,cancellation_fee,-27.73,USD,Cash,,REFUNDED,2026-06-30T02:55:41.467265+00:00
3778fec7-3fb0-4a40-85b6-13c280df3530,19936d32-9790-45cc-9c7c-0528a95afd53,William Murillo,richard96@example.org,cancellation_fee,-71.95,USD,Card,Mastercard,SUCCESS,2026-06-30T07:44:37.646165+00:00
cb357864-2b62-4c82-b3fc-265d2ab69501,da69c944-8801-40ad-869a-0576949dfa4f,Gwendolyn White,vmorrow@example.org,cancellation_fee,-125.08,USD,Cash,,SUCCESS,2026-06-30T08:28:13.803675+00:00
5774a29c-d06c-434e-a6fb-e3de8e71fa73,1f3d9a39-8a95-4146-b7b0-4fc95a382b21,Andrew Baker,josepatel@example.org,refund,-23.76,USD,Wallet,,FAILED,2026-06-30T11:01:24.368476+00:00
bd71a0c4-4f80-4e33-814f-31c6bdebf93d,a30b94a1-76b5-43b8-b314-421f020a16ce,Margaret Casey,rmiller@example.org,cancellation_fee,-35.78,USD,Card,Amex,SUCCESS,2026-06-30T11:55:43.651939+00:00
5e8cd96c-50f6-44b4-8790-abebc313919d,6e0215c3-c883-42bb-9aed-da049158b9cd,Michelle Patterson,jamesmichael@example.org,cancellation_fee,-124.01,USD,Wallet,,SUCCESS,2026-06-30T12:58:01.136867+00:00
3465f857-09c3-4423-9b64-5ed0c07a85f8,66b2df87-a209-4f66-90a0-8fef5dea5964,Eileen Velasquez,zlopez@example.org,tip,100.13,USD,Card,Discover,SUCCESS,2026-06-30T13:19:56.476031+00:00
aeca89e2-50d6-4f51-8c77-478c7c229648,2df81739-c8f2-45ae-be09-ce1904bd9934,Mary Morris,brownedward@example.com,refund,-151.09,USD,Wallet,,SUCCESS,2026-06-30T15:47:26.249503+00:00
fb499168-b490-4160-8cba-dc8b91c3e850,839b6235-6758-4a90-b4d4-49b5981873c4,Amy Doyle,asilva@example.net,tip,158.29,USD,Card,Amex,SUCCESS,2026-06-30T15:51:25.488765+00:00
2575c597-428f-49cb-bb55-32eff28993a7,5fddf45e-54bb-48e8-a26b-1f43e51ddca6,Timothy Smith,nancymyers@example.com,ride_payment,74.42,USD,Wallet,,SUCCESS,2026-06-30T15:58:47.672366+00:00
9ff9b571-ed47-48ec-a279-47f5d77985ee,bf6746e4-d1e8-4cb7-a5e6-e702c8bc3c86,Heather Lynch,brandon34@example.org,tip,152.9,USD,Card,Visa,SUCCESS,2026-06-30T16:23:14.125244+00:00
bb1ab437-0700-403e-a71f-1fa9671addbd,2ed72049-173b-433a-96d7-7bb7d4efe037,Jennifer Aguilar,donald11@example.net,tip,61.46,USD,Wallet,,SUCCESS,2026-06-30T17:04:13.905710+00:00
209a224a-f40f-4f54-ad7a-6300d4186af9,2c798f9c-3693-4ff5-b00b-db8cc540ec0c,Dawn Munoz,williamsmarilyn@example.org,tip,115.06,USD,Cash,,SUCCESS,2026-06-30T19:07:18.845752+00:00
320c5747-7474-494f-9d6f-1fc2c31c129e,498def54-a902-4d33-99fb-02d104757700,Dr. James Barton,heathermyers@example.net,tip,143.13,USD,Card,Visa,SUCCESS,2026-06-30T23:04:14.518262+00:00
96ea86b8-535d-434a-8602-340e2068b344,5467ef98-034e-4aea-9934-4cf6148aafdd,Gregory Martin,amber94@example.com,ride_payment,134.73,USD,Card,Discover,SUCCESS,2026-06-30T23:10:17.089491+00:00
fdc9ded2-bb81-425b-9062-f00c0e3f6bff,b0cb14ce-4e55-4d4f-b58b-fbb89e95be8f,Janet Arnold,clarkmatthew@example.org,refund,-125.39,USD,Card,Mastercard,SUCCESS,2026-07-01T00:53:00.879841+00:00
ffa97204-2f6b-4c58-89cb-a2c24029e34b,be2a276d-2da4-4d8b-afe3-862a9e274d0c,Kelsey Kim,xrivera@example.com,ride_payment,143.99,USD,Cash,,SUCCESS,2026-07-01T01:06:45.464830+00:00
55b97c9d-c15f-4f9f-9dc8-85a4ec1d68e2,a14f3b10-b259-4016-9351-cab3622c6211,Bryce Braun,aprilanderson@example.org,tip,21.11,USD,Cash,,SUCCESS,2026-07-01T03:04:49.775305+00:00
577e42b3-dd64-4362-8060-480deee96617,61b94ae7-dbeb-41ef-9b89-1e5e2d8fc85e,Melissa Wagner,juarezmarcus@example.com,refund,-173.18,USD,Card,Amex,SUCCESS,2026-07-01T03:46:21.538891+00:00
d330355e-dbdd-4de8-ba2d-d64902e1acb0,75fe0c90-3e54-4650-a637-7f8e5c37cd48,Lance Calderon,susan44@example.org,cancellation_fee,-64.22,USD,Wallet,,SUCCESS,2026-07-01T03:59:00.698240+00:00
6ea70aaa-f8b7-444f-b878-7876253a6324,3df6719d-bf08-4d37-aa50-85877cf79d4e,David Calhoun,crawfordsarah@example.com,refund,-55.95,USD,Wallet,,FAILED,2026-07-01T04:40:48.738495+00:00
e4d34c88-5819-4bf9-8697-45b4d9b93e6c,053a3000-e281-420a-9b2a-55239a962554,Jason Orozco,markphillips@example.com,tip,177.01,USD,Cash,,FAILED,2026-07-01T05:02:58.038077+00:00
902f90b2-74bb-4129-9d21-7a21cbac2f75,33ed02c1-e757-461d-af3e-d16ef5dd658a,Sandra Mcintyre,darlenehuber@example.org,ride_payment,165.53,USD,Wallet,,SUCCESS,2026-07-01T05:09:43.774161+00:00
6fa7ce19-0ca1-4193-a409-3e5064f88a9b,f9ea0f4c-b617-4cc7-a743-e3560036438b,Scott Robles,rachelgill@example.org,tip,94.26,USD,Card,Mastercard,SUCCESS,2026-07-01T05:55:40.135953+00:00
71ab04b0-6eee-4269-b559-43ef052cbabc,7e0ac388-b262-4919-b7f7-d8b0cf38795e,Kristin Miller,daisyortiz@example.net,ride_payment,153.67,USD,Wallet,,SUCCESS,2026-07-01T06:05:42.278118+00:00
2c7f356f-03a3-47a9-96e4-81a4a868eaa7,9fcafad6-db04-44d3-8036-8f897c5c4ee2,Latasha Young,david72@example.org,cancellation_fee,-27.44,USD,Cash,,SUCCESS,2026-07-01T06:07:47.759491+00:00
7294a628-85f5-49ee-95fa-fa1e9cce5046,a573bf44-a2f5-4e04-bcce-63ed5a5a9784,Charles Villegas,jboyd@example.net,cancellation_fee,-5.05,USD,Card,Mastercard,SUCCESS,2026-07-01T07:14:34.750294+00:00
ee587445-4f0b-416b-8679-d42b53bff33d,a7fc67be-30cb-4f6d-a9cc-6a393e9a44d8,Travis Smith,hjames@example.org,ride_payment,168.87,USD,Wallet,,SUCCESS,2026-07-01T07:40:31.245873+00:00
1f0bafd6-adb1-4d5e-a929-f3ee533ac312,791619b5-a6be-4097-99de-13b662533676,John Roberts,sarahhutchinson@example.com,cancellation_fee,-107.39,USD,Wallet,,FAILED,2026-07-01T09:22:34.620588+00:00
4e939ac4-e0b8-448a-bc5d-8b4e145a2a6e,43e7ce76-48bd-4043-944f-58f74fba7bab,Hannah Valencia,robertaguilar@example.com,cancellation_fee,-141.68,USD,Card,Discover,SUCCESS,2026-07-01T10:07:19.362677+00:00
6080491c-d5bd-419f-8070-9821be62cc64,b261e31f-276b-4ffa-baff-b4f31e2cf1ae,Jason Schmidt,david00@example.org,cancellation_fee,-95.16,USD,Cash,,SUCCESS,2026-07-01T10:43:52.064879+00:00
7cb63958-a588-43f3-a670-4df6d7d46f29,c118930f-fdbb-4b23-87bd-a542383c888f,Richard Martin,jeffreybonilla@example.net,tip,177.13,USD,Card,Mastercard,SUCCESS,2026-07-01T11:55:42.850981+00:00
0d878ec9-9f1f-4612-87fd-d5fba372f32a,6666b9c2-bc4f-41ed-a8d9-7efcc4ec4f14,Emily Lang,dennispamela@example.net,tip,168.8,USD,Card,Amex,SUCCESS,2026-07-01T12:13:27.157645+00:00
947db642-be09-44f9-9586-6b26d933339c,428ae665-6401-4104-b338-93a5c5af5d2a,David Phillips,andrewmorris@example.com,refund,-44.63,USD,Wallet,,SUCCESS,2026-07-01T12:43:32.924285+00:00
6963f0f6-5fd2-4cea-82ce-fdaef23525e2,73bcc46f-7acf-4dc9-ae63-8cae89af262d,Anne Miller,glittle@example.com,ride_payment,41.63,USD,Card,Discover,SUCCESS,2026-07-01T12:43:48.872485+00:00
2567f7e6-fefe-4feb-9230-6658f681a174,dcc58a78-9ee5-46e7-93d7-43c51b8cc7bb,Tammy Petersen,marysantos@example.com,refund,-80.73,USD,Card,Amex,SUCCESS,2026-07-01T13:56:48.239098+00:00
5481c53b-a427-4015-8a85-871453bcb1ce,3430f138-4c19-4eb8-b001-10ceb976dc7b,Carl Brown,lindsey43@example.org,cancellation_fee,-50.61,USD,Card,Mastercard,SUCCESS,2026-07-01T15:17:32.043805+00:00
f64a9c33-c3a5-48d2-b749-11110e533be5,374ea63e-95ab-40ac-8ca9-6017708604df,Tina Smith,yolanda27@example.org,ride_payment,129.57,USD,Cash,,SUCCESS,2026-07-01T16:24:31.819578+00:00
a60b63ea-8b32-49bd-ba46-d9916005a426,c1103438-2462-496b-98f5-88284de70121,Mary Pratt,amandadavila@example.org,cancellation_fee,-25.63,USD,Cash,,SUCCESS,2026-07-01T16:31:30.674543+00:00
c8b8decf-1a5c-40ec-aaa3-1d22a4cec25f,dbb12322-b4aa-4f9a-aecb-8f6a355a4b4d,Stephen Floyd,curtiscarey@example.org,tip,141.58,USD,Card,Mastercard,SUCCESS,2026-07-01T17:39:18.743488+00:00
e82d5bed-c6ae-415f-8236-374cacb072c3,99bc6f10-6cab-4f66-9b81-6cea085654de,Mariah Hays,erin71@example.com,refund,-136.74,USD,Card,Amex,PENDING,2026-07-01T18:00:31.076224+00:00
a78ed024-b138-4c1b-bbfd-18f8c68ab4d2,1e4929b3-9405-4dce-a452-d0d1f3a0d2ee,Holly Ewing,sophiamills@example.net,ride_payment,20.89,USD,Card,Discover,SUCCESS,2026-07-01T23:20:50.427031+00:00
d34d5a2a-8df6-462a-9c6b-847d6bd9f8e2,6350846a-57a4-4239-a952-1a07216b9850,Jessica Evans,hhudson@example.com,cancellation_fee,-132.37,USD,Card,Discover,PENDING,2026-07-02T01:00:35.213238+00:00
4b637eff-bbfb-42ca-9d60-fd143656f6a2,786cdc80-4641-413e-8154-6e885f09cced,Paula Spears,moralesjames@example.com,cancellation_fee,-17.62,USD,Cash,,SUCCESS,2026-07-02T03:08:05.965071+00:00
39e1d49e-fffe-4bda-a795-c9d2fc8e82a8,fcbeed04-f84c-49c6-b9d2-254c2b474460,Greg Smith,bergerjeremy@example.com,ride_payment,149.14,USD,Card,Amex,SUCCESS,2026-07-02T03:12:43.459896+00:00
760557b8-d8f1-4b09-a813-10c1fad7e96b,cef35a20-984b-42f1-a892-5c5121c456b9,Robert Reed,brandonrobinson@example.net,refund,-80.48,USD,Card,Visa,SUCCESS,2026-07-02T05:21:35.920282+00:00
9a034d06-1840-4715-8604-66d83391731a,a737ce6d-a415-4899-8c38-4cf8e6492afd,Nichole Henderson,jenniferthompson@example.org,cancellation_fee,-77.29,USD,Cash,,SUCCESS,2026-07-02T05:29:48.112647+00:00
22906e9c-4ffc-496d-8078-05aecbdbd0b4,8a0078f8-0f58-4e92-a9a1-74e0bcf938a9,Nicholas Kirk,christopher95@example.com,refund,-42.94,USD,Wallet,,SUCCESS,2026-07-02T06:09:04.399992+00:00
88753ead-6712-4349-b796-815221c1fd9c,65b65e5f-cc80-48c7-bb1d-631503dcf3d7,Katie Erickson,lisa92@example.org,cancellation_fee,-24.61,USD,Card,Amex,SUCCESS,2026-07-02T08:20:52.764655+00:00
48d40933-904d-4db3-a14c-0ea1ce6b9745,119dda90-2101-459d-aa03-ed57aa98f22e,Danielle Oconnor,cmccoy@example.com,ride_payment,30.43,USD,Cash,,SUCCESS,2026-07-02T08:35:25.504049+00:00
02013093-baf5-4e73-8ecc-ead0c80cccd8,ca2942fd-6d5a-4ec0-a994-36a4d34587e0,Miranda Thompson,tjordan@example.net,refund,-125.35,USD,Wallet,,SUCCESS,2026-07-02T09:02:33.594284+00:00
7299650b-3c9d-4665-ad1c-0a43d7035e58,fee2ee41-5c8e-4b2c-a5b5-495538a2e3d5,Casey Cochran,lewiserika@example.org,cancellation_fee,-22.0,USD,Wallet,,SUCCESS,2026-07-02T09:49:10.990396+00:00
b8704a13-bae2-451a-a7b5-69de23edfd91,27e0cffd-0b22-4ba9-ad97-3e3d1af4c7dc,Kelly Medina,scott77@example.org,cancellation_fee,-56.51,USD,Wallet,,SUCCESS,2026-07-02T10:34:12.550092+00:00
bc344785-b5af-4646-b9fd-1acabe94d5f7,ed077cd4-81dc-4e98-8d04-911bb5e818a5,Lori Vaughn,ddavis@example.org,cancellation_fee,-22.39,USD,Card,Visa,SUCCESS,2026-07-02T12:09:15.245059+00:00
4001e581-55ed-4fcd-8376-984e5bc53ea2,b07ea64e-0a1c-4dea-a15d-c407a1784086,Robert Smith,osbornerichard@example.net,tip,33.2,USD,Wallet,,SUCCESS,2026-07-02T13:22:21.860025+00:00
3eeeb403-d088-4690-a7c7-60eb96dc042f,40b59b88-247e-4eed-bedf-8960eebee8dc,Jessica Valencia,tylerweaver@example.org,cancellation_fee,-44.02,USD,Card,Discover,SUCCESS,2026-07-02T14:01:09.502894+00:00
74dec7d0-b4db-4ed6-b6ef-40d1e5f43572,3f4124da-d9d7-42ae-8507-3ccf9172ebaa,Ashley Rocha,jonesderrick@example.com,ride_payment,99.19,USD,Wallet,,SUCCESS,2026-07-02T14:54:52.814547+00:00
72bcf37e-1f8c-49fd-9372-2c2e3bee3666,7f2126f7-2212-4bbd-8b17-7a1ba6aa83d3,Lisa Jackson,hcarson@example.org,refund,-71.78,USD,Wallet,,SUCCESS,2026-07-02T16:54:19.877704+00:00
489dc021-068f-4915-b385-55dbfb860534,3a22f2ea-74be-450b-911d-1940bc1b341f,Sharon Mitchell,qrice@example.org,refund,-158.62,USD,Card,Amex,FAILED,2026-07-02T19:30:30.826943+00:00
59617e4d-c061-4231-8b93-141f7778450b,e3e193fd-2a3d-49df-9f58-91cee29172cd,Robert Smith,yvonneholmes@example.com,refund,-167.86,USD,Wallet,,SUCCESS,2026-07-02T20:20:45.858610+00:00
a9fc2d04-f629-4bec-a533-d7e4c7abaad9,2f6648e2-86e4-45c9-8b9e-630285e1d95b,Mrs. Joanna Malone,cfarmer@example.org,cancellation_fee,-160.74,USD,Cash,,SUCCESS,2026-07-02T21:10:28.989084+00:00
d0c39ef6-c1c1-4b21-849f-5a7bb9ad9fd4,4f34ed61-f460-40ea-8c58-9ee7d068f0d4,Melissa Lowe,donald50@example.com,refund,-131.04,USD,Cash,,SUCCESS,2026-07-02T21:20:25.121372+00:00
580049cb-22cb-4c41-bf0b-c7644902a912,3648bee2-de59-44b4-b101-71243619c8d4,Ryan Jackson,qmcdonald@example.org,cancellation_fee,-175.38,USD,Card,Discover,SUCCESS,2026-07-02T21:48:57.288575+00:00
1b72eaae-bafd-4070-b5d3-3924c2fdade9,4dd38d70-35d2-4b6f-a500-0f89995d324a,Dawn Lowe,judy38@example.com,refund,-172.11,USD,Wallet,,SUCCESS,2026-07-02T23:03:06.777794+00:00
cd90211a-87ce-4c3d-9d29-474e0f5da2de,b03feb81-eea3-42fd-8f33-821d6f381f14,Heather Morgan,uwillis@example.net,tip,137.21,USD,Card,Amex,SUCCESS,2026-07-02T23:10:40.002729+00:00
2c3ffce5-1eb0-4129-9945-5b4d1b71f4c4,e55caeb0-3b0d-48e1-8230-bcbc3c25f957,John Flores,kimberlywagner@example.org,tip,63.72,USD,Cash,,SUCCESS,2026-07-02T23:54:29.081463+00:00
8d4b5969-e5f3-495f-a0a1-116397333ef7,5188d2d9-c1f3-4a54-87aa-f1d8a9575292,David Oneill,kathrynlewis@example.net,ride_payment,30.94,USD,Wallet,,SUCCESS,2026-07-03T02:38:29.387143+00:00
8927651d-e79d-417b-a655-1fe497abc7b0,3e6b37eb-d09e-4a6d-a5ab-c45348ce6b89,Steven Castaneda,williamsdebbie@example.com,ride_payment,72.19,USD,Cash,,SUCCESS,2026-07-03T03:20:57.519190+00:00
a07898a3-8b9f-4178-a793-847d35422785,d17e6f89-a44e-4676-bbd4-e7843ea67a5b,Tina Martinez,fnorman@example.org,tip,75.04,USD,Wallet,,SUCCESS,2026-07-03T04:03:58.306108+00:00
102be555-c843-492d-87a3-f961afd40632,b97264b1-2685-49a5-bb1b-3c885ec3ccad,Laura Benton PhD,bankscheryl@example.com,tip,98.21,USD,Wallet,,SUCCESS,2026-07-03T06:02:51.531272+00:00
8f9dc6a2-05f5-4376-a486-8815f3b69480,c42bdec2-c362-4863-9d3f-e990953e2a2f,Kristen Williams,james06@example.com,ride_payment,161.22,USD,Card,Visa,SUCCESS,2026-07-03T12:50:40.231458+00:00
b7012e37-837b-420d-87ae-296a891d38fd,c7126efd-fea8-4bd0-bb3f-f7f73e102a25,Debbie Acevedo,scotthall@example.com,refund,-45.29,USD,Cash,,SUCCESS,2026-07-03T12:55:34.550119+00:00
b55a902f-8781-42e2-a98a-805827bce09a,5f18c47a-616a-4b2e-83d7-5b0bc4cd2006,Sean Taylor,zachary53@example.net,ride_payment,75.78,USD,Card,Visa,SUCCESS,2026-07-03T13:13:25.786703+00:00
26364d8d-8b4d-4d91-893e-56f9c40a4e51,4d9123cd-34b5-4d0f-8592-523b8aa24cdb,Devin Jordan,obrown@example.net,refund,-62.7,USD,Wallet,,SUCCESS,2026-07-03T14:16:45.167907+00:00
c0aede0d-acd1-4f16-923d-3c8c12bfc679,b9f66506-9b8c-499d-a183-bd2ad022ee5d,Robert Roth,margaretboyd@example.com,refund,-82.68,USD,Wallet,,SUCCESS,2026-07-03T20:25:04.304186+00:00
a31fb02f-e894-4349-8883-60a0b1e72db7,d1f6393e-61c9-473d-b1c8-dd02553275d8,David Bowman,claudia78@example.net,cancellation_fee,-101.3,USD,Wallet,,SUCCESS,2026-07-03T20:28:25.055452+00:00
750e10b7-7d3c-4089-ab52-a34697b7fd73,a2d9f57d-a610-43c6-b4ed-d82cd071824a,Juan Chambers,daisy80@example.net,cancellation_fee,-153.47,USD,Card,Visa,FAILED,2026-07-03T20:33:06.764969+00:00
d7693808-096c-4831-af86-63f24583cc5b,7398b3f8-a52c-430a-be07-ff6566b9398e,Robert Rojas,zmyers@example.net,cancellation_fee,-113.74,USD,Cash,,SUCCESS,2026-07-03T22:38:53.990031+00:00
1fec261a-b00f-4ea5-aad7-e1fc26aa576a,f56da978-8f50-451c-861d-3d90ba1cf778,Matthew Taylor,sarapark@example.org,tip,13.77,USD,Card,Amex,SUCCESS,2026-07-03T23:18:15.103351+00:00
37a837e8-9026-48ad-9006-1f8efca83437,497736cd-1a6a-42a1-9eb1-3597b9f15566,Mikayla Vincent,ocantu@example.com,cancellation_fee,-154.36,USD,Wallet,,SUCCESS,2026-07-03T23:57:47.374660+00:00
458518a8-5f6a-4408-96e1-3b338b3b548c,bade3019-3573-4323-9ff7-9b09de8c7d99,Spencer Watts,zcummings@example.net,cancellation_fee,-53.28,USD,Cash,,SUCCESS,2026-07-04T01:20:15.678708+00:00
071fffff-8a24-46c4-9294-e473b7a3c8a0,b42e3d47-5314-4ef3-a789-8588b5eb7d5a,Jackie Franklin,alexis24@example.org,cancellation_fee,-84.46,USD,Cash,,SUCCESS,2026-07-04T01:27:17.474678+00:00
f19677fd-e667-483c-bd3d-0319f3db5d5f,96f314e9-6b02-4de6-81ee-04f8ad7292a7,Benjamin Alexander,watkinskathleen@example.com,tip,120.21,USD,Card,Discover,SUCCESS,2026-07-04T01:43:35.545210+00:00
eeb50ea7-bc39-43c3-878b-3dcc324da41c,57d7257a-3410-463e-a3a3-a33285265f41,Lauren Miranda,cooktimothy@example.org,cancellation_fee,-104.26,USD,Cash,,SUCCESS,2026-07-04T02:02:21.348635+00:00
587dace5-0757-498f-b93e-ef1696ebb4f9,c42d4544-a731-40b3-8c25-6d011d0f6a28,Casey Johnston,donald49@example.com,ride_payment,154.34,USD,Card,Mastercard,SUCCESS,2026-07-04T02:07:01.548437+00:00
a4e9d90a-601e-4a59-9212-574b6fc6b456,7a4d6df4-7224-4ef0-a233-01a35ef14612,Amanda Choi,mark58@example.org,refund,-64.21,USD,Wallet,,SUCCESS,2026-07-04T03:16:33.484056+00:00
a3ff4722-f79d-4797-b96c-a0f840a85187,182c3cba-b99f-4e27-803e-c6c9a784b1bd,Christy Choi,bowmandeborah@example.net,refund,-179.98,USD,Cash,,PENDING,2026-07-04T04:23:29.915574+00:00
364363da-e44e-4580-9856-9609b6c8a7cc,9ec4c92b-b949-4c95-8a3d-6b3e43dc0210,Christopher Burke,qmeyer@example.org,ride_payment,126.5,USD,Wallet,,SUCCESS,2026-07-04T04:25:45.824775+00:00
47bb3cab-608b-4bc7-b333-bc38c829b33e,e817b3f6-4fe0-4d76-8407-cfae7cba58df,Bryan Hart,brett95@example.com,ride_payment,30.64,USD,Cash,,SUCCESS,2026-07-04T04:46:58.452948+00:00
5085ea4d-9a4a-4143-bcc6-540ade87230c,e6877c18-b312-403c-8c9d-f9bfec54976b,Wayne Campbell,espinozadavid@example.org,refund,-171.44,USD,Wallet,,SUCCESS,2026-07-04T04:48:33.492634+00:00
7d13083b-1c22-458c-8d7e-6b3c41cc758f,27135778-e3a4-404a-90c9-e2e041b2d26b,Alison Boyd,pamela47@example.org,refund,-118.26,USD,Cash,,SUCCESS,2026-07-04T06:48:56.903000+00:00
1e987d72-0906-4ae0-b4ef-67dcd97863f0,9d8da7fa-47fb-4e1b-897d-c6fe4ebc9d11,Lisa Haynes,gambledanielle@example.com,cancellation_fee,-64.12,USD,Wallet,,SUCCESS,2026-07-04T06:51:51.975395+00:00
2f58a901-ab24-46c5-b846-7cf5a6a04701,14d565ae-5250-49dc-98a1-548cc39245c0,Susan Frank,flewis@example.net,ride_payment,107.77,USD,Wallet,,SUCCESS,2026-07-04T08:09:52.859171+00:00
1294b9ba-0741-4798-9e77-596ea6fbcf1c,c0251ccc-4242-41ec-b00d-d580dc271e3f,Megan Mccormick,rossronald@example.com,tip,23.23,USD,Wallet,,SUCCESS,2026-07-04T10:23:17.793948+00:00
54794ddc-6903-4dda-8c97-77cc4857df82,32e497da-7488-4d66-9350-559f00c00ffe,Micheal Michael,yesenia01@example.net,ride_payment,179.14,USD,Wallet,,SUCCESS,2026-07-04T13:32:06.812584+00:00
0c2ca20b-6c6f-4641-8d4a-67fa0935b1f4,a09e3be1-af47-44bf-a31c-aba6a2990b9b,Kelly Alvarez,kblackwell@example.net,ride_payment,149.02,USD,Cash,,SUCCESS,2026-07-04T14:17:57.415284+00:00
963eec14-c5b2-4be6-af8f-86c260f02d8e,0339c80b-4321-490e-bd41-03429819650b,Julie Hayes,joseph27@example.net,cancellation_fee,-137.32,USD,Cash,,SUCCESS,2026-07-04T16:06:59.278617+00:00
193b5abc-0eb4-47a6-9166-112ebc3a162c,7ff039c0-466d-4c68-9f75-b16a7e64976a,Lindsay Duncan,stevensonbrianna@example.com,cancellation_fee,-71.54,USD,Card,Amex,SUCCESS,2026-07-04T18:22:39.727515+00:00
763a5795-ca00-41c4-a8ff-6d3b04665e92,ce32a2a9-d167-4c8d-8212-14fa8670d76b,Andrew Wood,rwalker@example.com,tip,79.23,USD,Wallet,,SUCCESS,2026-07-04T18:46:04.946663+00:00
6ae840f3-101b-40b6-b728-7ad7fa1ca345,e5a51725-66a9-449e-9cf7-31bf5563db20,Victor Flowers,danielboyd@example.com,ride_payment,13.58,USD,Card,Mastercard,SUCCESS,2026-07-04T21:35:29.311074+00:00
5e154e2e-5987-4682-a9c1-7e424637d5d1,a9dba478-05fe-4d8f-a63b-3e85620cf44c,John Mckinney,jamespeters@example.org,cancellation_fee,-78.76,USD,Wallet,,SUCCESS,2026-07-04T21:42:13.571820+00:00
020451f8-979f-4a28-bfa2-13b0f5c03adc,ac82eee4-5b7b-45db-8abb-29f6655820a0,William Martinez,sphillips@example.org,ride_payment,78.73,USD,Cash,,SUCCESS,2026-07-04T22:05:58.757314+00:00
2fc5a3db-3509-4d20-9c6e-136c515ca862,09aba05a-e4c0-40b8-b983-345abea783bc,Zachary Mendez,curtisdavid@example.net,cancellation_fee,-113.17,USD,Card,Discover,REFUNDED,2026-07-04T22:13:16.158788+00:00
515b4138-36e2-4ce6-bdd6-b32ada911b44,645f98dc-72c5-4414-970c-fb69cd1122ca,Megan Knapp,mariohenderson@example.org,refund,-171.35,USD,Cash,,SUCCESS,2026-07-04T22:21:31.697357+00:00
ffc9a238-58fc-4da8-9220-a657862865c9,1857cdfb-bc03-4eb6-ab4a-08018abb54b4,Debbie Davis,jimmyrichards@example.com,refund,-32.49,USD,Wallet,,SUCCESS,2026-07-04T23:17:25.915976+00:00
d2720229-eaa2-4628-aef7-0f492a680292,1c193d8e-2e4d-41af-9c68-6b4cf3b50343,James Acosta,gwalters@example.com,ride_payment,45.27,USD,Wallet,,SUCCESS,2026-07-05T01:26:18.503979+00:00
8e784511-8dec-430d-8ffe-ee8afa153b04,efc9fcca-670e-466f-9058-fa1222adc54d,Sheila Arnold,lmorrison@example.com,refund,-94.17,USD,Card,Visa,SUCCESS,2026-07-05T02:38:36.541981+00:00
2b507222-5a0c-4f2b-ae06-b01aaf61b32c,2e697525-d3bc-4e4f-bbe1-363c1c470b45,Eric House,heidi37@example.net,refund,-129.71,USD,Cash,,SUCCESS,2026-07-05T02:51:13.949459+00:00
2ba1c4d3-33e3-4441-8875-57c981298a6f,43a8760a-0492-4090-8f54-b927d2ea0805,William Reyes,owensjulie@example.com,ride_payment,7.42,USD,Wallet,,SUCCESS,2026-07-05T03:04:47.422781+00:00
153e15a3-b53b-4edd-a675-64dc8e7533a3,1e785dd2-1b8c-4912-9401-aa4e68861ee4,Deborah Sanchez,jack74@example.net,tip,8.22,USD,Card,Visa,SUCCESS,2026-07-05T03:18:59.461874+00:00
02e6e114-0d8b-44d0-9059-9cc2bb560944,ac390281-a4d5-40a1-933c-360e3b43afc8,Jose Levine,jerrythompson@example.net,refund,-6.83,USD,Wallet,,FAILED,2026-07-05T03:21:58.863251+00:00
c4749496-1175-4120-8155-60fa5144f0fe,335901e0-1bc0-4b2e-99ac-180e9f9056f0,Jeffrey Cox,jill53@example.net,ride_payment,156.94,USD,Card,Visa,SUCCESS,2026-07-05T03:31:38.321222+00:00
31299c0f-872d-40af-a415-7170f5551a53,51c62ce6-aaad-4843-81d9-9e70309b2e9b,Nicole Adams,justin55@example.com,cancellation_fee,-40.28,USD,Wallet,,SUCCESS,2026-07-05T08:35:49.317329+00:00
1cd55b86-7f70-4fb0-a563-1f895a1e994b,0c95a1e5-4726-4d2b-a251-2ab4a2342293,Kelly Ritter,barbara34@example.org,cancellation_fee,-131.95,USD,Wallet,,SUCCESS,2026-07-05T13:28:14.482277+00:00
e39f5339-b3d0-42b1-9889-87c869a28c84,106090bb-cd0a-45f6-a8ab-3c22901451ed,Kathleen Elliott,ckent@example.com,refund,-30.0,USD,Card,Mastercard,SUCCESS,2026-07-05T14:54:47.434951+00:00
25fc9eab-f792-4c57-9337-cbd913f3edc7,2c33b133-652e-4c1d-9949-ea2256caadcb,Heather Flynn,makaylamartin@example.com,cancellation_fee,-87.28,USD,Cash,,SUCCESS,2026-07-05T16:24:05.464140+00:00
b45cda93-866a-407a-ad73-4f1af7c37c7b,b7888c47-9159-4253-b69f-7b21788389f8,Cody Sparks,akirby@example.net,refund,-90.09,USD,Cash,,FAILED,2026-07-05T17:35:15.491632+00:00
b0857667-56ab-4303-980d-fdac0e2fe3bc,5d8572a7-c963-470e-90c5-f4799bf83cc4,Jerry Harrington,andrew86@example.org,refund,-49.19,USD,Wallet,,SUCCESS,2026-07-05T17:42:31.561066+00:00
dec93a50-54a9-49ab-9ca8-2f368e12deb2,64421c06-5a08-426b-860a-ffcfca4226b6,Benjamin Schneider,jesus13@example.com,refund,-26.29,USD,Card,Discover,SUCCESS,2026-07-05T18:22:32.060405+00:00
68b7115f-d30b-472b-8cdc-5cb66e33a350,dbd90f60-5565-4144-8716-8e53ef490bb0,Christopher Little,kathryn57@example.org,tip,12.34,USD,Card,Mastercard,SUCCESS,2026-07-05T18:49:29.339652+00:00
09e93197-5fd8-4fba-ab49-02aa875bbde1,3c46599a-898c-47d0-bd04-046cfa92657d,Megan Parks,buckleybryan@example.org,refund,-177.44,USD,Cash,,SUCCESS,2026-07-05T18:58:38.899611+00:00
6a6b1a45-9352-4fce-84fe-4d5ff729d7d1,fce6082a-1abb-4089-bc0d-eeea0d4bebe7,Marissa Allen,rickyharris@example.com,ride_payment,55.27,USD,Cash,,SUCCESS,2026-07-05T20:07:12.735516+00:00
900b0a00-2049-4de4-918d-c6d16250bf61,aad5361e-bae6-4e55-82e9-0d871fc3cea8,Christopher Bond,jeffrey08@example.net,ride_payment,145.96,USD,Cash,,SUCCESS,2026-07-05T23:03:38.970170+00:00
11f064e1-33c2-43ec-bc29-891bbafd4ddf,cd03945b-24b7-49be-a602-a33bb579590c,Monique Moss,wallercourtney@example.org,tip,170.52,USD,Cash,,SUCCESS,2026-07-05T23:09:02.029840+00:00
254d7cf7-c500-499b-86c7-0c8c79e407af,83415e65-2e14-4672-867e-3f7a7d6f0deb,Aaron Graham,gary03@example.com,refund,-76.01,USD,Cash,,SUCCESS,2026-07-06T00:03:11.657803+00:00
93414afc-21bf-4b76-98cb-91ae4c67eb2c,fd44f137-1537-4aae-9c44-00ffe7aabd12,James Martin,lunadana@example.net,cancellation_fee,-50.3,USD,Card,Amex,SUCCESS,2026-07-06T01:07:30.029420+00:00
56220bec-fe3c-4f51-b07a-a87d3229be1e,50879eb8-f32c-4b8a-a558-e6d55d1da1c4,Heather Ferguson,patriciasolis@example.com,refund,-71.65,USD,Wallet,,SUCCESS,2026-07-06T01:19:18.475837+00:00
64da2b3e-222b-4020-9eeb-957c651d77fd,5b754291-a387-4abd-9dd8-e0fe3747da10,Mr. Juan Williamson,christopher09@example.net,tip,141.75,USD,Card,Visa,SUCCESS,2026-07-06T01:24:55.400006+00:00
4049e91c-71cf-48ee-80fa-1428da64baa7,c1281038-e1bc-4722-a79c-f0cf0a8a45dc,Kristin Le,william51@example.org,ride_payment,161.91,USD,Wallet,,SUCCESS,2026-07-06T01:50:07.453581+00:00
be56b08b-320d-4e3f-9573-7bebabf446d4,c1fce803-061e-4077-838a-734ac0338346,Susan Hernandez,brandyvalentine@example.org,refund,-46.17,USD,Wallet,,FAILED,2026-07-06T01:50:17.860949+00:00
f8047828-e567-4ddd-b16e-67461220b077,0a524033-4b71-4e70-be50-b4b6c2267eb2,Robert Taylor,taylorkimberly@example.com,refund,-117.09,USD,Cash,,SUCCESS,2026-07-06T02:25:50.571087+00:00
36b1f17d-a381-4122-8584-e355dfd1affa,9b605cce-f371-4154-92bb-067892fef2a8,Vincent Morales,thomastina@example.org,refund,-126.94,USD,Wallet,,SUCCESS,2026-07-06T02:55:52.416448+00:00
a72ca111-369f-4dd8-ae0a-3b8ce035e458,71c2e233-5fd6-42cc-b67d-37e4f3e3f070,Roger Collins,samuelkemp@example.com,ride_payment,164.79,USD,Wallet,,SUCCESS,2026-07-06T04:33:52.441325+00:00
297ba143-774f-46fa-88a7-836ed921bc48,4395202a-f9e6-4fac-9993-15cce0d0a55f,Brandy Huynh,jwoods@example.com,cancellation_fee,-59.33,USD,Wallet,,SUCCESS,2026-07-06T06:12:16.036607+00:00
7e62e86a-7a9a-4436-8c3f-454aaea4de88,a8745770-b6b5-409d-8633-cf9b89d9cac8,Charles Harris,taylortravis@example.net,ride_payment,150.74,USD,Cash,,SUCCESS,2026-07-06T07:48:59.928320+00:00
743b5152-d90b-4999-9053-2caaca010c42,eb1f6bfe-0b07-4325-8dce-c37f1916e6d6,Daniel Jordan,charles59@example.org,tip,39.39,USD,Wallet,,SUCCESS,2026-07-06T08:01:42.626669+00:00
694b371c-24b6-4ac6-97dc-d6f16b007add,3e092f71-b064-4c3b-9956-7526d637fc93,Anthony Smith,evansmichael@example.net,tip,135.28,USD,Card,Visa,REFUNDED,2026-07-06T08:02:22.043955+00:00
71ffa461-6f24-4d55-b0ca-7640eef8f6e6,d7964005-ae27-49b7-bacf-fcfdd41a1091,Keith Turner,wrightjacob@example.net,ride_payment,10.82,USD,Card,Visa,SUCCESS,2026-07-06T08:28:15.538419+00:00
c09187f7-2c79-46c4-a32e-0735d7a37b24,02341688-41d0-4d0b-86ac-4485051508a4,Mark Mercer,rosschristopher@example.com,tip,22.96,USD,Card,Visa,SUCCESS,2026-07-06T08:34:35.197577+00:00
2a6fa76c-b728-4ca1-8d97-159b455654a4,f454674f-f679-44a4-9884-9efa829a1779,Steven Cardenas,frank66@example.com,tip,120.65,USD,Cash,,PENDING,2026-07-06T10:41:50.914388+00:00
6a3fe4a2-7d38-4d76-a111-4da26e9da896,d6a85348-d36f-4902-924b-0f7a83a1bea3,Stephen Williams,ichapman@example.com,ride_payment,112.76,USD,Cash,,SUCCESS,2026-07-06T12:39:08.592770+00:00
2026a14f-6f2f-47be-8542-4cf711076f66,c1540c7d-333c-4955-bbf4-00a9499f0106,Angel Johnson,anthonywebster@example.net,ride_payment,129.18,USD,Wallet,,SUCCESS,2026-07-06T13:59:07.025057+00:00
96e8cd21-272b-474e-b165-e0df5232faac,73fb44ec-7a69-4c6c-ad1b-2aed8ecfca46,Craig Ramos,david64@example.net,ride_payment,99.32,USD,Card,Amex,SUCCESS,2026-07-06T18:50:24.568595+00:00
0f8caa29-5cbf-4b78-b8db-9bbc2dbf3dc7,b50912ef-f57f-4552-8fb9-f12f2a32293a,Taylor Gill,fblair@example.org,cancellation_fee,-85.23,USD,Cash,,SUCCESS,2026-07-06T21:52:39.086727+00:00
bcdd3466-f5b8-4765-959e-67e2c85fed4d,88800fd1-ca8e-433c-a3c5-a735d7388f5c,April Oneill,davissusan@example.net,cancellation_fee,-172.54,USD,Wallet,,SUCCESS,2026-07-06T23:21:05.411643+00:00
0c4a3b16-8ccb-470e-9e34-e31a574709be,5b5865c1-2a21-4db3-9576-4898ab1db555,Dale Hernandez,sophiabond@example.com,ride_payment,152.65,USD,Card,Amex,SUCCESS,2026-07-07T00:45:29.364951+00:00
cf2ef90c-693f-44a2-a919-54fc366793b1,a253936a-8fb2-4460-8c1b-e6169f641518,Nicole Brown,zgonzales@example.org,cancellation_fee,-98.09,USD,Wallet,,SUCCESS,2026-07-07T01:38:45.283134+00:00
4c05151d-cc78-43ff-b89d-d50d013d9552,79e66a98-42e2-4347-8fde-de9a0df6e193,Jacqueline Sanchez,jyoung@example.org,tip,21.5,USD,Wallet,,SUCCESS,2026-07-07T03:23:01.167228+00:00
da335abb-370c-41ce-ac1b-a745dfe4477b,e03f01d9-e841-4cd8-9ed1-d690aa77b648,Laura Smith,ashley07@example.org,refund,-128.46,USD,Wallet,,SUCCESS,2026-07-07T03:40:44.566174+00:00
20ac9c4b-8446-4c17-8b3a-f2fc8c96cf91,b734f3dc-2373-4f02-a3c0-1bffd6b02d0f,Debra Callahan,sarah53@example.org,cancellation_fee,-103.41,USD,Cash,,SUCCESS,2026-07-07T08:10:26.853973+00:00
ed1bb34b-70bf-4544-9ea7-31448646b8c0,9d64ec6a-b87a-439f-9117-90b0ea909679,Ann Guerrero,bill86@example.com,ride_payment,54.23,USD,Wallet,,SUCCESS,2026-07-07T08:22:14.821815+00:00
d618782a-4443-4510-b788-714ed3775389,5e92ddfa-bd12-42d3-9793-e3dac2125ee6,Jennifer Mahoney,danielwade@example.org,tip,47.5,USD,Card,Mastercard,SUCCESS,2026-07-07T09:24:27.214671+00:00
4798903f-5c1e-45db-bd3c-18720535ecf1,6e2a2bbe-ec56-4f34-9534-0b57ebd4d0ba,Mark Wright,lorihall@example.org,tip,160.76,USD,Card,Mastercard,SUCCESS,2026-07-07T10:13:14.248166+00:00
1e1df5bc-1f12-4fc1-9c6c-517293645a98,702a4884-8d9b-4733-96b6-5fa10affc2a9,Connie Moore,mccarthydavid@example.org,ride_payment,113.64,USD,Wallet,,SUCCESS,2026-07-07T11:08:23.253132+00:00
556a8dbe-8597-44d8-b854-166d1709e362,8004071e-e07a-446b-9431-e49071bd236f,Jennifer Bullock,rebekahjuarez@example.net,cancellation_fee,-75.14,USD,Wallet,,SUCCESS,2026-07-07T12:21:32.576514+00:00
8dc28722-bb17-42dc-aebd-f8610ca9d8ff,b2af7b2d-15db-4595-a501-23cb2f2bc21f,William Richards,richardherrera@example.com,ride_payment,27.86,USD,Card,Visa,SUCCESS,2026-07-07T12:33:23.323321+00:00
be63535e-70ab-408a-84c8-c5a7dfa1643c,8830b5fb-1f47-4093-a57a-350f7782c852,Kristen Russell,stephanie91@example.net,refund,-119.49,USD,Cash,,SUCCESS,2026-07-07T15:19:22.084132+00:00
c97241b3-e72c-4e78-9999-53fba3f10051,219bc313-d6cb-41e7-a072-6a044f79c946,Donna Harris,crawfordjames@example.org,tip,114.94,USD,Card,Mastercard,SUCCESS,2026-07-07T16:16:18.647620+00:00
2405764e-f276-487d-8ee8-749fc6119e31,cb3b4ef1-b5b2-4802-afc6-628642306de0,Crystal Schroeder,xmccormick@example.net,refund,-36.93,USD,Wallet,,SUCCESS,2026-07-07T17:05:55.029687+00:00
65864c39-1277-4d7b-a433-7b152ccff938,1d3f6527-2899-4a4e-9590-d700c66e3864,Megan Levine,thompsonsonya@example.com,tip,178.08,USD,Wallet,,SUCCESS,2026-07-07T17:52:07.371584+00:00
4e69987c-a960-45f8-baae-283a8e9e19ef,f66ea367-0cbd-4fbe-9338-86d6cfe95697,Theresa Torres,troywashington@example.com,cancellation_fee,-60.24,USD,Card,Discover,SUCCESS,2026-07-07T18:42:14.130117+00:00
88bf58ff-97a4-45a1-a664-d8dc0e145548,57034311-561c-4b19-abf0-ec9bb32ea574,Rachael Bell,melissabell@example.com,tip,144.48,USD,Cash,,SUCCESS,2026-07-07T19:45:48.656557+00:00
55eec2ef-f3e7-410e-bdf4-8c39e398b623,c5cef9b3-1eb8-47b0-9b2b-a11bec08a039,Lindsay Johnson,qhernandez@example.org,tip,40.41,USD,Cash,,SUCCESS,2026-07-07T20:15:14.656972+00:00
1b71a8c1-3075-453b-8ca6-73e046c8b5bf,0199b9a6-ba32-4da6-8bdc-45aa670ee989,Jamie Reynolds,melissa19@example.org,cancellation_fee,-128.08,USD,Cash,,SUCCESS,2026-07-07T20:46:14.132254+00:00
a28a09c8-5822-4186-be93-a35b36039c2c,6da9d280-2bf1-4a0e-b89b-8cf3a91996b6,Anthony Benson,lopezstephanie@example.com,cancellation_fee,-20.63,USD,Cash,,SUCCESS,2026-07-07T21:25:46.732344+00:00
6b971547-a355-4153-962c-6b919d9aa3fe,e76acaba-2e67-4414-9a7a-5c605cd72162,Christopher Meza,gstewart@example.org,refund,-70.01,USD,Card,Visa,SUCCESS,2026-07-07T21:26:39.250572+00:00
27aff001-7b60-416f-b514-ef30ed90194e,51c5d6e6-1d5f-4303-b329-2a28db815431,Charles Miller MD,tylertorres@example.org,tip,117.87,USD,Card,Visa,SUCCESS,2026-07-07T21:39:33.692798+00:00
3bec3e28-a384-48e9-8759-48ab8d4094e6,501b15a1-fbf0-4de7-9476-5bb97d5fa223,Ruth Phillips,browngeoffrey@example.com,refund,-116.03,USD,Wallet,,REFUNDED,2026-07-07T23:55:32.503382+00:00
2fcccad5-c593-4830-b61c-a274a0f313aa,58912c86-032e-4259-80db-a6e4375282a4,Ashley Bonilla,doughertyrobert@example.net,cancellation_fee,-143.51,USD,Cash,,SUCCESS,2026-07-08T02:04:57.694513+00:00
fb523363-7fb8-404d-a33d-7dd41c1be252,fa0e64a9-51af-4853-9796-24e7c2fbd2ea,Gregory Nunez,patrickanderson@example.org,cancellation_fee,-45.98,USD,Cash,,SUCCESS,2026-07-08T03:09:11.531208+00:00
dcf73490-79ad-448a-86a6-3b3560bf1a32,4ec40b7f-1a56-484b-87e5-4b21341215b5,Troy Gordon,adamballard@example.net,tip,25.8,USD,Card,Mastercard,SUCCESS,2026-07-08T06:37:12.838060+00:00
8b48a5cc-17da-4909-a3d1-e890db1cfae5,aec81e5c-ea10-4f35-bd4f-408243f09efa,Jeremy Gonzalez,ronaldparker@example.org,refund,-132.17,USD,Card,Amex,SUCCESS,2026-07-08T10:09:59.911972+00:00
c5024b3d-b82d-45cc-a023-ca38154f06d7,db910e40-243e-4460-9807-fcc2fc394bfd,Michelle Thomas,ujohnson@example.org,ride_payment,83.0,USD,Card,Amex,SUCCESS,2026-07-08T11:03:12.283220+00:00
dae99cbc-c79f-47ef-a039-3274afb5eb9c,1c5580c0-a838-4de1-9f54-0d55af5c4845,Valerie Donaldson,jilliangibson@example.org,ride_payment,146.24,USD,Card,Visa,SUCCESS,2026-07-08T11:14:30.738116+00:00
0dc2f47e-1d38-496b-9e17-8e4d52bbdc66,218f6252-40bb-45fc-a651-55505ba199b7,Monica Rodriguez,justin05@example.net,ride_payment,42.98,USD,Cash,,FAILED,2026-07-08T11:39:22.842647+00:00
31422cb1-08fe-407d-b00b-df4a4dce9d6f,aa391b02-490d-4bf0-b205-01b62c9ac472,Mr. William Brady,nmason@example.com,cancellation_fee,-67.68,USD,Wallet,,SUCCESS,2026-07-08T11:54:38.790443+00:00
66a05920-b584-47b6-8199-d7d32b63e8a0,62768d3c-fb73-42bd-a220-211f7e69b436,Heather Adkins,mariegraves@example.org,cancellation_fee,-71.53,USD,Wallet,,SUCCESS,2026-07-08T12:22:58.888831+00:00
921cc9e4-7b28-4cac-9af2-23c00ab12430,e18682f2-9532-4ab1-9507-913035821efd,Angela Rodriguez,diamondmoore@example.com,cancellation_fee,-50.1,USD,Cash,,SUCCESS,2026-07-08T13:14:44.779115+00:00
85dc551b-9ca5-4b8b-b933-cf3ebc56b75a,1dd8dac8-981c-4f2a-9261-903c7213f7cd,Jeremiah Humphrey,bmorrison@example.com,ride_payment,130.92,USD,Cash,,SUCCESS,2026-07-08T14:38:57.947232+00:00
b8c9f26e-cd13-41b9-8a23-2e2e2ae7199a,84752470-49bf-41cc-8acc-7daa17b7c62f,Amanda Blair,vwalker@example.com,tip,78.85,USD,Cash,,SUCCESS,2026-07-08T16:14:58.712726+00:00
e7670ebd-fd04-4d0e-9641-6c53b01810f8,88f72445-397a-42d3-a51b-ab00e39e570c,Danny Green,lwatts@example.org,ride_payment,152.81,USD,Cash,,SUCCESS,2026-07-08T18:07:27.620715+00:00
446d7868-25b5-4295-a896-a81af8b24e50,6eaaa977-c45f-4f77-bad0-20b527663886,Angela Waters,tstewart@example.org,cancellation_fee,-67.98,USD,Cash,,SUCCESS,2026-07-08T18:21:05.338327+00:00
0a69aa2f-fc63-4350-bf15-81d2f390559b,ff623fd6-a762-45cb-ad43-eced1f1fb251,Kevin Walker,jordanvalerie@example.com,cancellation_fee,-173.33,USD,Cash,,SUCCESS,2026-07-08T19:16:09.415228+00:00
6cc0bd21-fa93-44e2-b81a-3b5e07837fa9,3e1cb8cb-adda-4d9a-b046-aa876b4ef9b6,Melanie Cole,imassey@example.net,cancellation_fee,-104.13,USD,Wallet,,SUCCESS,2026-07-08T19:41:54.289250+00:00
efb40f3a-41ed-4a84-beb7-43bf1f110451,1510a8d2-8c56-494a-a0b2-d888345a33df,Gwendolyn Scott,qsmith@example.net,ride_payment,80.69,USD,Card,Mastercard,SUCCESS,2026-07-08T20:27:37.578313+00:00
38404723-7bb8-4520-8afc-15c81da0a55a,b1dca80c-ac79-45b6-9e92-44f9d07cdd68,Amy Romero,thomasraymond@example.com,refund,-169.47,USD,Card,Amex,SUCCESS,2026-07-08T20:29:50.133347+00:00
d734ce70-c660-4121-9d86-125eb8c10371,aa6db983-70bc-4117-9e06-2642869c1fdd,Rebecca Macias,millerlori@example.com,cancellation_fee,-95.53,USD,Card,Discover,SUCCESS,2026-07-08T21:43:19.954234+00:00
87d9df53-617b-41d1-9d7d-ce188e62377b,a9b3f108-2c78-4a8b-913a-96b64d5e1574,Bryan Stephens,wileyjohn@example.com,cancellation_fee,-130.13,USD,Cash,,SUCCESS,2026-07-08T23:39:01.228690+00:00
01113d7a-26e6-4ce4-ba06-aad94459d296,26e34d4d-aaac-45ed-9041-780cb3762f74,Dylan Trevino,tgarcia@example.net,ride_payment,12.17,USD,Wallet,,SUCCESS,2026-07-09T01:20:21.168556+00:00
36b7bc88-3db4-48e0-859d-88755b9f727c,2766bef2-a3ba-4f70-a0a3-e311ae4cff69,Mrs. Kristi Cole MD,qgrant@example.com,tip,135.95,USD,Card,Amex,SUCCESS,2026-07-09T01:48:10.012302+00:00
b972f0cb-8beb-4acc-9274-ab7b591750ed,5658baad-49b8-44a0-8b94-d9a7a2dc7d00,Erica Sutton,jonathan44@example.com,tip,172.18,USD,Card,Discover,SUCCESS,2026-07-09T03:14:46.429563+00:00
24a9c015-6a62-42fa-a0d7-b6f50445c352,510670d8-c922-477b-803d-ba2ecfec6080,Brian Cummings,kaylaflores@example.net,tip,50.28,USD,Card,Amex,SUCCESS,2026-07-09T07:49:33.068111+00:00
53d50acd-1d45-4838-b603-61d34eae1ef9,567fa953-33c0-4384-8835-794ee9f4e097,Victoria Kim,james78@example.org,ride_payment,108.72,USD,Wallet,,SUCCESS,2026-07-09T08:30:28.741486+00:00
60db3ece-44c2-436d-9855-eb14d106381c,f8815424-f529-4026-a815-7c2bb55a0467,Jeffrey Bell,chelsey87@example.net,cancellation_fee,-108.54,USD,Wallet,,SUCCESS,2026-07-09T09:59:21.408551+00:00
90dac495-6a35-4d09-b573-6d2f06aff5db,0fa1ab4c-8f61-4b2d-acd3-e72207b22090,Matthew Soto,garciadana@example.net,ride_payment,52.71,USD,Card,Discover,SUCCESS,2026-07-09T10:46:28.989893+00:00
dfabc044-faf0-4e4d-b5a6-fe2c283ce7df,06d2178a-e50a-43ff-8ebf-38d629a4554f,Joy Green,heatherwheeler@example.com,tip,9.44,USD,Cash,,SUCCESS,2026-07-09T11:47:04.889913+00:00
079fe237-9429-44e1-9474-b1f3051b3add,589ad1f2-090b-48ce-b860-a246d95d140a,Samantha Johnson,edwardsrichard@example.net,ride_payment,30.27,USD,Wallet,,SUCCESS,2026-07-09T11:49:15.135114+00:00
fd3c4d69-0be4-4fac-b0d2-4481f55c4678,8673445a-902f-4ece-8f04-553a57b61c30,Stephen Yates,peter38@example.com,cancellation_fee,-40.41,USD,Card,Amex,SUCCESS,2026-07-09T12:13:24.957694+00:00
cf09eb97-f7f7-41d0-8012-46170b69c0f9,56309077-eabf-4bcb-b689-de31a4f1ba20,Deborah Welch,patrick98@example.net,tip,171.13,USD,Cash,,SUCCESS,2026-07-09T12:15:45.509326+00:00
67a7176f-5f6b-4f90-b1a6-5a08b2801aa9,c93c716d-5c33-4d6d-bc75-18fe00995735,Melissa Hernandez,thompsongeorge@example.org,ride_payment,23.13,USD,Card,Amex,SUCCESS,2026-07-09T13:03:41.604949+00:00
1d0c2277-41f5-41d2-8ba2-5fd3bd858ebe,e9acdceb-b950-4032-ac48-7eab8153e965,Kim Miller,iwebb@example.com,cancellation_fee,-87.9,USD,Cash,,SUCCESS,2026-07-09T13:23:57.622535+00:00
b7158b1b-d0b9-4d34-8d48-9d31df26c02d,f3ada6e4-c03a-4795-a9f0-3bb12cbccef0,Andre Ford,eric20@example.com,cancellation_fee,-117.81,USD,Wallet,,SUCCESS,2026-07-09T17:36:31.819876+00:00
49cf918d-ebe6-4da1-ae3f-b4bc7f8b129d,ee9b780d-3c14-4ca5-b43d-57935ef26d98,Jennifer Harris,jenniferdiaz@example.com,cancellation_fee,-130.04,USD,Cash,,SUCCESS,2026-07-09T17:39:50.627094+00:00
0f7b7027-3701-4762-8bfe-36b89538e3bc,87005ea4-d398-4201-888a-89183011ff05,Anne Dudley,bhunter@example.net,refund,-70.39,USD,Cash,,SUCCESS,2026-07-09T19:12:21.591146+00:00
84694a82-1067-408a-851c-46eefc26adb3,e503163d-7277-4a0d-b26b-f06756408b9f,Leah Johnson,rwalton@example.org,refund,-53.22,USD,Cash,,PENDING,2026-07-09T20:04:46.124855+00:00
55531930-cf6f-4b3f-a5ac-701a6b6445dc,7d964148-57f6-4308-b73b-e709407a2434,Sara Hernandez,qrodgers@example.com,tip,146.59,USD,Cash,,SUCCESS,2026-07-09T20:48:06.874590+00:00
e8da00d3-f9d4-406a-9bc0-95497f65e8c2,066feef3-73f4-40d4-869b-8b7d8ff7ac60,Daniel Allison,tracybaker@example.com,ride_payment,130.25,USD,Wallet,,FAILED,2026-07-09T20:55:18.982948+00:00
20ab5efa-b38f-4977-9d58-af8c10cf7b6b,be16fa4f-79bd-477e-a7df-20a142b2cfa1,Andrea Wilson,caitlin66@example.org,tip,175.17,USD,Wallet,,FAILED,2026-07-09T22:18:45.841959+00:00
5fa889fd-18f3-456e-a5ce-5644131f0b62,9d562bad-2e15-4cbc-bbf8-a96a029221d5,David Williams,jaclynhall@example.org,cancellation_fee,-23.54,USD,Cash,,SUCCESS,2026-07-09T22:44:06.528863+00:00
78934118-569e-45e2-b1b0-d20d17d917f6,248fa57b-8d98-4dac-aea3-c15239504f2e,Amber Russell,kevincastillo@example.com,refund,-101.54,USD,Wallet,,SUCCESS,2026-07-09T23:46:53.971820+00:00
99978d01-73f6-409d-afc6-b4253276227c,d825a5c6-cf35-4715-acf8-ad716aee8fbf,Donald Perez,jennifer50@example.net,ride_payment,10.14,USD,Card,Mastercard,SUCCESS,2026-07-10T03:24:12.533732+00:00
206f14d1-f985-44f8-85ef-b25e9673a64d,621a9dea-577e-4ae6-8c91-2e53496c5e49,Joseph Wallace,eclark@example.com,ride_payment,54.1,USD,Cash,,SUCCESS,2026-07-10T03:40:39.525042+00:00
8bbc5544-f7c5-4ef5-8b70-3694dcca40d1,20d13759-7b3d-42f8-b0d4-478cd35057e3,Amanda Wright,vbarrett@example.net,tip,38.4,USD,Wallet,,SUCCESS,2026-07-10T06:10:42.887578+00:00
67db98df-3a8a-411a-843d-f570498c529f,67f620d2-28df-45da-858b-820f12669353,Teresa Moreno,bradleyconnie@example.com,tip,128.33,USD,Wallet,,SUCCESS,2026-07-10T06:54:24.119899+00:00
0853e67b-c809-4f13-b571-56d4f5a9f6ee,2a2e9043-3d50-4336-ad99-1aae9e6c8a0b,Vickie Morgan,xjuarez@example.com,tip,90.63,USD,Card,Mastercard,SUCCESS,2026-07-10T10:01:34.120677+00:00
26138152-bc60-4c7b-a5a2-107e72bd7c00,b82ebf11-c39c-4694-98e2-faca461c52e7,Paul Luna,kenneth67@example.org,ride_payment,31.71,USD,Wallet,,SUCCESS,2026-07-10T10:26:21.855565+00:00
6c097c18-6923-4d82-8e29-124e4e2b755d,96eb0963-b8c8-42e4-b6be-1484994a4f50,Emily Richards,lisa90@example.com,ride_payment,44.2,USD,Card,Discover,SUCCESS,2026-07-10T10:34:54.659490+00:00
6ec05b21-94fe-40ab-8b90-78c688a4f21b,5a05fec0-155f-429e-a163-3d3d9357f6d1,Tanya Greene,paulpotter@example.net,tip,121.84,USD,Card,Discover,SUCCESS,2026-07-10T10:49:59.885710+00:00
b960a550-59bd-467d-a524-e7c315da162b,d17d414f-73fb-49cb-b059-9c208b8d968a,Dr. Jamie Chan,megan84@example.org,refund,-10.82,USD,Cash,,SUCCESS,2026-07-10T11:00:27.186205+00:00
eb32a933-38ae-4189-a034-23b646dd3bcc,3dfdc00a-1e02-486d-89af-c5b76f720e46,Thomas Chen,hcameron@example.org,cancellation_fee,-177.04,USD,Card,Visa,SUCCESS,2026-07-10T11:03:30.443394+00:00
f65ae6b8-e470-46e5-bad1-e113f234f12f,e6ef5d0e-3834-4e6a-8116-21d328624ee6,Troy Hart,fbell@example.com,refund,-102.91,USD,Cash,,SUCCESS,2026-07-10T11:46:28.258734+00:00
11e1f0d6-89ce-472c-b28a-bce341542fe3,77b15605-9211-4d65-9f76-09de8e9e6b47,Matthew Crawford,joseph99@example.org,ride_payment,31.63,USD,Card,Mastercard,SUCCESS,2026-07-10T13:10:23.454536+00:00
219220c6-cb17-494c-b75a-474503c9cb3f,3433afbc-52f7-4d90-85bf-d1b1e440c0d9,Christopher Fisher,imeyers@example.com,cancellation_fee,-82.73,USD,Cash,,SUCCESS,2026-07-10T13:29:31.467330+00:00
46504172-e914-42a8-99d3-93617dbb7149,2af7f7b6-0c99-44ca-b8ec-f1019f5ba5d7,Haley Aguilar,tjones@example.org,cancellation_fee,-161.89,USD,Card,Discover,SUCCESS,2026-07-10T15:49:15.475228+00:00
2288bc3e-27d4-4a69-bc11-a2bd3f087b4e,ae69e025-061e-45f1-8f1b-7300df1492fc,Karen Nelson,herreramarcus@example.org,ride_payment,34.0,USD,Card,Mastercard,SUCCESS,2026-07-10T16:46:55.127491+00:00
a870ef12-0a2b-4b20-ad2c-0a630842a11d,caab3173-2c93-4340-9786-9d97e4370776,Michael Bell,elizabethmann@example.com,refund,-137.69,USD,Card,Visa,SUCCESS,2026-07-10T17:09:09.658297+00:00
437944a9-9e85-4eae-9858-285d8f6d9e67,08ac7bc7-fc7b-4b92-9903-c0221e72c910,Kenneth Lawson,thomasstephanie@example.com,refund,-94.39,USD,Wallet,,SUCCESS,2026-07-10T18:18:32.698225+00:00
c99c38dc-7416-43cd-b68d-538c1d625c46,4b2694c9-4cd7-41fd-856a-01b038c9bb08,Kari Mueller,robertstyler@example.org,tip,98.0,USD,Card,Mastercard,PENDING,2026-07-10T18:55:28.095090+00:00
1705c1c5-c77c-4f83-9e17-1378a1fdc8e6,16ec84ab-6caa-49ff-9f08-d2616ebd9b49,Stephen Stevens,collinsbrent@example.net,refund,-115.17,USD,Cash,,SUCCESS,2026-07-10T20:22:48.761853+00:00
13d94665-10fc-49b9-a0ae-02c3a05ac88d,29f1e86b-7512-4e8c-9a60-efe1545856d7,Kenneth Allen,jason01@example.com,tip,157.1,USD,Card,Visa,SUCCESS,2026-07-10T21:06:53.542720+00:00
53f228fa-6eb4-4aa2-921e-1c133808720c,5ed3239b-b10f-4d6c-be45-101a17fa8847,Cameron Lawson,lukestevenson@example.net,ride_payment,15.2,USD,Wallet,,SUCCESS,2026-07-10T22:21:58.180772+00:00
10e43c40-b7c6-4185-bca8-3d2e4f491942,15433609-4754-4b69-8901-328b56555e85,Laurie Mathis,darryl40@example.net,tip,70.24,USD,Cash,,SUCCESS,2026-07-11T01:17:27.682471+00:00
8e43a2f7-14e8-4418-b40b-48e7e45a5dff,61f6f7f3-851d-441b-8882-90ff5fda4dbf,Brianna Reed,michelecollins@example.net,tip,130.29,USD,Cash,,SUCCESS,2026-07-11T03:55:32.237844+00:00
42efca1a-0695-47a6-9540-723aa2ea456c,e2c1520e-831e-47ce-8e4f-5ec6b37ecde5,Larry Wilson,smithjennifer@example.net,tip,144.42,USD,Wallet,,SUCCESS,2026-07-11T05:37:23.363859+00:00
1e5dddab-039d-4a79-8303-6e5d4e0bb468,4dd8bfe3-25d4-4274-bd29-3ba0e5bbd38b,Alejandro Clark,brian30@example.net,ride_payment,120.1,USD,Card,Amex,SUCCESS,2026-07-11T07:00:07.877583+00:00
6556a995-8805-402e-bc16-2b7ae8acd679,262e84ec-e7cd-49ce-8393-38412f374767,Katherine Fernandez,calvinmoore@example.com,cancellation_fee,-25.65,USD,Cash,,SUCCESS,2026-07-11T08:26:17.145878+00:00
08ff27a3-d3e2-4aec-a329-b6b804993beb,9a8134d9-bfa1-4bf7-924d-646a195603cb,Debra Brown,robertbrown@example.com,cancellation_fee,-97.21,USD,Wallet,,SUCCESS,2026-07-11T12:05:44.518568+00:00
13fb2aac-f739-4757-8b95-efb8a2038af7,bc918482-8b58-4b05-81d4-150a413a3996,Robert Cox,aedwards@example.net,ride_payment,44.36,USD,Wallet,,PENDING,2026-07-11T12:34:11.990121+00:00
fcc46a90-9d91-4b94-9ffc-7f76d63bce87,673b034f-d390-4a28-a17c-eed3c236ddce,Alan Haas,qmoses@example.com,cancellation_fee,-14.24,USD,Wallet,,SUCCESS,2026-07-11T12:39:27.583885+00:00
a2cbaadf-0afc-49da-9112-83d8aa070f3d,bdfeeaa5-d7f7-44ac-abc7-7abf1aac0fe8,Kathryn Jones,rangelcarrie@example.org,ride_payment,164.66,USD,Wallet,,SUCCESS,2026-07-11T14:14:58.874804+00:00
0e0de7d1-0a14-4ac1-b4b0-1c44492b3a03,4db236f1-f2a9-46c6-b480-76c9b6c4d312,Erica Vazquez,john20@example.org,cancellation_fee,-136.2,USD,Wallet,,SUCCESS,2026-07-11T15:11:42.316472+00:00
eb9d24f1-ed02-4bd3-9944-844a81328123,be4dab63-44cd-44e9-a103-1949f8e7662e,Carol Allen,jessicasalazar@example.com,ride_payment,127.54,USD,Cash,,SUCCESS,2026-07-11T16:32:57.997414+00:00
88b416b3-10ac-443b-af95-df7775cd15de,be615236-b8e9-437b-b1f7-8024b8a7a00b,Anthony Beck,foxbrandon@example.com,refund,-61.0,USD,Card,Visa,SUCCESS,2026-07-11T18:03:34.963315+00:00
f8ad0f19-cb1f-4f82-89b1-bb73dabea908,cc4bfc0f-ef76-42f2-8d1a-b96f640e9f39,Tiffany Cruz,staceyjordan@example.com,cancellation_fee,-40.4,USD,Card,Mastercard,SUCCESS,2026-07-11T18:04:17.580428+00:00
96ec2456-b1eb-4564-bca0-903785b80e94,fac11537-ab03-4960-b852-2da5c905b7b7,Steven Castro,dukelauren@example.net,refund,-71.66,USD,Cash,,SUCCESS,2026-07-11T18:27:07.853616+00:00
72b38810-f9fa-4ed5-888e-c3d5e6807a4c,9434c0ea-14f7-4a6e-a445-2d07ddb4c0a7,Timothy Curry,harperjessica@example.com,tip,49.58,USD,Wallet,,SUCCESS,2026-07-11T19:22:43.474527+00:00
5418f1b5-41a2-4a85-97f4-e9df5ec30da5,2051cace-95f6-460b-8b9e-6e6dc807875e,Paul Key,nicholascombs@example.net,refund,-114.43,USD,Cash,,SUCCESS,2026-07-11T19:24:56.654647+00:00
f5664cf8-5cc7-4bd5-926f-9e1165d36fdf,b15b571e-fd55-4d29-9cf6-3db5a3687698,Deborah Ingram,rogersjames@example.net,ride_payment,147.8,USD,Card,Discover,SUCCESS,2026-07-11T20:31:08.635126+00:00
c8828678-a5bd-4255-ae21-73a8ee3715c3,d5196cb8-e825-43ed-aa9d-095575a0023c,Timothy Guzman,wdixon@example.com,cancellation_fee,-136.51,USD,Card,Amex,SUCCESS,2026-07-11T20:38:33.057008+00:00
a4083e40-ee0f-46a3-b4c4-85ad06bde3cf,1eb2d953-182d-48df-bf31-c3ace0a7efe5,Scott Larsen,alexandra65@example.com,refund,-118.92,USD,Card,Amex,SUCCESS,2026-07-11T21:26:03.439419+00:00
4ee1c307-b98a-4b99-a7e7-5842e58d2836,53c6e111-65fc-47e2-9ebd-0f0e18a09d7f,Natasha Li,sruiz@example.net,tip,20.87,USD,Wallet,,REFUNDED,2026-07-11T21:48:41.924861+00:00
00f42704-7c4b-4993-a964-95b3d62fc78b,8101976e-151c-45e4-bea5-7a0fc04a4058,Amanda Stark,allen01@example.org,ride_payment,101.57,USD,Card,Amex,SUCCESS,2026-07-12T00:00:19.112420+00:00
577d2c66-ed2e-447f-9be5-4785d5b3157f,82fcefd0-b4d4-452c-8777-b9f885d42c97,Tina Lutz,jasonsimmons@example.com,tip,67.3,USD,Cash,,SUCCESS,2026-07-12T01:59:55.276936+00:00
6ea638cb-dccf-4bfc-a586-6d716453d258,59104758-a360-4cef-9f83-5f8aa5a5be03,Abigail Evans,thomas78@example.net,tip,118.28,USD,Card,Mastercard,SUCCESS,2026-07-12T02:56:35.203748+00:00
b8fb8e86-4112-4b0b-b2ab-b2a9d3a5514a,1d445f26-ecde-4200-8e12-d3faa8e10be1,Christopher Miller,vgibson@example.org,cancellation_fee,-91.98,USD,Cash,,SUCCESS,2026-07-12T03:09:47.114241+00:00
43df0c4a-ab88-4e01-a712-0ee3f24c40e6,115ecf5a-7606-4b81-bd8f-8279d3b623be,Bradley Harrington,monica14@example.net,tip,67.58,USD,Cash,,SUCCESS,2026-07-12T03:57:00.778731+00:00
c7fd3019-bb87-490d-ad28-2bb27eb96a83,0c1217e1-94ae-4fcf-a9ae-a4bcdfde116a,Lori Johnson,brendacarter@example.net,cancellation_fee,-17.44,USD,Wallet,,SUCCESS,2026-07-12T04:48:40.249801+00:00
4719c789-0fe5-4f5e-86a8-ba34afa2b618,cdedf5aa-654d-40b9-942a-323dbaddfdf2,Justin Short,watsoncory@example.net,cancellation_fee,-54.32,USD,Wallet,,SUCCESS,2026-07-12T05:04:47.840487+00:00
fbbac7bd-3ad2-4ca1-abdd-1881a89b678b,4eba1ebf-812a-442f-a87f-f20e592094d2,Kimberly Morales,antonio91@example.net,ride_payment,89.18,USD,Wallet,,SUCCESS,2026-07-12T06:11:27.224888+00:00
a0faf2cb-895f-4932-93fa-f01f3ff5f07d,0b5e79c7-c615-463c-8666-7316144770c1,Joseph Gallagher,rebecca88@example.net,ride_payment,7.49,USD,Cash,,PENDING,2026-07-12T06:11:34.630032+00:00
a01361a1-d731-4ed4-9834-4f3769def315,38a7fb9d-483d-491e-8405-afb124f48c03,Charles Morris,brandon55@example.net,refund,-24.1,USD,Cash,,SUCCESS,2026-07-12T07:04:26.177148+00:00
d8321729-a03c-4acd-bb44-dcee0d03f20d,e2a2814b-0123-4595-9168-4e77c5b7fd37,Michael Briggs,amanda61@example.net,tip,55.27,USD,Cash,,SUCCESS,2026-07-12T07:27:31.409329+00:00
c5a710ec-145d-4b4f-b27f-934441bd83d5,29aabb61-d9eb-48f8-83a7-40abd5be4e99,Heidi Martinez,wellswendy@example.net,cancellation_fee,-80.75,USD,Cash,,SUCCESS,2026-07-12T09:30:38.349329+00:00
704aa247-587c-40be-b06d-046606988b27,3a96da5b-ca96-4b18-8f32-2fd039b05968,Brandon Robbins,brian63@example.org,ride_payment,144.66,USD,Cash,,SUCCESS,2026-07-12T09:46:16.457346+00:00
2881f868-1e25-4667-bd9c-bb16b509de78,ce1a1c03-660c-4b7c-b9ed-a1f5428bc426,Ann Montoya,maybrenda@example.net,tip,69.57,USD,Wallet,,SUCCESS,2026-07-12T10:44:41.441666+00:00
07c9f13a-796f-4944-85b5-688d631a1e4f,52d9b5cc-bee7-444a-a158-078bfae01fae,Kimberly Schmidt,nburns@example.org,refund,-34.51,USD,Cash,,SUCCESS,2026-07-12T13:32:35.564895+00:00
2aa9cb9c-7ad4-4864-831c-72bfb36efc8a,dd78e545-c6e3-4089-a8a0-f75fd28b1328,John Smith,karagraham@example.org,ride_payment,126.94,USD,Cash,,SUCCESS,2026-07-12T14:08:31.934040+00:00
460461a2-c905-48d6-b8dd-10abcb490af1,6c9e2d94-bfd5-470d-b9ac-d1f8ec8b5060,Julie Boyer,courtney24@example.com,ride_payment,76.62,USD,Cash,,SUCCESS,2026-07-12T14:50:15.085225+00:00
07acddc2-c283-4401-8d91-47a40a3c4b58,f5a70013-697e-417b-91f6-29203ba03f8e,Sergio Diaz,xmartin@example.org,cancellation_fee,-138.3,USD,Wallet,,SUCCESS,2026-07-12T16:45:49.071541+00:00
09b33d2a-0b1d-43c0-9dbb-c5c0f9e38647,00ba24ec-b8a8-44e8-acb5-be289d613048,Benjamin Wallace,wilsonpatricia@example.net,refund,-67.57,USD,Wallet,,SUCCESS,2026-07-12T16:53:22.918414+00:00
9d187dbc-305c-46a6-967e-6b5ba531b0ee,23a33648-85d9-4185-aeea-ec5655460a07,Victoria Hudson,qhunter@example.net,cancellation_fee,-145.74,USD,Wallet,,SUCCESS,2026-07-12T17:40:55.723754+00:00
70173781-719c-4fb1-88ce-0fc13935c2df,428c76c5-fb1a-4f57-8971-65332fc8ffcb,Shelly Barber,ryanhiggins@example.org,tip,127.75,USD,Cash,,SUCCESS,2026-07-12T17:49:02.490296+00:00
8561eb99-5534-4554-b63d-2f8eb6908220,9e4e4b3c-daf3-4b21-a476-b6f097175b65,Wendy Parker,williamschristopher@example.net,refund,-106.2,USD,Card,Mastercard,SUCCESS,2026-07-12T18:03:41.450817+00:00
3fbe9e5c-5cdf-42e8-ad70-8f226f084de0,6c725e30-3386-4877-918d-c3afc4984a2b,Marvin Velazquez,jared96@example.org,cancellation_fee,-128.0,USD,Wallet,,SUCCESS,2026-07-12T19:05:28.255730+00:00
d7123397-c83a-4d89-b360-a967e4b91f79,f86eb4b8-bcf3-455b-9c80-483c00225fe7,Matthew Rivas,wgarcia@example.net,cancellation_fee,-55.03,USD,Wallet,,SUCCESS,2026-07-12T19:41:12.180323+00:00
3ac48ba0-da2b-4fac-bb41-879d71e33674,b632b256-6765-4ac6-8893-fb2ee3fc44b4,David Jimenez,kimberlynorris@example.com,cancellation_fee,-137.71,USD,Wallet,,SUCCESS,2026-07-12T20:02:23.902039+00:00
072082a6-33d3-413d-84ce-3a9337d20596,77d85cf8-683c-432c-b5e1-91973740196f,Taylor Perez,evansoto@example.org,tip,30.14,USD,Card,Visa,SUCCESS,2026-07-12T20:09:42.891516+00:00
f89493a9-8194-4630-a1b3-eee5837392b4,2d2a3678-dcd5-4710-a12b-6e1380ed9668,Christopher Garrett,rhart@example.com,tip,100.09,USD,Card,Mastercard,SUCCESS,2026-07-13T01:30:51.000333+00:00
c5d787f8-1561-42d2-ab31-5ce0d7959302,d29e3d18-985b-4344-b5d1-8bec6fcb71a1,Jeremy Underwood,glewis@example.net,cancellation_fee,-129.88,USD,Wallet,,SUCCESS,2026-07-13T01:56:22.828721+00:00
902bedc6-3fa8-401a-aba6-690810f46395,574b6e12-0653-4f79-b547-42456d93f7e7,Kevin Peterson,catherinemolina@example.org,cancellation_fee,-118.26,USD,Cash,,SUCCESS,2026-07-13T01:59:27.254700+00:00
800a1d58-ea39-46bb-9932-6a490e1868d9,685a5b09-71ee-4479-adbc-31b14e6ddd41,Chelsea Jones,wluna@example.org,refund,-32.02,USD,Cash,,SUCCESS,2026-07-13T03:03:02.943592+00:00
ea015582-31ba-4791-80fb-a5b718ceefb7,326fdcfb-17c2-4657-9ef2-447b6dbf5271,Madison Boyd,jared50@example.org,tip,95.58,USD,Cash,,SUCCESS,2026-07-13T03:24:30.886107+00:00
553d2092-192a-4b19-8c0d-3e728d3cc034,84045178-9879-481c-822a-1bc8a674f30d,James Edwards,sethnash@example.net,ride_payment,135.06,USD,Wallet,,SUCCESS,2026-07-13T05:00:22.610254+00:00
7b1d85a2-495a-45a1-ba0f-1bde712906b0,e7dc9186-6440-4b1d-91c6-dee58099104e,Jacqueline Brown,thomas41@example.net,ride_payment,150.48,USD,Cash,,SUCCESS,2026-07-13T07:52:25.918652+00:00
73291668-eb70-450c-b389-516a9650f9d0,6cfed48c-c8f9-4284-8fa9-f9aa204d9551,Richard Booker,jonathan84@example.com,cancellation_fee,-18.31,USD,Wallet,,SUCCESS,2026-07-13T07:54:36.508794+00:00
664d7839-9ce3-4442-9ec5-15e2c540bcd2,e9557159-3a44-4f4c-af26-6f76b757fd12,Nicholas Bowers,cindyramos@example.org,tip,86.04,USD,Cash,,SUCCESS,2026-07-13T08:19:24.994257+00:00
66887e8f-307f-47a0-89d0-2a85bc739423,41aa9396-81ba-43d6-8639-aa7aff91164c,Bradley Clark,edunn@example.org,tip,155.19,USD,Card,Visa,SUCCESS,2026-07-13T09:02:59.981397+00:00
06f453f2-5201-45ae-b6c4-4d47050c7df6,c15feabe-b3d0-44af-9ea9-b07b36df8b65,Sophia Bell MD,dvaughn@example.org,cancellation_fee,-73.93,USD,Wallet,,SUCCESS,2026-07-13T09:38:29.099263+00:00
75ed3dc9-9a8d-4574-afb6-439bd8d6fa48,10f8c8af-76cf-4a1d-abd1-791f79644be5,Robert Welch,ashley72@example.org,cancellation_fee,-162.39,USD,Wallet,,SUCCESS,2026-07-13T11:05:14.711063+00:00
fb575c21-cce5-48b6-8109-0f0baee47c41,08a4f661-f519-4222-8399-673b0d110563,Christopher Martinez,lsanders@example.net,ride_payment,89.0,USD,Card,Discover,SUCCESS,2026-07-13T11:06:27.533004+00:00
951ec697-3dd7-4a66-82ed-fe62beea7e76,14df51aa-33cb-4a24-a251-140633f64ab0,Wendy Herman,mandylewis@example.com,cancellation_fee,-10.29,USD,Card,Visa,FAILED,2026-07-13T11:08:23.380699+00:00
f9b8c9f3-57b6-4c48-a6f9-6c96ef0f5889,ba450521-bbd6-42ab-89b9-3d91f992555c,Jordan Phelps,jonathanpena@example.org,refund,-120.1,USD,Card,Visa,SUCCESS,2026-07-13T11:16:48.066298+00:00
17d9f804-f8e6-47e6-a456-4979d52f58c1,9e75ac53-8bf3-4af8-8d8c-d242ecad5b8f,Erin Valdez,shieldsnicole@example.org,ride_payment,142.17,USD,Wallet,,SUCCESS,2026-07-13T12:28:21.419127+00:00
8f174bf8-1475-4f08-aa73-1b163a54f9e0,d5a00b84-ea3a-43cd-9ae5-6e6748e224fc,Edward Cohen,benjamin48@example.org,ride_payment,133.26,USD,Card,Amex,FAILED,2026-07-13T13:01:30.486457+00:00
6c5b14f1-6493-48c8-ab94-4c621236822c,16d0ca9e-03df-4e7e-b0d1-32a169383b4f,Mary Marshall,johnsonvirginia@example.net,cancellation_fee,-39.67,USD,Wallet,,SUCCESS,2026-07-13T15:56:05.325072+00:00
637e13e2-e5bf-4dd6-ad49-0a1f91320044,29b2a0ab-c5b3-4a36-b36d-b3f43fef1150,Jason Rodriguez,alejandro06@example.com,ride_payment,64.46,USD,Wallet,,SUCCESS,2026-07-13T16:11:32.103886+00:00
13237223-2482-464e-ab72-ac57cab267a8,389f0ce3-50b4-4c24-ba92-d9d930241cfd,Joshua Morris,michaelhorton@example.com,refund,-126.4,USD,Cash,,SUCCESS,2026-07-13T16:48:43.550039+00:00
6d4f714a-bc6b-4a1d-ad44-158b1fa92b38,60bf3ce2-0790-4d62-9131-48dcc65cdc84,Courtney Gonzalez,mercerbethany@example.net,ride_payment,27.32,USD,Cash,,SUCCESS,2026-07-13T17:02:15.387016+00:00
21c4e771-d88d-48a1-82ad-47c6a1f02214,f257d6e8-4f85-4901-b1a1-eca7ce8a388b,Vanessa Bailey,kathryn02@example.com,cancellation_fee,-126.73,USD,Cash,,SUCCESS,2026-07-13T17:20:26.495907+00:00
5c8e6f19-2593-4bb8-a76d-0753f8715429,ab73659e-3da3-421a-bed6-27cd6db6859f,Crystal Smith,carpenterrobin@example.com,ride_payment,72.33,USD,Cash,,SUCCESS,2026-07-13T21:02:01.105634+00:00
888c8961-c9d2-4046-89b7-ba690d2f9250,8b8ca7a0-9cb2-48ff-919f-483a523dd480,Joseph Lane,hbates@example.net,cancellation_fee,-95.23,USD,Wallet,,SUCCESS,2026-07-13T21:12:35.861347+00:00
5a821416-12a8-4984-8c31-831e7104cfd9,9b7d6661-9ce1-4413-ac51-666bb866f01d,Michael Mcintosh,brockamanda@example.org,cancellation_fee,-100.12,USD,Cash,,SUCCESS,2026-07-13T22:23:43.498927+00:00
79d22b64-be85-4d2b-ba91-5d5ab2152315,b4bd5c34-b46f-4e83-bdeb-6159bf49db55,David Carrillo,stanleypatterson@example.net,tip,87.55,USD,Card,Amex,SUCCESS,2026-07-13T22:32:15.147872+00:00
2001e165-7393-496a-a54f-db1c8e4c5252,5e976d89-1aeb-4c9c-b435-194b28835a34,Amy Lewis,campbellkimberly@example.org,refund,-142.25,USD,Card,Amex,FAILED,2026-07-13T23:11:16.450575+00:00
c30b117e-41c8-4ff2-8d58-180627fd442e,59fea57f-db17-49bc-a87f-d5b34e6d490d,Jeffrey Hernandez,markberger@example.com,tip,143.71,USD,Card,Discover,PENDING,2026-07-13T23:51:28.433788+00:00
700cda72-c589-4ee6-ac89-a9363cb88282,b74d0486-e932-434b-aa29-4b27c50a001d,Wanda Hayes,barbarafarrell@example.com,tip,103.52,USD,Cash,,SUCCESS,2026-07-14T00:24:47.328475+00:00
06df0586-d3b1-4308-8a27-708d210edf3e,af011670-7036-4987-9a24-60125e70ca27,Michelle Nelson,robert12@example.net,ride_payment,153.85,USD,Card,Discover,SUCCESS,2026-07-14T02:12:17.920446+00:00
186ff5fc-8d16-4c50-87b3-525e6ac3dded,ccf5ad83-f925-4b17-9de6-8689fa4d3465,Sally Austin,rmontgomery@example.com,cancellation_fee,-120.6,USD,Card,Mastercard,SUCCESS,2026-07-14T02:18:42.148541+00:00
b1c650e7-7f7b-4f5c-9741-73b03b7b616a,6b336328-3432-4e80-a0e6-924ee4981441,Crystal Carter,lnorman@example.net,ride_payment,137.88,USD,Card,Discover,SUCCESS,2026-07-14T03:48:48.914951+00:00
a86e6686-8fd1-4dbe-87bf-a3722bcfb5ea,9beea9e2-e510-4fb4-92ef-dafe7e9058ea,David Sanchez,stephaniebell@example.net,tip,138.65,USD,Card,Visa,SUCCESS,2026-07-14T05:51:33.216097+00:00
c6c974ae-eb28-4b50-b716-b813efd68502,67df2d11-6d9a-4ce7-8b78-154f4a5c677e,Natalie Franklin,hodgeslauren@example.com,refund,-86.9,USD,Cash,,SUCCESS,2026-07-14T06:48:32.222249+00:00
295a81a0-d7fa-48cb-b737-84b458a52a3e,10776adb-bde0-4bd7-a7cc-4547bdbb091d,Kent Stewart,laura74@example.com,tip,50.42,USD,Card,Visa,SUCCESS,2026-07-14T09:49:34.518191+00:00
b6a94572-0686-44e5-a532-512b2f8bb71d,94cd627e-5aef-41f6-9f17-5a67fdb4cad5,Richard Ray,parker01@example.net,tip,145.36,USD,Cash,,SUCCESS,2026-07-14T12:15:35.080545+00:00
d1958b4f-3d18-4fcf-a002-33846c0daf89,6c4a442e-2971-4119-8baa-3a142bed5e6c,Mr. Christopher Simpson DDS,jenkinskaitlyn@example.org,cancellation_fee,-29.14,USD,Card,Discover,SUCCESS,2026-07-14T12:49:23.345596+00:00
f220181e-3543-4c17-a650-566c5f1dbcc1,ab24a802-e1da-4cc4-8434-94496ca50855,Mary Jones,ymaxwell@example.net,cancellation_fee,-149.36,USD,Cash,,SUCCESS,2026-07-14T13:23:32.298959+00:00
2b328bea-21e0-4d23-aded-c3b80a4387c2,5105860b-1eff-431f-a058-8ca03ab61da8,Austin Perez,qkelly@example.com,tip,25.28,USD,Cash,,FAILED,2026-07-14T13:29:38.382931+00:00
3e11c010-5afb-4c24-bd64-d1eff8ad94e0,ca97ea0b-2028-4760-9dbd-5e6ea61797e9,Jonathan Cox,mary24@example.com,refund,-129.65,USD,Wallet,,SUCCESS,2026-07-14T13:34:58.288070+00:00
1bf8e373-31de-4324-8c1d-18f226e24065,5275f6ae-90e9-4c02-b5b4-9495452c9492,Charles Austin,wrightshannon@example.com,ride_payment,96.29,USD,Cash,,REFUNDED,2026-07-14T14:34:53.884737+00:00
fbb166d3-1ed4-42fa-a265-1cd84a4d6fd9,a18a3951-f324-4c42-880d-31834a356928,Scott Curtis,hjoyce@example.org,ride_payment,52.05,USD,Card,Amex,REFUNDED,2026-07-14T15:58:32.662309+00:00
5b079bbe-445a-4bd1-b442-c19406b987a2,985d2d76-48cf-4162-8b1c-7209a0fd0e4c,Ryan Fields,susan66@example.net,cancellation_fee,-48.21,USD,Cash,,SUCCESS,2026-07-14T15:58:36.217083+00:00
63cdcaca-4b05-44bd-bdc4-1c0932e995eb,fe5a8753-88b7-40fb-9762-04c412bdcd01,Larry Jones,jacksoncarol@example.net,cancellation_fee,-81.77,USD,Card,Amex,SUCCESS,2026-07-14T17:03:39.966953+00:00
1d669b35-13b6-4a83-80c2-1992b222a5cf,4ffd67f7-012b-4175-b205-846c5152123c,Alice Henry,morancynthia@example.com,refund,-113.44,USD,Card,Visa,SUCCESS,2026-07-14T17:19:45.640747+00:00
1d195402-2946-4674-8a8c-c1a182e0cd0c,964f01b7-144a-4f47-bdf3-85934c1afc8a,Ashley Aguilar,krystalmartin@example.com,tip,39.93,USD,Wallet,,REFUNDED,2026-07-14T18:29:53.723441+00:00
ee664540-e4b0-405d-a46b-3c702d6704f6,4db915bf-d149-4f30-ad9c-06afb5950c4d,Thomas Conley,johnsonjohn@example.net,tip,151.16,USD,Wallet,,SUCCESS,2026-07-14T19:40:43.912055+00:00
c875fe52-bb82-44f4-9644-d58ca3658ae6,81d90ccb-ab17-4ff1-837d-28b4ccc7fa1a,James Perez,jenniferhaley@example.org,tip,167.36,USD,Card,Mastercard,SUCCESS,2026-07-14T21:28:26.294977+00:00
a09dcb2d-d2e9-4472-a35c-48d77689a80c,69710c21-4696-4770-9150-0756319d9ed3,Joseph Lambert,eguerra@example.com,tip,95.29,USD,Card,Discover,SUCCESS,2026-07-14T22:48:31.990960+00:00
018f26aa-ab91-4c18-8d04-32b2b5843069,5538bf18-01fb-41d7-9a7f-f682e0ad9466,Dawn Lawson,kennethburton@example.net,tip,31.12,USD,Card,Visa,SUCCESS,2026-07-14T23:22:20.142510+00:00
9e6bf54b-8304-4f82-97fc-8c8b2eb911a2,d9c04292-9076-4202-9186-aa795d1dfd7d,Kara Hernandez MD,zstephens@example.org,refund,-51.15,USD,Wallet,,SUCCESS,2026-07-14T23:48:02.769934+00:00
5b0fa6dc-514b-4d6d-b339-61558243b489,f8cbd52d-e441-4628-9b39-2b1774a718fe,Derrick Chase,misty08@example.com,cancellation_fee,-131.94,USD,Wallet,,SUCCESS,2026-07-15T02:40:05.795379+00:00
ed1d5a86-28dd-4527-9183-cb6c7b7665d3,d6dbcfb4-6682-40b9-8b8a-382964792e98,Michael Martinez,meganweaver@example.org,cancellation_fee,-43.53,USD,Card,Mastercard,REFUNDED,2026-07-15T03:17:10.587037+00:00
669a6723-e377-4d49-be0a-4f41f1351a69,a3f98a25-e08b-476f-b823-6f5de0716ac3,Jennifer Jones,michaelperkins@example.net,ride_payment,159.8,USD,Card,Amex,FAILED,2026-07-15T03:44:50.352881+00:00
e465b46c-fd6d-4bf6-8b46-108de55dab6b,cc9c717f-7e0f-4148-9fc5-c9cfeb94f3f3,Ryan Andrade,amandayoung@example.net,ride_payment,148.74,USD,Card,Discover,SUCCESS,2026-07-15T06:07:56.389977+00:00
16b1c777-e405-4c0a-be16-6fa9f409bba9,083ea591-afa1-491c-94c6-834bc3280fdf,Tyler Fernandez,cortezchristina@example.org,ride_payment,170.46,USD,Wallet,,SUCCESS,2026-07-15T06:33:01.601529+00:00
9ddeee89-e624-4c50-8851-0521669f90b7,a3329515-f33e-4aae-9350-ca37b53a8c5d,Stephen Silva,charlescaldwell@example.com,refund,-58.5,USD,Wallet,,SUCCESS,2026-07-15T06:37:59.609730+00:00
bae04f0e-6348-454d-923d-4ca6cf356015,f481da55-0d38-4cab-b52b-4b9b5194dac3,Donald Stewart,mosessandra@example.com,ride_payment,15.87,USD,Cash,,SUCCESS,2026-07-15T09:50:43.753033+00:00
00ef17b0-7488-4bfd-a9dc-d458dcb4a186,19940912-8fff-4812-b8d7-b84eab7a0bde,William Reynolds,michaeljones@example.com,ride_payment,49.11,USD,Wallet,,SUCCESS,2026-07-15T10:09:51.812000+00:00
5c74129b-43a5-438d-9e90-c56200e20b91,cb6e814e-d241-4ca8-b793-a2ee97632b12,Adam Stanley,steven05@example.com,tip,147.4,USD,Wallet,,SUCCESS,2026-07-15T10:52:48.405524+00:00
a963ee43-819d-4c68-b91d-a2a4f7d21c08,3868a647-5c44-45ec-80a7-d2037cc81399,Stacie Wells,steelederrick@example.org,cancellation_fee,-42.28,USD,Card,Amex,SUCCESS,2026-07-15T12:42:12.137336+00:00
102849b2-ac0c-4347-905b-ed8f3a918d33,949b11fe-545d-47ce-83c6-ffd2da9a06dd,Ms. Danielle Rose,williamserin@example.net,cancellation_fee,-125.85,USD,Cash,,SUCCESS,2026-07-15T13:18:45.749909+00:00
08587a16-f51b-4ac7-a42d-a2ae0a4af182,ba9c7c6c-5a54-46c7-bb6e-56cb923a01c0,Theodore Daniels,sean87@example.org,cancellation_fee,-113.62,USD,Wallet,,SUCCESS,2026-07-15T13:36:48.073738+00:00
dbc0456b-4734-445d-addb-e2c2c38e0953,f7bf373d-a221-40a5-ac55-5a138db1005f,Bryan Hernandez,ggrant@example.net,cancellation_fee,-145.27,USD,Card,Amex,SUCCESS,2026-07-15T14:21:19.411803+00:00
039e61cd-92c1-47f6-ae07-262c33ed4754,0389cb4b-0562-44dd-8efe-0638240af235,Karen Summers,sfuentes@example.org,tip,173.64,USD,Card,Mastercard,SUCCESS,2026-07-15T14:50:07.914624+00:00
ae23d692-12a3-4e4b-a52a-7ebfa5da607f,20362755-5a99-4e00-a702-c5019311151d,Jonathan Logan,chungdavid@example.org,tip,50.53,USD,Wallet,,REFUNDED,2026-07-15T15:49:31.281040+00:00
499abcbc-0b01-435a-b96f-94fcccc9aa17,587c56f6-a539-4c6f-93a8-2f77e5c7aad0,Michelle Davis,xmorales@example.org,ride_payment,16.24,USD,Card,Amex,SUCCESS,2026-07-15T16:36:38.860402+00:00
a6c34463-95c2-43e7-848c-f05c86d7c1f4,0144dd50-94cf-480e-9133-457e9c65a86f,Ashley Kelly,bnelson@example.net,ride_payment,15.6,USD,Cash,,SUCCESS,2026-07-15T17:53:25.163269+00:00
51ad4f51-52de-4d94-90fb-3270951878e2,2cf7408d-d58a-4c8c-8cf6-c51bd52d3937,Jeffrey Holland,michele96@example.com,ride_payment,63.44,USD,Cash,,SUCCESS,2026-07-15T18:40:23.656914+00:00
4f161640-c806-4f01-aa6d-2fc3b13cd284,718ec5e2-a55c-4851-a01a-56c29a2c02f4,Jason Willis,arnoldjennifer@example.org,refund,-101.04,USD,Cash,,SUCCESS,2026-07-15T19:35:34.820041+00:00
9fc9c2b2-4b93-4197-b2f8-5147b6e099b9,abbc99cf-b901-4d0f-9615-1f01c6aba65b,Vicki Leonard,jonesdanielle@example.org,ride_payment,77.87,USD,Cash,,SUCCESS,2026-07-15T20:44:22.212952+00:00
8a3c1844-6df1-4eae-b589-7586138bbc86,df1f93e1-5b5f-49ac-8d9e-0adfb34f9dda,David Perez,pedrorichards@example.com,cancellation_fee,-64.88,USD,Card,Discover,SUCCESS,2026-07-15T21:26:36.754707+00:00
d2b52bbe-8738-484b-bacb-a5dc08a2e8bd,41fb4f6d-8b70-4358-aa13-65203b3779ab,Jorge Murray,richardsonrichard@example.com,refund,-118.26,USD,Cash,,SUCCESS,2026-07-15T22:32:10.240213+00:00
fe73b554-0d41-494e-a5fc-f60b2569fc81,68dfc220-fc0d-4503-914e-13ee2da85aa7,Frederick Johnson,taylorkari@example.net,ride_payment,161.93,USD,Wallet,,SUCCESS,2026-07-15T23:20:41.870442+00:00
9d54d1a4-7868-43ee-b03c-ed6907b18cd5,f9eab599-ff9a-44f7-ad41-76bc94c37b80,Brent Wilcox,oclark@example.net,ride_payment,114.19,USD,Cash,,PENDING,2026-07-16T02:40:36.485672+00:00
755d055b-c0b3-425d-92d2-516f0c5f0d90,7fe07891-0945-4e39-9ca2-55d762f286f7,Christina Vance,josephward@example.com,tip,45.16,USD,Cash,,SUCCESS,2026-07-16T05:51:25.906720+00:00
9771c440-be33-4ba6-bb66-f8e8df4488e1,5190a672-ddc4-4c37-9240-8ef760ca5c4d,Toni Hicks,lsanchez@example.com,ride_payment,119.24,USD,Card,Discover,SUCCESS,2026-07-16T06:29:26.488046+00:00
cbd9f09d-2626-4705-8b46-ca3ae5a881f1,4b54d37e-50d9-4ad2-b287-61bf8420acca,Katherine Kelly,peterhawkins@example.net,ride_payment,154.56,USD,Wallet,,SUCCESS,2026-07-16T06:38:21.172221+00:00
9bb986ad-f0fb-454e-b285-4ca269f8ffcf,e318ddcd-45f0-4c28-9bea-e2411b32d148,Angela Richards,coreybush@example.org,ride_payment,107.67,USD,Wallet,,SUCCESS,2026-07-16T06:53:48.742130+00:00
7a382e82-c75c-4a94-9ddb-0b9e574a1a84,dd6683ec-987e-47c1-bb22-7ba45b20b286,Joyce Hutchinson,schavez@example.com,tip,83.56,USD,Wallet,,SUCCESS,2026-07-16T08:53:22.810983+00:00
9cb980d6-652b-4964-8f86-aee7a080c311,905e334a-43b6-4320-92a2-6e9dc0d1a690,Tiffany Mann,dward@example.net,refund,-114.6,USD,Wallet,,SUCCESS,2026-07-16T09:17:41.034726+00:00
857dbb4c-d95f-483d-971f-c350462cfb7a,5cb747a3-6aea-45b9-b392-a177dee28c24,Elizabeth Leonard,james11@example.net,refund,-66.06,USD,Card,Amex,SUCCESS,2026-07-16T09:41:02.786100+00:00
d4556b63-6c93-4ee1-b2ee-e591a951c5f1,ea15970a-678f-4f68-a720-9505a2ed47b1,David Davis,andersonjohn@example.net,cancellation_fee,-48.77,USD,Card,Mastercard,SUCCESS,2026-07-16T10:18:30.547066+00:00
21eb801c-b642-444c-9c86-1ceb3e01ccea,872a57d3-5acb-4392-94b0-8295afef0880,Jessica Love,shelley06@example.org,cancellation_fee,-71.2,USD,Card,Discover,SUCCESS,2026-07-16T10:37:07.545379+00:00
976cda0a-0bf4-4d0c-8f79-725387725178,320a9361-faf5-4cdd-a397-aa96520697f6,Mr. Raymond Fisher Jr.,griffinchristopher@example.net,ride_payment,155.84,USD,Wallet,,SUCCESS,2026-07-16T12:33:03.371078+00:00
7049a87b-8d10-4da1-a3eb-2f7d1477be98,4eebfec8-9679-4c13-8022-7d092024c768,Wayne Torres,drodriguez@example.net,ride_payment,160.01,USD,Wallet,,SUCCESS,2026-07-16T12:38:12.733529+00:00
b91e54a3-953a-4039-819b-1c818fdd09e0,5014c324-deb0-4b15-8d9b-3a0b25868f71,Sean Walker,turnerchristopher@example.net,cancellation_fee,-149.76,USD,Card,Amex,SUCCESS,2026-07-16T12:46:51.630946+00:00
2a15fa5a-87b6-451a-b6a2-8d22aecd43ac,f03d93fa-b02b-4e88-8757-0a22110c3d2b,Heather Armstrong,gcunningham@example.net,ride_payment,59.19,USD,Wallet,,FAILED,2026-07-16T13:04:39.161097+00:00
d58fa15f-dce7-4144-9da7-195ef32fddd2,e1dec074-af09-454e-a523-d9b27611f4a2,Misty Moreno,perezjohn@example.net,refund,-101.53,USD,Card,Visa,FAILED,2026-07-16T13:32:09.121607+00:00
144113d5-c2ce-4c6e-a6ec-bda3a7f954d4,153e8ecb-e29d-4c9a-9e47-460b8a1fec81,Whitney Wu,grahamthomas@example.net,refund,-69.84,USD,Wallet,,SUCCESS,2026-07-16T14:39:51.569199+00:00
89785dfa-0e5f-46d6-b060-56d49c6c0c63,e0284e30-28f8-487c-8b1f-2fa03e536c8f,Mr. Gerald Knapp,sbennett@example.org,cancellation_fee,-150.66,USD,Card,Mastercard,FAILED,2026-07-16T15:20:55.385871+00:00
9851432f-4a36-4667-b700-d085fef45990,cd78ef01-8fe8-4376-919a-f44f4867680a,Dana Fuller,jeffrey63@example.org,tip,32.87,USD,Cash,,SUCCESS,2026-07-16T16:57:27.306170+00:00
294fa9f0-502e-4dcc-a2f0-48298a21cdfb,09e0f128-6478-4a28-a3eb-07b5c02df85d,Kathy Jenkins,zgilbert@example.org,cancellation_fee,-149.17,USD,Wallet,,SUCCESS,2026-07-16T17:46:46.614239+00:00
d3e759cf-4b45-4859-b7f2-1a3fd70b19af,b68d2ba0-9d69-418c-8b01-0833ef1df2ce,Michael Lawrence,mhooper@example.com,refund,-57.68,USD,Card,Amex,SUCCESS,2026-07-16T19:36:08.026716+00:00
7d4db71d-c543-4f35-9ba0-fd537184d1b2,60c1ab25-6884-4a56-a5ae-cf54974a745e,Deborah Meyer,davidjones@example.com,refund,-85.94,USD,Cash,,SUCCESS,2026-07-16T20:58:30.702060+00:00
2a739fd2-1e7e-420d-a9ec-d0e07e424d80,804c1fd7-9a7c-4399-b634-345ec3da9b29,Michael Wilcox,aprilcruz@example.org,cancellation_fee,-137.95,USD,Card,Visa,SUCCESS,2026-07-16T21:10:10.661313+00:00
952e3b8f-1c24-476b-aec3-f6c53943bda7,31c0bd4c-f063-4478-b375-8628f0c9f983,Jason Morse,staylor@example.com,cancellation_fee,-171.28,USD,Card,Mastercard,SUCCESS,2026-07-16T22:57:02.627976+00:00
4fa50bdd-b274-4ee2-b5d2-bbcbb1102a0f,9dea4978-42e0-4938-b305-3588984a58ef,Brian Brown,brenda73@example.net,refund,-9.31,USD,Card,Visa,SUCCESS,2026-07-16T23:24:47.220563+00:00
353531af-8c70-4582-b74c-99dc9f6af8aa,296755e8-d59b-41af-878f-6547608ff482,Thomas Marshall,harold84@example.net,tip,90.42,USD,Card,Visa,SUCCESS,2026-07-16T23:26:52.868014+00:00
b38873fe-a87d-456c-94d2-9862bd64390f,a7b0721a-dab0-4cde-a5e8-febd7e449a96,John Moreno,xnorman@example.net,cancellation_fee,-33.54,USD,Wallet,,SUCCESS,2026-07-17T01:17:17.581342+00:00
5a94e0b3-4977-4a85-ba89-988ccca4ace3,ba4196fd-f1ec-4be1-9fd1-e7de86b5f8e5,Benjamin Perkins,powershenry@example.com,tip,113.19,USD,Cash,,SUCCESS,2026-07-17T04:09:19.943569+00:00
708f2480-3fa9-4c80-a00f-62e9e268ca55,50efc31e-bec0-4807-a8ca-eb79887b848e,Stephanie Warren,jamesrobinson@example.org,refund,-40.25,USD,Card,Amex,SUCCESS,2026-07-17T05:56:17.743919+00:00
303f85ab-0188-4bd2-8e8b-8b33da3a7e97,7df77f2c-42d0-4cb4-9257-90de39d52300,Allison Smith,bjohnson@example.net,cancellation_fee,-107.11,USD,Cash,,SUCCESS,2026-07-17T06:23:39.995630+00:00
47f6ed0e-2395-4e7a-9142-acf40a0aefbf,6f8a86b8-299a-4caf-8bfe-e9d353410973,Sara Salas,jasonpalmer@example.org,cancellation_fee,-94.99,USD,Cash,,SUCCESS,2026-07-17T07:24:16.203070+00:00
dd067245-46f5-407a-803b-6252122c001b,6321ab64-c25d-412b-b778-44fe5580d886,Karen Stone,elizabethwood@example.com,tip,28.96,USD,Wallet,,SUCCESS,2026-07-17T07:48:42.088452+00:00
23ca3d66-0813-4371-af49-db176833f381,acfaa6ff-5e0d-4d2c-831e-48aff1aa3a33,Emma Smith,jason63@example.net,tip,81.05,USD,Card,Visa,SUCCESS,2026-07-17T08:19:08.370835+00:00
16822b1f-f3e9-4952-9d22-56cc49ea26e4,11004315-41db-48e4-b37e-1a4ddd8103a9,Stephanie Lawrence,alexandersmall@example.org,cancellation_fee,-102.86,USD,Card,Mastercard,SUCCESS,2026-07-17T08:48:35.178631+00:00
56dd545b-aa1c-4150-bc67-50e33799e8f2,f5db7430-9299-49b4-a9eb-93a2d0add1d0,Robert Thomas,jacobwhite@example.com,refund,-60.35,USD,Wallet,,PENDING,2026-07-17T09:01:16.786854+00:00
95e68b79-a9cf-40bf-818a-b4559b6a251d,94fe8163-1183-46a8-8a14-af011c8ff8ce,Timothy Pena,lopezlisa@example.net,refund,-62.76,USD,Wallet,,SUCCESS,2026-07-17T09:01:30.366376+00:00
d48f85cf-bd82-4086-8b20-df6ac8e3d1b5,986c6cb9-524c-498a-b5a9-991587870f7d,Juan Mclean,ufields@example.org,cancellation_fee,-6.91,USD,Cash,,SUCCESS,2026-07-17T11:29:26.480572+00:00
03d1dc88-c891-4e11-932a-03629c6a0b78,7797007f-38f8-4bd3-8eb5-b1ab018b4d54,Matthew Mendoza,george81@example.org,ride_payment,166.12,USD,Card,Visa,SUCCESS,2026-07-17T11:51:55.211318+00:00
0d52389b-d8f7-4ec6-ac45-21be9635a4b9,e014132d-3342-4ce0-9aa1-0ece2953580c,James Reese,cynthia69@example.org,ride_payment,136.13,USD,Card,Discover,SUCCESS,2026-07-17T13:39:18.981867+00:00
0dd80c86-1349-441f-b967-f042f5222055,2e786be5-0212-4b62-b355-8fbc9497a289,Robin Johnson,calvin11@example.org,cancellation_fee,-96.35,USD,Wallet,,SUCCESS,2026-07-17T14:23:24.990373+00:00
a277d475-dee8-438b-928b-ce9480428e8f,61b0e436-7a81-4631-8ecd-a43b35e148f9,Ruth Wiggins,sharongoodman@example.com,tip,94.52,USD,Cash,,SUCCESS,2026-07-17T16:36:27.861430+00:00
f2b86042-b479-44e1-bc12-59f146b40ad7,cd2365bd-c9fe-4ef8-9e6e-9d601a7cbcd4,Gregory Mccoy,ycoffey@example.net,refund,-173.88,USD,Wallet,,SUCCESS,2026-07-17T18:38:00.538298+00:00
c41a40ac-281b-4ac8-b648-caec23909033,92c1244a-0e2b-44e0-93de-c33dde1ab3a5,Mr. David Alexander,kylemoore@example.com,refund,-68.02,USD,Cash,,SUCCESS,2026-07-17T19:55:07.906104+00:00
99b4e63b-d926-495d-9aff-cc5f6f67317c,84b5aae6-8181-4b03-9c93-015b9b6e5d34,Victoria Sherman,jmorris@example.org,cancellation_fee,-159.02,USD,Wallet,,SUCCESS,2026-07-17T20:58:09.737889+00:00
cd7e34e9-e7d9-4e00-98a4-c5d0fe777cd7,3818d428-5d85-48ea-96dc-1e66e1808181,Michelle Vincent,rebekahburnett@example.org,ride_payment,159.29,USD,Card,Amex,SUCCESS,2026-07-17T23:32:37.174840+00:00
8feba8cb-ee91-46c2-98f5-a1e2c5a32021,b3fbe81f-6501-4d2f-8c63-7014681f69b7,James Miller,julierodriguez@example.net,refund,-46.34,USD,Card,Discover,SUCCESS,2026-07-17T23:55:49.638716+00:00
09e6c7e9-b9b4-4cce-b9d1-9911286d0d9e,ed414616-2f4f-4d00-81d6-c9b375e2abe8,Kimberly Bradshaw,bradshawmary@example.com,refund,-147.56,USD,Wallet,,SUCCESS,2026-07-18T00:27:09.640602+00:00
5dd2ea8d-6e3c-48fd-b959-a8115d82891b,712ffddf-721e-48dd-9527-3b3067d5319f,Jessica Washington,robertquinn@example.com,tip,15.17,USD,Wallet,,SUCCESS,2026-07-18T00:36:18.695799+00:00
edc39d20-e0e5-4542-b639-74d33d4bfaae,e3e2c0dc-5f87-433c-9244-c6a6c013a935,Christopher Ruiz,jonesbrenda@example.com,ride_payment,176.34,USD,Card,Amex,SUCCESS,2026-07-18T01:35:42.773533+00:00
64b40277-eacd-4dec-b64b-38d226fd74fc,1c41b05a-24f1-450b-826f-b4a2b37616d0,Timothy Wood,brandonochoa@example.org,refund,-178.89,USD,Cash,,SUCCESS,2026-07-18T03:17:40.676730+00:00
55873f8f-5e7d-428b-8fe8-3e165cda8c2d,d0d3bda7-4633-4bb2-93dd-7caa8578b2ea,Morgan Hanson,yallen@example.net,cancellation_fee,-83.58,USD,Cash,,SUCCESS,2026-07-18T04:35:15.306556+00:00
04a6f907-7514-4feb-847a-36dd19f7c3dd,95141c57-ca13-484b-956d-93ddc7fb13a1,Robert Rogers,benjaminmorris@example.com,cancellation_fee,-48.23,USD,Cash,,SUCCESS,2026-07-18T04:49:04.796796+00:00
b37fafb0-f62b-4f7b-b8f4-d61c41b7a3c0,77c82da1-ce96-4a0f-84b8-5537e57f7a0b,Valerie Jarvis,morgankyle@example.com,cancellation_fee,-94.96,USD,Cash,,SUCCESS,2026-07-18T06:45:05.117118+00:00
2b4abe4f-a560-44b6-a665-4793a6e734e8,cf7a0c64-c9c7-4a64-ae36-c939718c5173,Briana Rogers,gary02@example.com,tip,178.9,USD,Cash,,SUCCESS,2026-07-18T07:32:02.430453+00:00
963502d3-c688-4173-bab6-51be65345f06,ba636811-e9ba-41d2-ba60-690ba95d13aa,Mary Ferrell,carsonjoshua@example.org,cancellation_fee,-48.25,USD,Wallet,,SUCCESS,2026-07-18T07:51:16.020017+00:00
e191bebd-1314-426c-b047-9903b5b7d7a4,7cb48670-896e-4db2-ad9b-8d176518b8c9,Leah Gilmore,kjackson@example.net,cancellation_fee,-70.24,USD,Wallet,,SUCCESS,2026-07-18T08:42:28.299664+00:00
d1f16189-5e21-4f90-97f7-fc76549c4649,681e3c0c-ebe4-4055-946b-ac9bdc15309f,Kevin Butler,qmontgomery@example.net,cancellation_fee,-33.47,USD,Wallet,,SUCCESS,2026-07-18T09:28:38.277857+00:00
4da9efa5-c9d8-45ac-b68d-1c98f94a6488,2d5c23d3-6ac1-414b-b163-d8ea971b9efe,Jose Gilbert,rdavis@example.org,ride_payment,86.61,USD,Card,Mastercard,FAILED,2026-07-18T09:37:28.221149+00:00
168a3795-f1dd-411a-b2cc-962ed75818b7,0a5f5d6e-eb36-443d-893a-bfc95d34f830,William Martin,robbinsmichelle@example.com,cancellation_fee,-39.83,USD,Card,Mastercard,SUCCESS,2026-07-18T09:47:18.993857+00:00
a8f57118-123d-4091-8fb1-2e8405fff469,0efa7f06-a731-4ddc-901c-8ac46069bc94,Timothy Carpenter,willisbradley@example.net,cancellation_fee,-37.13,USD,Card,Discover,SUCCESS,2026-07-18T12:57:31.240883+00:00
1a11c515-2432-4538-be07-9e39d24be9b8,3f572eff-db4f-4458-9eae-ecd006fadf40,Jon Rojas,stephanieweaver@example.net,refund,-163.73,USD,Card,Amex,SUCCESS,2026-07-18T13:03:25.778185+00:00
c38cef23-c1cb-4cc2-ae70-db7806414b1f,ca093528-d9f3-4aeb-806a-c87045e2f2bc,Samantha Jones,brian31@example.net,refund,-14.79,USD,Cash,,SUCCESS,2026-07-18T14:28:47.783384+00:00
40a38d7b-3638-4fc2-a898-ba61b08cb9b6,011744ed-a5f2-4c4d-a5b0-14cbd07bea51,Mr. Matthew Cohen,jperez@example.org,refund,-64.18,USD,Cash,,SUCCESS,2026-07-18T15:52:55.455784+00:00
61c30648-1a16-4271-bb53-13944ed27792,e5cade5a-04e5-428e-8913-cbcfed8d9383,Brooke Henderson,escobarmeghan@example.net,tip,74.87,USD,Card,Amex,SUCCESS,2026-07-18T16:37:04.797868+00:00
10738484-2ec0-4646-bdba-6d409afe11cf,dcf7ba95-967b-4038-9c44-4ac40b5d43cc,Heidi Carrillo MD,gonzalezjimmy@example.com,refund,-41.03,USD,Card,Visa,SUCCESS,2026-07-18T19:28:50.529835+00:00
ae4870cd-1e1c-42bb-a6e4-4a316592921f,820c453f-ada6-473f-a44b-7c5fdd24a470,Eric Shelton,cbenitez@example.com,ride_payment,55.61,USD,Cash,,SUCCESS,2026-07-18T20:21:45.595519+00:00
9ec8ae0c-6181-4e5a-83da-3c93be13bc32,fd80abc3-713f-455c-a812-29bfb67e912e,Samuel Brown,eboyd@example.com,tip,44.9,USD,Card,Amex,SUCCESS,2026-07-18T21:43:39.932460+00:00
8063958c-8a56-4b97-8efb-7d86905dfae2,1e3dd0a0-dea0-4fea-a5ff-af5d7c04f680,Meghan Stevens,ythompson@example.org,cancellation_fee,-137.53,USD,Cash,,SUCCESS,2026-07-18T21:59:12.617710+00:00
6183d8be-3dc8-4fd4-8266-99626659426a,30723846-709e-46b8-894d-f13565ca6e6b,Mary Yang,murphyalexis@example.org,ride_payment,11.99,USD,Wallet,,SUCCESS,2026-07-18T22:08:36.878359+00:00
38d4ff89-ece1-41bb-b854-3f9c4fc93e9b,09b24cc5-5aad-496e-8be3-ec215f028aae,Heather Zimmerman,angelacollier@example.com,refund,-33.22,USD,Cash,,SUCCESS,2026-07-18T22:26:03.671396+00:00
61a85798-6209-48ef-910b-292c6fc65fc1,3d4b8397-61c5-46dc-b823-c5341bea2e4e,Lauren King,jonesjessica@example.net,cancellation_fee,-37.82,USD,Wallet,,SUCCESS,2026-07-18T22:54:16.285786+00:00
2a749054-a34b-4688-83db-401f09982b2a,7c64ac8f-d622-42f5-a346-ef2b1a3980b3,Kristen Gonzalez,lzamora@example.org,tip,131.58,USD,Card,Discover,SUCCESS,2026-07-18T23:57:29.631944+00:00
09e37f0b-d4a4-4548-bd8e-02385bfa13b2,ab5710c4-95f7-4b4c-96e4-67c9c4dd7b0f,Cameron Reese,kennethdiaz@example.net,refund,-150.94,USD,Card,Visa,SUCCESS,2026-07-19T00:14:47.730589+00:00
d90e407e-5d14-4b36-a549-723233b84ec8,e5ff0854-6b22-4d20-a1cc-277578db7e09,Robert Aguilar,moorejennifer@example.org,refund,-119.46,USD,Cash,,SUCCESS,2026-07-19T00:20:13.806968+00:00
7eb9a8c3-3099-44ef-a859-7f901093289a,4468e812-497a-4475-b8bf-dc55fcda4eb8,Heidi Schaefer,murphychad@example.com,cancellation_fee,-63.91,USD,Card,Mastercard,FAILED,2026-07-19T01:19:32.890205+00:00
ecbeeb1a-ade5-4b55-91ec-caf51522f88a,40bdaf35-b7a0-4f56-bad5-6faccb101f5c,Lauren Rhodes,moralesdonna@example.org,ride_payment,147.04,USD,Card,Mastercard,SUCCESS,2026-07-19T02:21:17.142725+00:00
68521d2f-4493-46aa-83be-7fde7eb798f8,d13ee598-41c8-4bb6-b1c0-27d470aa5aa8,Mr. David Pearson,thomaselizabeth@example.org,ride_payment,117.22,USD,Wallet,,SUCCESS,2026-07-19T02:27:42.062644+00:00
e422fe27-570a-4d86-b4a9-b5ab97cc16fc,ef17fa08-e3d0-48e0-8da1-1f6fce2a5ef3,Deborah Martin,james79@example.com,cancellation_fee,-130.37,USD,Cash,,PENDING,2026-07-19T02:38:42.011832+00:00
cfa58af8-fb70-4ad5-9664-67faa702cccc,3f336c78-86a6-41d5-8295-5719e470dba4,Sheila Henderson,qgonzalez@example.org,tip,16.74,USD,Cash,,FAILED,2026-07-19T02:45:46.036294+00:00
14a65e9e-2e91-4fe5-93fa-78e5ffb20f9f,79baf53d-0e68-4785-92bb-fe9376c11b36,Chloe Anderson,emmarush@example.org,ride_payment,152.58,USD,Card,Mastercard,SUCCESS,2026-07-19T03:47:18.357995+00:00
9d913ce7-a663-4731-a0b8-79a476f199df,04287bc3-6fd9-46fa-84ba-64d0b51fd3a8,Vanessa Hamilton,latoya54@example.org,refund,-178.96,USD,Wallet,,SUCCESS,2026-07-19T03:59:06.590969+00:00
28e460ee-5b8f-4984-a3f1-ed7d318a8234,143ca044-8531-43f8-8304-8e79a5874fdc,Jennifer Reid,kristie42@example.net,ride_payment,31.2,USD,Cash,,FAILED,2026-07-19T04:00:41.652130+00:00
0f69b9bd-f093-4226-bdf6-a1351c90c38b,535a04f2-6437-4c3f-ab0f-399dd9fb46cb,Deanna Barnett,aaron93@example.org,cancellation_fee,-106.21,USD,Cash,,SUCCESS,2026-07-19T04:49:08.373690+00:00
2d3547fd-e493-4f25-9d4a-a93b0b0e52b8,de1ce2bb-1757-43e9-bf58-c29860abcf57,Stephanie Obrien,smithaaron@example.org,refund,-40.05,USD,Cash,,SUCCESS,2026-07-19T06:24:40.167581+00:00
daf1666e-c136-48fc-8804-fdb458e22186,8e13f59f-01b8-4ea4-8e36-b1b45328a783,David Harris,christopherrodriguez@example.org,refund,-77.68,USD,Cash,,SUCCESS,2026-07-19T06:59:11.823344+00:00
02a38b4c-a4ab-4505-b8a7-ab608bf4e66b,aa38e7d2-e907-408f-9a35-b46ad0c3d5bf,Michael Martin,amandamartinez@example.org,tip,48.38,USD,Cash,,SUCCESS,2026-07-19T07:22:08.845524+00:00
86eb01b4-738f-4b25-b1e0-bd0b1aae787a,d5dae4db-dad6-46ae-99c0-f3afd57f2a66,Linda Evans,grantmonica@example.org,tip,101.01,USD,Card,Discover,SUCCESS,2026-07-19T07:30:27.591217+00:00
e5d251c5-64c7-426a-b38e-a56b1dd3baef,464d80ef-377f-4e03-8197-1d647e6f5bbe,Victor Gillespie,john11@example.com,tip,26.05,USD,Wallet,,SUCCESS,2026-07-19T08:15:52.188233+00:00
a3be1d8d-67dc-4edb-b4b9-e59fde7f2376,c0cfb33a-2bd2-4b5b-9ef6-7e4502e665a8,Thomas Brown,morenomark@example.net,refund,-103.35,USD,Wallet,,SUCCESS,2026-07-19T09:16:40.282189+00:00
2d0a2e39-43fd-4b2f-b4be-cf7d950b8b74,0e0bddea-ee82-44d3-8777-e9693593c1cc,Whitney Burnett,regina16@example.com,ride_payment,30.18,USD,Card,Discover,SUCCESS,2026-07-19T09:55:26.805996+00:00
c656ba7e-ad38-4eab-ae6f-0764c30f4da3,3c5bda94-d6b8-4e19-8877-c0e85ddfeb5f,Michael Johnson,lori81@example.com,tip,83.41,USD,Card,Visa,SUCCESS,2026-07-19T10:22:12.012919+00:00
95375b58-1521-4f40-b217-c0e26cecdeb5,936caed4-6310-4a3d-a196-df4b20b79fad,Jon Edwards,soliver@example.net,cancellation_fee,-59.75,USD,Cash,,SUCCESS,2026-07-19T10:47:57.566362+00:00
3f1d797a-7e64-441d-8132-fecd86c2ad4c,607900b8-33ad-43c6-b2fb-22cba8f45b16,John Osborne,tpreston@example.net,cancellation_fee,-112.24,USD,Card,Mastercard,SUCCESS,2026-07-19T11:41:25.869400+00:00
f6d7cef1-1ec3-493e-90c2-7510082ce29b,5621aa9a-3c82-4ae6-8f9d-c5aad54083df,Fernando Thomas,jonesmatthew@example.net,tip,66.67,USD,Wallet,,SUCCESS,2026-07-19T13:11:18.578477+00:00
020f7011-c84a-4300-ad3f-ea03f5d3333d,e4012663-5545-4e2c-afb5-3c920b921e76,Edwin Boyd,amanda28@example.org,refund,-163.74,USD,Cash,,REFUNDED,2026-07-19T17:12:45.077916+00:00
bbd44d4a-bd35-40fa-8197-0cd38c5ed882,1382a636-a5d4-4598-8eeb-e1eb72051a65,Dawn Leon,cruzcheryl@example.net,tip,156.09,USD,Cash,,SUCCESS,2026-07-19T17:31:12.948856+00:00
0853b735-226a-4d7f-9e80-424eb0db41a7,265d0bd3-82fc-4689-8c3d-218f0b60df53,Susan Ware,santosgeorge@example.net,tip,78.92,USD,Card,Discover,SUCCESS,2026-07-19T19:07:12.818496+00:00
890cfdc2-6e93-45cb-b725-f91d61410b62,6d12793a-8039-4b9b-8a11-7c71e7dfe21d,Angela Huff,spatrick@example.org,cancellation_fee,-52.31,USD,Cash,,SUCCESS,2026-07-19T19:57:25.339251+00:00
3d695a96-a52c-414c-84a4-353d7736fb80,525f4985-1d37-4c47-88a0-69bbe8c48416,Brenda Taylor,angelasimmons@example.org,ride_payment,123.07,USD,Card,Visa,SUCCESS,2026-07-19T21:06:59.529202+00:00
e6bb00b7-1339-46c8-8718-a2c7d3cdd123,870fd009-69cc-4aaa-9256-4e0bc8ffc7be,Keith Mcdonald,mcampbell@example.org,cancellation_fee,-139.92,USD,Wallet,,SUCCESS,2026-07-19T22:31:21.644760+00:00
da6d91c5-4dfa-4d2b-bf41-71416518a28f,4a52d0cc-141a-4e30-9e71-8945534fdade,Sara Medina,wkelly@example.net,tip,115.81,USD,Card,Amex,PENDING,2026-07-19T22:48:58.540457+00:00
aebcc413-d2c7-4685-91e4-92f7f0c1f52a,6bfb8fdb-8da3-4173-8043-0df818544698,Sarah Garcia,james93@example.net,refund,-118.8,USD,Card,Visa,SUCCESS,2026-07-19T22:50:04.916133+00:00
cd009c74-654e-425a-88cf-e8a245c5c2c0,0e6bb53d-2c8c-498a-b36f-3d24d21b7674,Anthony Freeman,tammychristensen@example.org,refund,-4.96,USD,Card,Visa,SUCCESS,2026-07-20T00:11:14.830662+00:00
b4ac3426-61ed-422d-a483-fb907d8739c7,a31d2d87-23e8-4753-ad5e-f3710bae7cac,George Phillips,katiemclaughlin@example.net,cancellation_fee,-129.16,USD,Card,Discover,SUCCESS,2026-07-20T01:12:48.268631+00:00
a28d9997-b06b-4008-8037-7109944bb0ce,0a8ced4e-0ae1-40c2-b4db-28e09cd311f0,Jeffrey Taylor,kylegarcia@example.org,refund,-22.42,USD,Wallet,,PENDING,2026-07-20T01:53:11.325379+00:00
28e73963-ab12-45c4-84ce-b5158810bc6f,1594ae25-dceb-4d16-a21c-9d001e9363bc,Lisa Torres,ncarter@example.org,ride_payment,143.39,USD,Cash,,SUCCESS,2026-07-20T03:05:30.792920+00:00
620f1354-3521-4f6c-b201-b67db06ef878,54d44978-70dc-4727-87a3-e7f1eee9f21e,Anita Hobbs,imills@example.com,ride_payment,153.77,USD,Cash,,SUCCESS,2026-07-20T04:29:13.742233+00:00
19e3f1ba-4e5a-458a-92e7-64eb5eb96946,5c579955-9eaa-4633-a52f-9994506358e7,Allen Cooper,timothy28@example.net,cancellation_fee,-6.79,USD,Card,Visa,SUCCESS,2026-07-20T06:06:41.781550+00:00
609b595c-3bf5-4f73-b200-a84e4acea509,96b80baa-2b5b-456b-a430-3ce91cf96f90,Misty Little,vmiller@example.org,tip,88.69,USD,Card,Discover,SUCCESS,2026-07-20T06:33:42.631946+00:00
4aedab72-a152-4534-bb0c-f7e41d57114f,f605f616-990f-4156-9362-9c9cf8d76b67,Danielle Hernandez,langdylan@example.com,tip,88.19,USD,Cash,,SUCCESS,2026-07-20T07:30:17.183959+00:00
cbc249e7-289c-4f5f-8228-afc2567cb5b8,d849bee8-923c-4e21-98de-e0313c539e84,Wendy Bryant,ryanreynolds@example.net,refund,-142.51,USD,Cash,,SUCCESS,2026-07-20T08:15:28.951486+00:00
0e2bbe3d-c7fc-43a4-b1f7-252ef71d7e5b,5effa925-a021-4eb2-a654-1900748c1174,Ashley Frost,stacymelton@example.com,tip,122.28,USD,Cash,,SUCCESS,2026-07-20T09:03:26.743779+00:00
1b7b18ab-28a1-420e-960d-4ce5efb46a91,f97c46f2-6da8-4000-aeb2-1ed74f7350f5,Wendy Montoya,sierramayer@example.com,cancellation_fee,-26.49,USD,Cash,,SUCCESS,2026-07-20T09:35:24.543109+00:00
2a2d7e88-2ed7-473b-a0bc-48031812a738,0e2588e7-b8e2-4aa1-81b9-97b64c6637f1,Samantha Acevedo,gloria15@example.org,refund,-31.32,USD,Card,Visa,SUCCESS,2026-07-20T11:33:25.075991+00:00
4ad4fa95-b3c8-4e7f-b081-86e61aca4349,5b3672d7-5daa-4fe9-a0fa-e13146d5ec8d,James Jefferson,gfoster@example.com,cancellation_fee,-39.9,USD,Wallet,,SUCCESS,2026-07-20T11:46:50.551605+00:00
328fb92d-e9dc-462d-9dbc-1269b3b13f39,ca9cf8e5-97b6-4a22-a069-3ef7d0659f46,Austin Conner,seanglenn@example.com,cancellation_fee,-110.96,USD,Card,Amex,SUCCESS,2026-07-20T12:10:38.134645+00:00
7e79015c-d287-4ce5-8bfd-350f9708b10c,ad66926c-a7e8-44ef-b0b2-42380defbb95,Autumn Harris,twallace@example.com,refund,-47.85,USD,Cash,,SUCCESS,2026-07-20T14:11:39.010093+00:00
4d8b23d8-f951-4450-87ec-b8c39f24339b,eba5c840-ee6d-4157-81d3-61d5f116695b,Brenda Carter,robertwilliams@example.org,ride_payment,37.47,USD,Cash,,SUCCESS,2026-07-20T17:54:36.890178+00:00
248cb27c-4a3b-47c7-9c84-533aaa048a43,08aa449c-3628-487e-a5c0-9e4e5b045952,Elizabeth Woods,ewalker@example.org,tip,81.2,USD,Wallet,,SUCCESS,2026-07-20T19:13:19.480020+00:00
31f9d0dd-6281-408f-89a1-cb531913639e,42608a7d-08bd-4337-85ac-fea6bee86d45,Erik Ortega,mwalker@example.com,tip,98.38,USD,Wallet,,SUCCESS,2026-07-20T19:51:03.074235+00:00
ca711847-b184-46c7-896b-163f9376c8a6,cd35468a-fedf-432f-bc0a-57d3192ef095,Charles Frey,robert24@example.org,ride_payment,126.5,USD,Cash,,SUCCESS,2026-07-20T20:48:36.283377+00:00
50909833-6d5d-4c9c-b537-edf4e1f85f77,8286966a-8013-4b71-a0da-283584a725f7,Manuel Johnson,deborahallen@example.org,refund,-142.16,USD,Card,Mastercard,SUCCESS,2026-07-20T21:38:16.422444+00:00
ffa5edec-b2b2-4220-85bb-b904ba2a090f,ed2269eb-f54e-45fc-aa84-65e725d1d557,Crystal Salazar,jaredwilson@example.com,tip,131.49,USD,Card,Amex,SUCCESS,2026-07-20T21:42:54.232727+00:00
a9d2b004-315d-4523-ba7c-6c23735c0448,4afdd5f6-63a9-4017-bcc4-1e746e2cb2b0,Monica Morrow,ldavis@example.com,tip,70.08,USD,Cash,,FAILED,2026-07-21T00:10:25.074132+00:00
e1a2054a-e057-4abb-8a3e-4a7dffcf8f7e,4d54c561-a134-4e10-8b6e-80abfa1e070e,Carrie Pennington,johnny12@example.com,ride_payment,30.91,USD,Card,Amex,PENDING,2026-07-21T02:10:41.430294+00:00
ac9e7db2-8ddf-429f-bb75-4d2775e6cdcf,6c67af58-c7b3-417b-bcfd-361ef99d5363,Jason Bryant,rschaefer@example.org,tip,93.25,USD,Cash,,SUCCESS,2026-07-21T05:25:12.066772+00:00
ac4b2346-8b64-41c4-b73f-80ba73d5b182,9a38e122-8a38-4499-9bd8-e5e222dfb22f,Colleen Freeman,bryan61@example.com,tip,133.37,USD,Wallet,,SUCCESS,2026-07-21T06:47:12.784711+00:00
10ca7a90-ed3f-4817-9e29-f3111e4786f6,0a6cca3f-0897-4d2f-8d0c-ae9d3b83a44f,Marc Durham,davidsonchristopher@example.org,ride_payment,110.48,USD,Wallet,,SUCCESS,2026-07-21T09:31:02.159974+00:00
54533562-6de1-44e5-85e9-1b134e1574b7,135c98ab-8823-4159-a5b5-dc7bd689decd,Mary Brown,zdean@example.org,ride_payment,45.03,USD,Cash,,SUCCESS,2026-07-21T11:30:16.134802+00:00
731b8d83-eb4c-4df4-a44d-7381f50b2171,40026bb1-5f8a-4026-8061-c9d8d2d71f5b,Karen Walsh,petersonmichelle@example.net,tip,20.67,USD,Wallet,,PENDING,2026-07-21T14:35:56.679493+00:00
33574168-1ea9-40d3-9563-74f69834c17d,3da4a704-0b81-49be-a5a6-e1aad0eabfad,Jordan Stout,jacobolson@example.com,cancellation_fee,-143.39,USD,Card,Amex,SUCCESS,2026-07-21T14:38:41.747203+00:00
81b17b59-aca1-4498-9742-610b8ff8a122,dd99c64d-4fee-4f92-b081-662d3f3810da,Erika Bell,juancrawford@example.org,refund,-144.33,USD,Card,Discover,SUCCESS,2026-07-21T17:46:34.171067+00:00
e951bd07-7c31-47d9-a0ff-0ed250fbfbc3,5d74bbb0-bf64-4868-9740-d9365c247b9f,Brian Stanley,william87@example.net,tip,9.2,USD,Wallet,,SUCCESS,2026-07-21T17:51:07.756582+00:00
b6665e4e-ea60-4f76-83a0-9ea1ff00a43d,b9dc82ac-dc47-495f-9345-46ea2766e59b,Nathan Miller,deborahknapp@example.org,tip,176.16,USD,Wallet,,PENDING,2026-07-21T19:33:19.394606+00:00
b3348aed-8857-4e32-a188-9c65ceb9a8a2,85338513-422c-4b4c-a0e1-d1e1b648f70e,James Reyes,kaufmandonald@example.net,refund,-86.84,USD,Cash,,SUCCESS,2026-07-21T19:38:10.991459+00:00
30b19915-e161-4db5-b124-da285a1c9c8b,e0724fe2-f68e-40f0-8967-cdb1b3adb9ac,Brent Williams,michael13@example.org,refund,-74.93,USD,Cash,,SUCCESS,2026-07-21T20:46:17.310963+00:00
bd0f2f9e-5fe5-460d-a623-3d6d66915316,35acec1f-ddeb-4945-bf06-e54426688bb3,Anita Simmons,holderthomas@example.com,ride_payment,141.64,USD,Wallet,,SUCCESS,2026-07-21T20:52:00.484220+00:00
262079a6-8fa9-4e35-bfb7-f9a4bbedf33a,22c0b363-d498-4427-ba4f-ad2716fa6141,Kristen Tucker,landerson@example.net,cancellation_fee,-87.33,USD,Cash,,SUCCESS,2026-07-21T21:40:14.729463+00:00
5e087c41-a538-4e4e-b13f-d7d90f92a707,e812dd90-e454-4fa7-9b02-805cf4777ebe,Dana Johnson,shirley27@example.net,ride_payment,147.23,USD,Wallet,,SUCCESS,2026-07-21T22:11:00.334437+00:00
d6151893-a68e-4ffa-9637-0b6d17231d6c,b13b7276-52ad-4a29-81e3-465e970552c8,Christopher Mack,mosschristopher@example.net,tip,57.3,USD,Cash,,SUCCESS,2026-07-21T22:28:53.045375+00:00
d02b78a8-4aca-4e30-82d7-810efef0c606,6b4f4a0c-2a14-4bee-8f60-82fa68e3501a,Katherine Jimenez,ibarrabrett@example.com,cancellation_fee,-136.99,USD,Cash,,SUCCESS,2026-07-22T00:26:26.853346+00:00
17e5d590-31ab-4fb0-a7a3-7370460e4891,850ed9d7-75d6-4c59-86fd-92b264c0356e,Joshua Hudson,spencelisa@example.org,cancellation_fee,-35.8,USD,Cash,,SUCCESS,2026-07-22T03:41:35.502976+00:00
41614eb3-d929-437f-a810-c68195cd427c,587e999c-536e-4bb3-8239-c087ef5bfae0,Marco Mendoza,greerhannah@example.com,tip,35.87,USD,Wallet,,REFUNDED,2026-07-22T03:57:26.052122+00:00
befbe211-80bb-4a62-9adf-05d89dbae399,9b0d0599-06a7-44a5-9bff-dc61e1a316a9,Eric Castillo,gsmith@example.net,refund,-128.02,USD,Wallet,,SUCCESS,2026-07-22T04:14:08.771092+00:00
0ce0388f-b6ea-4d29-a0ba-4019175574e3,fb9ccea1-0c89-4c6a-8da2-abbbf51b3eb4,Alexandra Silva,erinskinner@example.com,tip,12.42,USD,Cash,,SUCCESS,2026-07-22T04:25:56.837343+00:00
3a78d736-5a86-4ee6-bae8-ea408c140d2e,41ee4246-3004-4d0e-8c91-5c919ba67c1b,Angela Smith,perezfrederick@example.com,tip,13.87,USD,Wallet,,SUCCESS,2026-07-22T04:38:16.407999+00:00
ecafea99-87be-4bca-bc32-4a754b945303,c53245f1-138a-4beb-b097-6f25d8ae38ff,Ryan Patel,emilyvilla@example.com,cancellation_fee,-42.63,USD,Cash,,SUCCESS,2026-07-22T05:22:04.746529+00:00
03f101c2-8782-4ee1-ad6f-13b9a32be53b,6248e9c9-7ae5-4e16-8e83-58eef25bd259,Alejandra Garcia,laurawilliams@example.com,ride_payment,172.26,USD,Wallet,,SUCCESS,2026-07-22T05:37:00.307388+00:00
d9771f4d-52e2-4555-99e4-d9e1eeba5dcb,8fd97368-2bd1-4667-881a-16240d0bf668,Justin Wright,jeffrey62@example.com,ride_payment,153.46,USD,Cash,,SUCCESS,2026-07-22T09:54:15.031192+00:00
c54ac095-ba88-487d-9133-221a5f3864bb,d902ea43-877b-4e9e-ae41-660b2084c830,Louis Mcintosh,michele99@example.com,tip,165.77,USD,Card,Mastercard,SUCCESS,2026-07-22T10:04:11.670734+00:00
02809418-4c1c-4050-814d-d18bdd101d8d,fb7dfbea-5c2f-48d3-958a-a1952cab8fee,Jonathan Washington,yjones@example.net,cancellation_fee,-126.54,USD,Card,Visa,SUCCESS,2026-07-22T10:54:35.809170+00:00
ac437270-2e26-49d6-b5b9-71259d1779c1,8d4bab36-d35c-45ac-ad98-8ec934468f9c,Stephanie Carter,browncaleb@example.net,refund,-26.96,USD,Cash,,SUCCESS,2026-07-22T13:09:20.642745+00:00
3584ee9a-c039-43c0-88e1-64fcfea7a1a4,45a07a8d-48cd-4be9-a029-7754199e84b3,Christine Rivas,daniellestevenson@example.net,tip,131.74,USD,Card,Discover,SUCCESS,2026-07-22T15:32:54.862845+00:00
2105d083-8847-4059-8429-a26c25f2e13f,6f8ce2ef-88a4-4211-a686-5aa7fe13aa87,Helen Phelps,jonesregina@example.net,tip,168.96,USD,Cash,,SUCCESS,2026-07-22T16:02:59.206627+00:00
17e50b12-fe7c-43a5-a1fb-958179889084,50920d56-88ce-4afd-8075-04cdc319879f,Christopher Baxter,spatton@example.net,cancellation_fee,-79.41,USD,Card,Discover,SUCCESS,2026-07-22T16:35:00.445290+00:00
873b97d0-339e-4c14-b305-3a74f9a2fdb4,6959b07e-5845-433a-bb90-1a93120f556a,Tiffany Miller,omarshall@example.org,refund,-26.43,USD,Card,Amex,SUCCESS,2026-07-22T17:14:14.827127+00:00
80bc8b55-4dfe-4c65-b966-41cd8db2067b,074d5e8a-1e4f-4ce2-b99c-e9bcf4f6228a,Jessica Mitchell,markortiz@example.org,tip,28.87,USD,Cash,,SUCCESS,2026-07-22T18:28:17.465940+00:00
aa636e8b-9ebb-4249-8eeb-3588987f6968,bd1c2ab2-f51b-47ed-8da2-f75dc1bd6144,Jessica Lloyd,jessetravis@example.com,cancellation_fee,-97.27,USD,Card,Amex,SUCCESS,2026-07-22T21:30:33.044451+00:00
2d3b053b-b7fe-4455-85b2-eaf2d4cb3bae,fc5e6b08-269e-43e2-a990-5c816b461173,Kelly Thompson,lesliefox@example.net,tip,92.5,USD,Card,Discover,PENDING,2026-07-22T22:37:36.089906+00:00
a451f283-7669-435b-baac-c1b8e699d9ad,c083df8a-125f-4a11-a5e0-9b5220494590,Laura Taylor,hamiltonshaun@example.net,refund,-96.05,USD,Cash,,SUCCESS,2026-07-22T22:54:47.518527+00:00
4418579b-18b9-48c5-ad33-f9d14d42125a,18e6c9b0-89a5-4726-a47a-31e3a4be001a,Nicole Valdez,vkirby@example.org,cancellation_fee,-169.16,USD,Wallet,,SUCCESS,2026-07-22T23:34:40.420042+00:00
9ada4150-74c4-4464-9c48-056b38ef040b,8367058c-455c-485a-a3e8-6abc192a773f,Elizabeth Watts,tammy08@example.com,cancellation_fee,-41.97,USD,Card,Visa,SUCCESS,2026-07-23T00:48:49.108983+00:00
64a666a3-2703-43a7-ad7f-cb77fdf81406,8dd856ae-32fc-4715-b6ff-1b90aa24d878,Jessica Palmer,wpena@example.net,refund,-79.76,USD,Wallet,,SUCCESS,2026-07-23T00:54:18.717415+00:00
ff93e7b9-7d27-44ad-bdb9-0c19b283f08b,43928a1e-bfd3-4400-abed-e1b7548e954b,Patricia Estrada,wstokes@example.net,ride_payment,113.72,USD,Wallet,,SUCCESS,2026-07-23T01:43:23.731906+00:00
eec6916d-b759-4afe-9946-b1fbd05ccf82,6696ad6a-45df-4500-a37c-125491cde806,Mary Terry,douglasblack@example.net,refund,-15.35,USD,Wallet,,SUCCESS,2026-07-23T02:02:45.150594+00:00
312d8743-3614-4b9b-a0b9-6d3ea49cb0c6,f017c7a1-07c2-44a3-8841-f833a766fdd4,Angela Weber,dillonlawrence@example.com,tip,86.49,USD,Card,Visa,SUCCESS,2026-07-23T02:31:11.718539+00:00
a45a801e-e7cc-4d78-8d3b-d6634a740d9e,d142197a-430a-4afe-a2e3-c8eaaf699f3e,Martha Coleman,kenneth80@example.net,cancellation_fee,-130.28,USD,Card,Visa,SUCCESS,2026-07-23T03:49:12.961263+00:00
d19164a6-3cf3-490c-b8bc-6f3b3fd0c14d,6e6778ee-b07d-435a-9c05-982c220b54ed,Kathy Jones,georgelaura@example.com,cancellation_fee,-73.12,USD,Card,Visa,SUCCESS,2026-07-23T05:41:59.516419+00:00
c12cc4dc-8c71-4a5a-b03b-ef13e4ecf349,d9c652a9-f2b3-4799-b467-9e59570d3903,Sarah Miller,chadyoung@example.org,cancellation_fee,-103.34,USD,Card,Amex,SUCCESS,2026-07-23T08:03:12.085435+00:00
6098cc0e-45c6-4bad-af1f-67600594e789,3f47bea3-0da9-4126-aa3b-4a24ba066f36,Michael Kelly,zprince@example.org,cancellation_fee,-39.05,USD,Card,Mastercard,SUCCESS,2026-07-23T08:06:35.714421+00:00
ca019060-49ff-4cbd-919a-f4584034a14a,d8c55c0c-641c-4017-94ed-1bbb7704d36d,Devin Smith,sandersmary@example.org,ride_payment,172.74,USD,Cash,,SUCCESS,2026-07-23T09:13:04.604781+00:00
317ee91b-30f9-4d58-901c-ae37fa6ccc08,c433fb65-156e-48e7-8623-ffb713002248,Becky Jacobs,nlee@example.net,cancellation_fee,-85.35,USD,Wallet,,SUCCESS,2026-07-23T10:42:04.399385+00:00
f5fb9d10-e208-42ed-ac16-fe804d1425d8,7fe7263c-8e00-4659-a296-4d76822f9138,Alexander Vincent,lopeztaylor@example.com,ride_payment,107.22,USD,Wallet,,SUCCESS,2026-07-23T10:50:06.348022+00:00
5909c857-39bb-45fd-b7a3-db41a39e9b1e,e9b3a34f-16f6-45f0-9b11-2a1ecca409c1,Mark Herring,nicholas89@example.org,refund,-100.61,USD,Wallet,,SUCCESS,2026-07-23T12:30:20.482835+00:00
e192a288-d4fd-433b-98f0-37fbc71ca84c,7d80e31e-61ed-4703-8cec-14f69075bb30,Anthony Bennett,nicholsgregory@example.com,refund,-111.0,USD,Card,Visa,SUCCESS,2026-07-23T13:08:14.415059+00:00
5909e712-cad5-4da7-be65-8bfc56e153bb,5fec49d7-c8b2-4392-be9b-9e46dbce0c31,Chad Cisneros,uwashington@example.org,cancellation_fee,-159.24,USD,Wallet,,SUCCESS,2026-07-23T13:21:37.836829+00:00
cdc57e96-b425-40c9-a45c-9a6781804811,fd1043c7-7e08-4ed9-abc5-3e90fc89f692,Deborah Estes,proctorjames@example.com,cancellation_fee,-37.06,USD,Cash,,SUCCESS,2026-07-23T13:36:10.527456+00:00
0b15bed2-c5d6-4dbf-a398-9c466062230c,04ace698-f9ef-45e2-93ad-b1f15b9892fd,Douglas Cummings,uhenson@example.net,ride_payment,13.56,USD,Cash,,SUCCESS,2026-07-23T14:44:55.474344+00:00
25bc78ca-d6ec-4b2f-a4fd-f46a5f18d16c,686125ee-49ae-4cc0-9ef5-b76149ca9f5b,Dylan Benson,fwood@example.com,ride_payment,75.72,USD,Card,Mastercard,SUCCESS,2026-07-23T15:52:41.847212+00:00
3cfe770e-4e6d-4a5e-867e-4c902e4bed75,da2e9c15-a402-44df-9404-f39cf5a6486d,Tina Huffman,zimmermanomar@example.net,cancellation_fee,-32.94,USD,Card,Discover,SUCCESS,2026-07-23T16:35:43.924684+00:00
e8e14e40-0e12-4299-bbc7-61a2bb1039b5,5cc1906e-3cdd-4fba-a8a1-acdfb96c8533,Kathy Hale,lgonzalez@example.com,ride_payment,21.02,USD,Wallet,,SUCCESS,2026-07-23T17:22:13.167902+00:00
6279cff3-d866-4604-b772-f648b45f5dc7,72d7ebbb-b31a-4dff-9ba5-29e923d2bb9c,Molly Williams,charles81@example.net,ride_payment,86.25,USD,Wallet,,SUCCESS,2026-07-23T17:36:47.021803+00:00
42e8158c-8315-4657-bb8a-c08db0da8676,8326bf6d-dd51-4704-a595-9a4acc2a726f,Daniel Williams,bgalloway@example.com,tip,166.78,USD,Cash,,SUCCESS,2026-07-23T18:08:13.886294+00:00
25669233-f77c-4f00-860c-2ebf56f81cf4,f0166466-df9d-4469-8c84-edbc4868e549,Ms. Kathleen Perez,daviscarla@example.com,refund,-69.27,USD,Wallet,,SUCCESS,2026-07-23T19:58:22.989147+00:00
ff275d7f-0fef-49db-bc53-6488e3cb9598,5ff61373-b276-460f-92f7-055039300ed2,Sean Armstrong,jose25@example.com,cancellation_fee,-147.68,USD,Card,Visa,SUCCESS,2026-07-23T21:00:00.427202+00:00
af7279cc-9b92-48b0-a77d-50ba6d3bf106,4c23703a-aa2c-4921-8a09-74d3b1d06455,Jessica Herman,kevin29@example.org,ride_payment,14.35,USD,Card,Mastercard,SUCCESS,2026-07-23T23:50:03.628959+00:00
ca235991-3784-4406-90a8-56d95a9b650c,82e40159-44b6-4cf4-8619-88684bb862f8,Bethany Bartlett,john83@example.org,ride_payment,45.65,USD,Wallet,,SUCCESS,2026-07-24T00:00:49.402433+00:00
80d5f33c-6f51-42ac-8e94-6f3c1cfe744f,168b6ce5-c3be-4986-b93b-33b87304149c,Patricia Martin,christopher48@example.org,ride_payment,123.7,USD,Cash,,SUCCESS,2026-07-24T05:02:32.542050+00:00
83e22905-20e4-4aa3-81ef-bf8f4dd4385a,cadb6991-4bb7-4f11-901e-71d0753f08a6,Dana Johnson,ybailey@example.com,ride_payment,36.7,USD,Card,Visa,SUCCESS,2026-07-24T05:08:37.509941+00:00
b82f0620-315f-4a15-8043-fb167bd8b7cb,53144057-69fa-4c31-8fd7-57d828a59144,William Nelson,mikesherman@example.org,ride_payment,156.46,USD,Cash,,SUCCESS,2026-07-24T06:35:12.727254+00:00
ac6a4c4c-918f-4389-a121-5a7b3d734a74,dd85f46d-0935-4d79-888a-7ecfc898f34e,Kelly Freeman,dawn36@example.org,ride_payment,158.55,USD,Card,Visa,SUCCESS,2026-07-24T06:49:57.102225+00:00
c1929348-b358-4c9d-8166-2e322e894b49,e3a270ab-ad4a-4752-a098-c5259b467318,Judy Carey,woodssteve@example.com,ride_payment,59.6,USD,Cash,,SUCCESS,2026-07-24T07:27:34.294496+00:00
21707d32-6f67-4ca5-afda-9cc57c19bda7,a502fc4a-7618-41a4-bdf7-0d14f752a594,Joseph Bowman,christine13@example.net,cancellation_fee,-154.02,USD,Cash,,SUCCESS,2026-07-24T07:36:27.149623+00:00
81a0fd51-d7b0-4a7d-b0cc-a31ba2898ba1,57560f39-bab1-4dd9-82c9-fbfa40147edb,Andrea Montgomery,rochakerry@example.net,tip,126.84,USD,Cash,,SUCCESS,2026-07-24T10:07:42.155440+00:00
85e03133-ea1a-47ef-aedb-1191e1693d55,ab38b3bd-48e7-44cd-a102-7e31c8518289,William Ho,matthew80@example.com,cancellation_fee,-58.24,USD,Cash,,SUCCESS,2026-07-24T10:48:33.549541+00:00
f7bab634-0796-4670-8c5b-9ae1a333beb9,b377704a-8771-4978-a698-c451eccf73f7,Christopher Summers,harrisjustin@example.com,ride_payment,63.39,USD,Wallet,,SUCCESS,2026-07-24T12:20:53.092149+00:00
8db42db0-7977-4afa-8234-36d9144a0fcb,f62f471b-0adb-4263-85eb-49fa1819dae5,Christopher Gutierrez,jenniferclarke@example.net,tip,167.1,USD,Cash,,SUCCESS,2026-07-24T12:53:24.263218+00:00
79c65431-6989-48a6-965a-3585ab234320,2a2c333a-54d2-4900-8537-75a2885bc8fb,Janice Chen,cindy75@example.org,refund,-101.42,USD,Card,Amex,SUCCESS,2026-07-24T15:45:08.932396+00:00
a570a94d-8580-4fa3-813d-e7ca75ba41d6,dcbab067-3367-483f-9e8a-28af8aece3eb,Daniel White,icollins@example.net,tip,40.44,USD,Card,Amex,SUCCESS,2026-07-24T15:57:24.136173+00:00
b380a638-cf22-433d-bd81-401a47d7c9c6,c99c699b-2501-4851-909c-3c7ce48663bf,Susan Jones,sherripaul@example.com,cancellation_fee,-17.4,USD,Cash,,SUCCESS,2026-07-24T15:59:16.993145+00:00
1cffdb11-ee48-4bfe-a008-198220bf06ce,32a063da-9464-4e35-a7fd-8c2568bcba7f,Deborah Dennis,jorge13@example.com,ride_payment,100.92,USD,Wallet,,SUCCESS,2026-07-24T17:19:27.433092+00:00
dd58c07a-c841-4982-8858-3b323ed7e2f2,24ac6331-c1ea-4272-a664-58dd51d365c0,Sheila Downs,raymondhunter@example.com,cancellation_fee,-170.82,USD,Wallet,,SUCCESS,2026-07-24T18:17:44.123765+00:00
b004a4a5-d4ee-4f6b-92e0-49df42a03456,a6f8bebb-f779-468f-b951-ac17a2f31443,Shannon Jones,lisa13@example.com,refund,-42.25,USD,Card,Mastercard,REFUNDED,2026-07-24T19:11:46.020011+00:00
640a0cff-2a9f-49e4-a2fb-59f8a67b08fd,ffc1bf6a-9178-4cbb-81ed-782f679dcb65,Gary Griffin,alexandramerritt@example.org,refund,-60.86,USD,Wallet,,SUCCESS,2026-07-24T20:23:54.386109+00:00
5520efe2-b84f-4ca9-a085-db84ca7139ae,bac714d0-9ffc-490e-83c7-b9b8422cc5e5,Alison Johnson,richardsondawn@example.com,tip,60.61,USD,Wallet,,SUCCESS,2026-07-24T20:30:45.173560+00:00
b4a12fda-c611-4b82-aed7-95cd0a459944,c9236b11-4646-457c-b115-020f48628dd7,David Williamson,joel97@example.org,ride_payment,130.54,USD,Cash,,SUCCESS,2026-07-24T22:27:29.878001+00:00
83370200-34aa-4eda-a4f1-4292e737fb45,ed476f5c-d389-4154-817b-6dd3303afcb9,Toni Newman,nicholassanchez@example.org,tip,26.55,USD,Card,Visa,SUCCESS,2026-07-24T22:37:07.059584+00:00
9acfda70-1133-4354-b808-86d0414d2c65,20812def-81de-4e21-86bd-eb9074918a9c,Kathleen Campbell,kandrews@example.org,ride_payment,173.82,USD,Cash,,SUCCESS,2026-07-24T23:31:48.758086+00:00
4552a2c1-78c5-4be8-86f5-6f787588d0a5,4969c645-ef77-4e32-977b-38f972b4bec9,Jason Lopez,jessica82@example.net,cancellation_fee,-24.74,USD,Cash,,SUCCESS,2026-07-24T23:47:10.748357+00:00
d8123cc8-8da6-4d1b-8c45-1cc3bb5d01ac,c76eb879-da7d-442e-8618-8bf937a810d6,Jessica Barnett,nguyenbrenda@example.net,ride_payment,101.66,USD,Wallet,,SUCCESS,2026-07-24T23:52:05.881112+00:00
422d7e22-4823-4cfa-a73f-f7c60c87e251,eb91e170-3903-4bee-b582-7388f6a45542,Stuart Burns,donnaanderson@example.org,ride_payment,178.52,USD,Card,Discover,SUCCESS,2026-07-25T00:19:07.986459+00:00
0ffcf4e8-92f0-4260-9729-9c59a63ae2d9,6abda4e0-a4ec-420a-b05b-6a9a9557330a,Madison Chavez,xponce@example.com,cancellation_fee,-93.47,USD,Wallet,,SUCCESS,2026-07-25T00:28:25.317283+00:00
bd79b83c-f1d8-4c37-b7c1-af0b1b6ad40c,3053669b-d3c1-4d5d-b401-8cd796ff07ad,Lori Henry,james46@example.com,refund,-40.1,USD,Card,Amex,SUCCESS,2026-07-25T00:47:10.178702+00:00
e274237f-b9c4-4cf8-869c-ce79e8abfc6e,a19baf95-d605-4656-8c43-ebff0810e420,Amanda Ross,tlong@example.com,ride_payment,64.22,USD,Wallet,,PENDING,2026-07-25T01:05:02.769752+00:00
741bf240-e625-44e8-8e5c-d864ba7fdb0b,7e408bd8-dbd4-4425-97be-e721a9a07b17,Zachary Williams,tylersalas@example.org,tip,17.81,USD,Card,Mastercard,SUCCESS,2026-07-25T01:12:41.835878+00:00
b5f514fe-294e-474a-8b9b-badebea5f7b9,fe7d7c05-3374-40ad-a994-f9383765a78c,Jessica Wright,david48@example.org,ride_payment,30.2,USD,Card,Mastercard,SUCCESS,2026-07-25T01:17:59.812476+00:00
9b2017cd-c596-4668-ac36-855a91f56ac6,51d7fb49-a548-48ba-9bde-91efb7ec3f1a,Terry Miller,nichole77@example.net,cancellation_fee,-10.38,USD,Card,Mastercard,SUCCESS,2026-07-25T01:40:21.585115+00:00
e04554c0-8945-48e1-a04c-da05de60d48b,1867cba0-fe46-44a7-91d0-903b69faeed5,Kathryn Harris,usingh@example.net,refund,-157.23,USD,Cash,,SUCCESS,2026-07-25T03:34:35.345917+00:00
eb6f7f44-9fea-45cd-88e4-8792083e4ce2,d5848f9e-9d60-4646-8fd9-15a9d13c4f1f,Mark Faulkner,amanda97@example.org,cancellation_fee,-155.54,USD,Wallet,,SUCCESS,2026-07-25T05:00:53.982682+00:00
cff83c74-0a53-48c3-b748-c6092931a23a,6df513f2-0e96-4931-8fc4-d49ad47f7541,Megan Gross,craig78@example.com,tip,19.3,USD,Cash,,SUCCESS,2026-07-25T08:13:26.311645+00:00
812723ee-449e-49bd-b541-7810fa929a8b,89fdbbb8-742c-4623-90ef-1bd159b50169,Erica Rodriguez,marthawallace@example.net,refund,-170.5,USD,Wallet,,SUCCESS,2026-07-25T10:20:25.350341+00:00
7a338789-de4e-4a88-8ef2-fead6e04d3a1,94b46775-7f75-4b5b-ab1c-6cf0ce4903df,Tom Wilkinson,gail94@example.org,tip,163.15,USD,Wallet,,SUCCESS,2026-07-25T10:59:59.669862+00:00
fb9bd915-4c60-41eb-81f4-b7d4c2f0a88f,1e2389cb-c25c-4e1a-aac4-6d903be20a7a,Bethany Haynes,mitchellann@example.net,refund,-67.28,USD,Cash,,SUCCESS,2026-07-25T11:01:16.226967+00:00
fd73923c-3fdf-477b-94d8-ceb2a0d87e6d,96fe29c9-aa5d-41a6-9208-11636fd8f8a9,Joseph Chung,laura10@example.com,ride_payment,110.65,USD,Cash,,SUCCESS,2026-07-25T11:35:44.034186+00:00
771c8ce8-ac9f-41ac-8058-830f4e29778b,c3baf5e6-6493-4301-a99b-974eda07b913,Margaret Hale,kaylahorton@example.org,cancellation_fee,-106.39,USD,Cash,,FAILED,2026-07-25T11:39:33.725456+00:00
fbd303ec-7721-4567-b017-0d6d597b7bfd,5676bf5e-86a4-4941-92f5-942f425a8a3e,Daniel Martinez,xgarcia@example.com,ride_payment,128.88,USD,Card,Visa,SUCCESS,2026-07-25T13:00:45.538790+00:00
e9f56b8a-14ee-4d25-91d9-72d535ad419f,db1f6c97-bb6d-4e68-9d3a-79fdf67196f6,Cynthia Flores,linda40@example.com,cancellation_fee,-112.75,USD,Cash,,SUCCESS,2026-07-25T14:03:11.347057+00:00
3dac3e43-c062-4f36-b6db-22b0b2b04bff,15d8db02-7140-4910-b4e3-d4b2d54706fe,Wesley Chandler,umiller@example.net,cancellation_fee,-131.93,USD,Cash,,SUCCESS,2026-07-25T14:10:26.452422+00:00
c7149fc5-f013-4d2e-a517-6ba88e6d3325,1587424f-f29c-4b61-be4e-efafe2ba5477,Rebecca Harris,woodjohn@example.com,ride_payment,161.74,USD,Cash,,SUCCESS,2026-07-25T14:17:41.524559+00:00
b076a1ee-a47d-43ef-a1bd-45929a8390aa,ad995fe7-5d92-4a72-903a-6400ceca9e0d,Jennifer Knox,fmontgomery@example.org,ride_payment,171.21,USD,Wallet,,SUCCESS,2026-07-25T14:39:16.400009+00:00
49540b76-3556-4855-ba8a-d39be5d8a838,4f7b2a89-ec2f-4c0a-af98-a4735e54d512,Victoria Rice,tammy25@example.com,cancellation_fee,-163.3,USD,Cash,,FAILED,2026-07-25T16:22:42.301466+00:00
1c4eb380-bbd3-44ce-8f46-9932a7b4a61d,175e90e3-c154-4cc2-8f20-1c7ebbe885f1,Steven Adams,shuynh@example.com,cancellation_fee,-67.57,USD,Cash,,FAILED,2026-07-25T16:51:50.055106+00:00
2d58717a-739d-41f6-b2a2-23d697bdc390,6103dfab-3c51-40b3-aa05-85bfabd5ba04,Scott Chavez,williamlowery@example.com,tip,61.02,USD,Wallet,,SUCCESS,2026-07-25T18:25:52.856008+00:00
00da2e87-edb5-44ee-b6c5-84e7a3eae2e7,4dee59cf-2b66-4a9e-9907-f8fb7e65ba22,Jeffery Carroll,moorebarbara@example.net,refund,-118.51,USD,Card,Amex,SUCCESS,2026-07-25T21:24:03.982292+00:00
9583715c-cb51-4123-963e-73aebecff164,b1410d99-a118-42d8-9f2c-13449ef2b018,Jason Johnson,wluna@example.net,tip,18.61,USD,Wallet,,SUCCESS,2026-07-25T23:11:00.728794+00:00
4936fdd0-e1a4-4d87-92fc-26d941ea2e84,25b83202-6718-4a5d-8a09-68cbb470b27d,Wendy Mcdaniel,michaela99@example.com,tip,172.64,USD,Card,Mastercard,SUCCESS,2026-07-26T02:44:25.027137+00:00
806d97ad-9f28-4946-ac1a-921317be2763,db61d52f-0d04-4023-8974-5366241a90c2,Bradley Gonzalez,westamanda@example.com,cancellation_fee,-9.51,USD,Cash,,SUCCESS,2026-07-26T02:57:12.507773+00:00
04cf16d9-f4a2-434b-98fc-e07be8f85e5f,7e55666d-6b0c-45de-afc8-6ee86a7b479b,Courtney Ryan,philip71@example.net,tip,168.86,USD,Cash,,SUCCESS,2026-07-26T06:11:03.101534+00:00
b94f657d-f2f5-4c19-8260-0304a2a81483,29078e76-7b12-4207-a01f-7b1f12a8b7aa,Robert Mueller,douglasdavis@example.net,ride_payment,113.93,USD,Cash,,PENDING,2026-07-26T06:44:12.337605+00:00
a94a8e78-31b7-4dc4-8333-2478e107fdb2,3a1a24b3-fee5-43c5-8195-8a9f55b9d660,Raven Woods,johnsdaniel@example.net,tip,147.31,USD,Card,Discover,SUCCESS,2026-07-26T07:21:16.902257+00:00
bb1e70ec-ffab-4524-889d-fb7d4d9424ae,e07d07d9-142c-4bbe-b9c5-45f8234d1304,Kathleen Cabrera,frederick55@example.net,tip,143.25,USD,Card,Discover,SUCCESS,2026-07-26T07:21:47.620557+00:00
551a0154-0fb5-4f92-967e-0de91de685f3,54da71df-2075-4b3e-be0f-66735ee20df6,Dakota Whitaker,djones@example.org,cancellation_fee,-43.25,USD,Cash,,SUCCESS,2026-07-26T10:05:36.708183+00:00
ab961068-956b-4714-938a-a9d660b4022e,f5deaa17-d927-4907-b54e-124c7d8d9b31,Megan Powell,uhaynes@example.com,ride_payment,146.39,USD,Card,Discover,SUCCESS,2026-07-26T11:11:23.490861+00:00
a61ac62c-a3a9-4a1f-a5b3-e6329db02e3d,1d74c93a-2143-4319-9643-2ff606c2e548,John Taylor,christopher44@example.org,cancellation_fee,-42.83,USD,Wallet,,SUCCESS,2026-07-26T11:31:40.012755+00:00
1757528a-f2dc-407d-8ca9-afedb9d0b85c,58ac8e2e-b9fe-40b7-bdf6-22ddc6de675d,Lisa Robles,ywatson@example.com,tip,14.82,USD,Card,Discover,SUCCESS,2026-07-26T11:43:29.510956+00:00
71e23bf7-902d-4c39-a97b-dc5e169c7d76,2b901c07-ac56-4452-9778-7e1913a52126,Emily Barker,ftownsend@example.org,refund,-16.92,USD,Cash,,SUCCESS,2026-07-26T14:10:44.961224+00:00
015c70e0-a2f1-47a6-8bd1-ee2483373afc,17b04437-8224-4d16-8a40-d087fa1eb760,Kathryn Pope,joseph41@example.org,tip,37.84,USD,Card,Mastercard,SUCCESS,2026-07-26T14:21:49.100502+00:00
e2ecf738-7a61-462c-bc7c-2eb3cd80ffcc,737e109b-2c44-4d84-96dc-1614b73e73f5,Nicholas Chavez,kayla55@example.net,cancellation_fee,-129.07,USD,Card,Mastercard,SUCCESS,2026-07-26T15:45:03.605111+00:00
a37a3d37-b75f-4da5-be5f-71203e540dfe,3923a24e-f1d9-4052-b51c-e86e06778907,Katie Miller,jessica46@example.com,refund,-36.74,USD,Wallet,,SUCCESS,2026-07-26T17:19:20.487615+00:00
a965957c-8c23-4d2a-830f-d61fd5f3b274,32b7ccf8-91d4-4757-aff3-9212452c0421,Angela Serrano,grahamstephanie@example.net,tip,169.62,USD,Card,Mastercard,SUCCESS,2026-07-26T18:23:05.999894+00:00
fd2fff3c-b429-4d0d-8752-b9fb826a147e,d029ee5e-85fd-4371-ad79-5fe83c22800b,Donna Rodriguez,zchase@example.org,ride_payment,75.52,USD,Cash,,SUCCESS,2026-07-26T20:21:59.923668+00:00
10e8e567-927d-488d-a657-f9353d7ee80c,36ddb3cf-6b58-451b-b960-af62bd3dbce9,Pamela Baker,abigailmyers@example.com,refund,-21.54,USD,Cash,,SUCCESS,2026-07-26T23:00:14.498255+00:00
f7c6cf1e-a2bb-413b-a3ff-960db75a26eb,a5c3af2f-57ab-4e87-9532-1820dd4d6fee,Shannon Scott,spencerfrench@example.org,cancellation_fee,-120.14,USD,Wallet,,SUCCESS,2026-07-26T23:45:13.894310+00:00
90303fd3-6636-4945-b2b4-d719f5cce5fe,fec69b0e-7e19-450c-b033-ed64f386ac5c,Miss Katie Moon,michaeljohnson@example.org,refund,-49.0,USD,Cash,,SUCCESS,2026-07-27T00:15:35.104260+00:00
65cd48a8-0175-4691-a5be-1a582e4681c4,306d4ff3-986a-422d-8d9e-08c48f269b84,Patricia Henderson,anthonypatton@example.org,cancellation_fee,-127.56,USD,Card,Visa,SUCCESS,2026-07-27T00:20:43.981075+00:00
5c8a19e3-bfa1-4cca-aefd-d355aa4990b9,84716832-167d-470b-8eb4-2fce766300e9,Robert Glass,wmacias@example.org,ride_payment,10.62,USD,Cash,,SUCCESS,2026-07-27T00:30:04.540508+00:00
88341d44-67c9-473c-8a0c-5828d8f9594c,20e4ed75-7b66-44f6-91b5-e5241bd9837c,Steven Lee,foleyantonio@example.com,cancellation_fee,-144.43,USD,Wallet,,SUCCESS,2026-07-27T00:48:04.432188+00:00
5ada4951-3fd9-426b-bbf4-6e8ae818e06c,2f8eab99-3d60-4847-80ea-9b155855cca2,Laurie Kelly,rodneysolomon@example.com,cancellation_fee,-88.43,USD,Card,Visa,SUCCESS,2026-07-27T01:59:54.362377+00:00
1591edb3-9fe5-4df5-85b2-8105728b0743,087bffb3-8143-4777-ba5f-5f6b2aadc5be,Jill Watts,nhurley@example.org,cancellation_fee,-91.06,USD,Wallet,,SUCCESS,2026-07-27T03:03:00.080523+00:00
6a0c6387-66e7-4819-bec2-bd42ee5f6dac,c0093774-1a92-445f-bdb9-83c3054ca8a1,Gregory Hamilton,stevensmichael@example.com,refund,-140.37,USD,Cash,,SUCCESS,2026-07-27T04:48:58.422883+00:00
0acd02ac-aa4d-4724-8c29-55748992185e,8308bfa0-3a82-4efe-b6c5-6487b5639f11,Amy Norton,jamesanderson@example.net,ride_payment,164.5,USD,Wallet,,PENDING,2026-07-27T07:11:00.246081+00:00
5b101bde-c8cb-43f6-939f-0011cf160747,125cdd8f-3b03-4d3c-9703-4305b0925ebc,Ana Orr,jonathanmcconnell@example.com,cancellation_fee,-17.85,USD,Wallet,,SUCCESS,2026-07-27T07:28:41.852038+00:00
231d8821-4077-4f01-a09f-699ac4384901,8a53777a-e4ce-4b0f-a1d9-4e2972fc3af3,Mark Price,turnerjoseph@example.com,tip,35.83,USD,Wallet,,SUCCESS,2026-07-27T08:11:12.362699+00:00
9d0f2453-c352-4f66-bbaa-4ccc9f34af15,14726e9e-a002-49fe-90f9-a7eb20e57721,Michael Lopez,vhuang@example.net,cancellation_fee,-160.63,USD,Cash,,SUCCESS,2026-07-27T10:14:39.748427+00:00
4248afeb-31b9-4b40-a73c-9b96f8d1946f,e9c089bf-3091-4e06-80a2-90079da3c03f,Joseph Simpson,alexispollard@example.net,cancellation_fee,-37.34,USD,Card,Amex,REFUNDED,2026-07-27T10:27:20.328386+00:00
ea802989-4d43-491a-99cd-00780823d47b,098d576f-473f-4cb3-a304-5d8893fa71ba,Dawn Reed,sdurham@example.net,refund,-179.94,USD,Wallet,,SUCCESS,2026-07-27T10:28:53.707967+00:00
5cf2c821-44dc-44b6-bd4c-02641993d92e,f17bf1a5-d3cd-4b1e-b456-5ed62ccffa42,Wendy Bell,rebecca01@example.org,refund,-110.14,USD,Card,Mastercard,SUCCESS,2026-07-27T14:05:43.483156+00:00
2ec10d5f-e540-47b0-b2f6-545aca3a1f07,54e5dc2f-45e0-4454-a8a8-2ebd03b3be21,Faith Roberts,shelley26@example.com,cancellation_fee,-5.03,USD,Wallet,,SUCCESS,2026-07-27T15:18:27.990309+00:00
02c389bc-d3d5-440f-b2e1-9ce89bc5e9fb,703dde93-fa6e-49fc-b8e9-65ccb956c18d,Hannah Lawrence,patrickgraham@example.net,cancellation_fee,-38.83,USD,Cash,,SUCCESS,2026-07-27T17:11:34.510380+00:00
ab22f549-2af3-404f-8a94-42b7cf47ee27,230847cb-b151-478f-b035-941ad2355dec,Regina Powell,jessica58@example.net,refund,-41.4,USD,Cash,,SUCCESS,2026-07-27T22:38:40.731591+00:00
3f115035-b9fb-44db-a5ed-32ea6fd32f08,3bfc0499-e39c-46a8-9e68-accf6a8b0891,Amy Bray,taylorkristina@example.net,ride_payment,178.73,USD,Cash,,SUCCESS,2026-07-27T22:40:39.137942+00:00
d4ccfdfb-a4eb-4419-a18e-88fd3ac4f5b2,691992e9-d5b4-46fd-ada9-798ccf3aa34a,Anita Hall,plee@example.net,tip,150.93,USD,Cash,,SUCCESS,2026-07-28T01:05:56.470611+00:00
f1f97a4a-303f-4712-83be-1a14a9409fad,e7e099bd-6735-440f-8352-6f5ff143ecc5,Juan Moore,bklein@example.net,tip,47.11,USD,Wallet,,SUCCESS,2026-07-28T01:35:08.344475+00:00
c9ce3a3f-bbcd-439f-85bf-6773abbf4453,ee37bbf2-9782-4d59-a2bc-53ac1899d805,Katherine Wyatt,willie21@example.com,cancellation_fee,-8.6,USD,Card,Visa,SUCCESS,2026-07-28T01:42:15.388562+00:00
74ba38a6-f2b1-4319-920f-22e7d0e7c8c0,6a41ff0e-55cf-48a0-b9df-488cdf5dfdb3,Tanya Torres,iwilliams@example.com,ride_payment,11.17,USD,Wallet,,FAILED,2026-07-28T02:33:45.911221+00:00
424d8f75-bc0a-409d-a6b2-51d573ec8924,62610041-1019-4fb3-be70-e23c3dcbd240,David Mendez,jacob40@example.net,ride_payment,6.43,USD,Card,Amex,PENDING,2026-07-28T02:52:02.157559+00:00
bed75d2b-5fa8-481e-92d9-90d21aa42ee9,d1a8138a-91cd-4d8a-af38-a43072b97449,Troy Watts,david64@example.com,cancellation_fee,-38.9,USD,Wallet,,SUCCESS,2026-07-28T03:14:58.674421+00:00
0b6bfcdd-fe79-4083-b39c-632a105f2ef2,15aae89e-0305-46ff-8ce7-103032c1b807,Luis Townsend,zgill@example.net,refund,-4.27,USD,Card,Mastercard,SUCCESS,2026-07-28T03:20:41.193312+00:00
259de878-3d4c-4438-9e79-af61d1ebbda2,f6fc8a28-967b-4511-b5eb-8753e7e8aa5e,Brittney Scott,aoliver@example.com,refund,-66.41,USD,Cash,,SUCCESS,2026-07-28T04:57:05.951836+00:00
10be4775-c965-4cbb-b6e9-10742c029ab9,6732b429-b0d8-472e-8db4-8950dfc823c5,Wendy James,parkerchristopher@example.net,refund,-109.51,USD,Wallet,,SUCCESS,2026-07-28T05:34:41.802097+00:00
be9df67a-e8df-4719-899b-7c643ef823ff,31030cfa-9b17-4f5e-b3e9-57d26510cbba,Steven Hunt,kristiburnett@example.org,ride_payment,179.44,USD,Wallet,,SUCCESS,2026-07-28T06:33:14.128957+00:00
e9dc9181-bda3-431a-908c-804ce26a0257,434b77d2-2569-4ed5-a402-d1383c554a87,Amanda Dillon,brooksbrian@example.net,refund,-61.68,USD,Cash,,SUCCESS,2026-07-28T09:31:43.772936+00:00
acc1f241-92f0-424c-9a9a-3699cc3c5d5c,ea526f56-660e-402a-b449-1e968d3eec0d,Amy Barnes,ruizbrandon@example.com,refund,-108.36,USD,Cash,,SUCCESS,2026-07-28T09:57:50.635871+00:00
bac6aa2d-425a-4701-9490-4f87d07d4dc6,1b227fd2-b896-41fd-8fd9-4f5117d9444b,Mr. Steven Pena MD,garciadennis@example.org,tip,157.54,USD,Card,Discover,SUCCESS,2026-07-28T09:58:54.276528+00:00
16a3d9ab-2b80-48f7-8d17-5e20ba7c8889,b2b0dbb5-6fef-4bb6-a26d-1c8a06ebdb28,Johnathan Johnson,laramichael@example.net,cancellation_fee,-100.03,USD,Wallet,,SUCCESS,2026-07-28T10:25:22.618523+00:00
46ff72f4-249e-482d-a961-c383dee183ad,367f11c6-3e68-4ea8-97d6-8b670442e3d6,Edward Dominguez,kimberly45@example.net,tip,47.24,USD,Card,Visa,SUCCESS,2026-07-28T11:01:45.229503+00:00
5c2ba9d9-a232-4b0a-8498-87be1af324c9,879271f9-b758-4f80-8e61-66fc8d108707,Sheila Jackson,zbrown@example.com,cancellation_fee,-149.59,USD,Cash,,FAILED,2026-07-28T11:28:54.533317+00:00
98c05f1f-402b-48a6-b837-ddb55c175cc1,d59bba28-5b11-4fd1-9194-250ebe5a0c82,Dennis Hendricks,thomaserin@example.com,tip,35.15,USD,Cash,,SUCCESS,2026-07-28T12:10:11.791761+00:00
438b2796-6d79-43f9-bbbc-dd9ab8f9eed3,c2ad8901-798c-4fe1-b6e7-c356a98a1d01,Suzanne Cantu MD,lynchlauren@example.org,cancellation_fee,-108.71,USD,Cash,,SUCCESS,2026-07-28T12:31:28.692753+00:00
4400deac-e723-4896-8941-bffd389ef389,18b8838f-cee4-4504-b116-880e256e54f3,Laura Morrison,dhodges@example.net,refund,-29.69,USD,Card,Visa,SUCCESS,2026-07-28T13:11:21.853286+00:00
ea2906d4-1382-4183-9908-bff69404574a,f6a14a32-a69c-4e61-a4fc-1a29c38ff173,Raymond Rodriguez,larry09@example.com,tip,65.57,USD,Wallet,,SUCCESS,2026-07-28T13:41:51.034947+00:00
ebe10853-a028-4801-9831-b70d0e1b7290,b28d3c6c-49b4-4e14-b045-19d264923826,Robert Gillespie,hayesjeff@example.net,ride_payment,67.35,USD,Cash,,SUCCESS,2026-07-28T14:01:18.974284+00:00
84a0c349-c651-4e3a-8eeb-7e1e13571b60,3f2a919d-4347-4891-8b12-f41af85c7ec3,Heather Rivera,rhayes@example.net,tip,146.86,USD,Wallet,,SUCCESS,2026-07-28T16:04:57.067129+00:00
3995f198-a151-4dfa-8a6e-1dac1af80373,f8e81300-4b90-4c88-8b21-8b5befb1d3ca,Joseph Long,jennifer82@example.com,refund,-51.06,USD,Card,Amex,SUCCESS,2026-07-28T16:32:37.653549+00:00
1fa0615b-a2c3-40b1-9006-efe86ea4dff8,c673e29d-571c-4ba5-83f3-bcbe6faa8224,Peter Lopez,joan14@example.com,ride_payment,28.4,USD,Wallet,,SUCCESS,2026-07-28T19:40:55.827154+00:00
32bdbd66-6b86-47b0-890c-f003b2ccc444,59f2750a-f06e-42d9-9252-2e9e4e2885d5,Wendy Silva,hawkinsvanessa@example.net,cancellation_fee,-57.83,USD,Card,Mastercard,SUCCESS,2026-07-28T21:17:17.141014+00:00
9549abdb-c24b-4ed1-8766-238a75c7d352,cd9d7c5d-69f2-42e7-98e6-b8e89a418ff9,Michael Stephens MD,brandoncampbell@example.org,ride_payment,68.64,USD,Card,Amex,SUCCESS,2026-07-28T21:31:08.624558+00:00
9ce9977b-556c-4129-88b3-92eb3717cf0c,525f0087-6919-49de-a82b-e792792c7bba,Nicholas Romero,ericfreeman@example.com,refund,-25.57,USD,Cash,,SUCCESS,2026-07-28T21:49:59.255212+00:00
4e9c5579-9571-4f99-bed1-0b075051e6f8,c611a813-684d-4075-89a0-0b17f45cdde2,Kayla Smith,flopez@example.org,refund,-144.93,USD,Cash,,SUCCESS,2026-07-28T23:07:05.616282+00:00
ddbfd212-eefe-440e-8bb1-2fdd5be76eb8,1b8943b6-2346-41a3-9d31-db7d0aec45cd,Veronica Perez,cherylyoung@example.com,refund,-138.49,USD,Cash,,SUCCESS,2026-07-28T23:16:34.018419+00:00
b945612f-dfba-4d00-addb-104cd0d0c6d6,a772ee22-15c9-4741-a081-09fe350ba4cd,Miguel Huffman,kelseymartin@example.net,ride_payment,174.85,USD,Wallet,,SUCCESS,2026-07-28T23:52:04.510936+00:00
3fe1aeef-0cd2-493d-ab2b-2b6babc37f65,99492b63-7087-4d94-982f-777f0350305f,Lorraine Becker,robertwilson@example.com,tip,178.64,USD,Wallet,,SUCCESS,2026-07-29T00:02:17.359403+00:00
f3391b53-5856-496e-9c2e-0981a87e76e7,dbc2b569-708c-4c26-b072-0e30f56edd1d,Dawn Bartlett,carterkimberly@example.org,ride_payment,168.56,USD,Wallet,,SUCCESS,2026-07-29T02:55:38.622124+00:00
59fedde0-39bc-4d1a-a6e2-b06355a0d946,9eba1bf5-eb7b-4f48-a785-60f8d30ca73b,Andrea Owens,brett61@example.net,ride_payment,142.53,USD,Cash,,FAILED,2026-07-29T03:37:06.904182+00:00
343bd422-cb51-459d-a06f-1b6cda5ae706,3d7f671b-b407-4008-b83f-aa5ea37ada52,Ross Thompson,hbaird@example.org,ride_payment,19.18,USD,Cash,,SUCCESS,2026-07-29T04:29:08.210657+00:00
31146156-2c4c-4439-b6be-9def81e70c0e,b364ce94-f950-4fce-b5bd-76ad700f0f94,Belinda Gonzalez,sean16@example.com,cancellation_fee,-7.48,USD,Card,Visa,SUCCESS,2026-07-29T04:47:53.149152+00:00
9a2bd542-b47f-42a0-ae45-4beee7d51135,098e8f6b-68c3-49f0-a3f4-32c9ff6daa17,Kelly James,lisa08@example.net,tip,121.13,USD,Card,Discover,SUCCESS,2026-07-29T04:51:49.288955+00:00
c7c56a1e-9bd7-4862-93ca-9d4d017951e9,b9b81b5e-1412-46b2-8c51-1714763f8977,Patrick Sanders,barbararodriguez@example.com,tip,50.98,USD,Card,Mastercard,SUCCESS,2026-07-29T05:04:48.547187+00:00
c8fda4e9-527a-4c40-a759-a2a3c26e1808,b4d63a69-2be3-449d-a4c4-1ad3c4c1cb1d,Nicholas Jacobs,marthamcdowell@example.net,cancellation_fee,-104.86,USD,Wallet,,SUCCESS,2026-07-29T05:56:25.237265+00:00
faf75bd2-504e-4425-8ede-f81c3ca69b97,41c76540-36a3-4401-8d62-868df37fd3da,David Dixon,lrodriguez@example.com,tip,131.1,USD,Cash,,SUCCESS,2026-07-29T06:53:51.019530+00:00
088ff5dd-0a26-4507-92f7-09684f415257,7d34090c-383c-473d-a2f0-147637aeee6e,Kim Park,butlerchristopher@example.com,refund,-159.08,USD,Card,Discover,SUCCESS,2026-07-29T07:12:52.308165+00:00
3903381c-2ed4-4424-98ec-58701b98e1bc,4e790338-e05e-4bbc-9954-155c7c199d0f,Michael Pierce,patty44@example.org,tip,102.15,USD,Wallet,,SUCCESS,2026-07-29T09:23:35.158038+00:00
e13d7f07-32a3-4ba8-9c0c-c9964bc8da70,bdbfd2f1-87f8-4c7c-b7e3-a75d74ab5131,Carol Stevens,luis86@example.net,cancellation_fee,-31.56,USD,Wallet,,REFUNDED,2026-07-29T10:26:28.333373+00:00
996d2933-7899-4884-8e2e-f367c0ed8cda,6183f21b-0afe-4165-a632-7bd905a628cd,Jessica Ruiz,debra43@example.net,tip,152.45,USD,Card,Visa,SUCCESS,2026-07-29T10:38:18.208947+00:00
73861fbd-2c72-4b5c-94fe-cf6fabdd7c77,966363c2-8562-4796-a981-dda58bd170b5,Andrew Campos,andrewssarah@example.net,ride_payment,14.61,USD,Wallet,,SUCCESS,2026-07-29T10:57:46.647136+00:00
1325be9a-6d11-468a-bf29-a1684064b0e4,948d7daf-6d72-4a61-a159-0478dd85488d,Lawrence Mitchell,yvelazquez@example.net,tip,129.24,USD,Cash,,SUCCESS,2026-07-29T13:36:46.778315+00:00
ec403f5a-43c2-43c4-bb75-6bcdce19b01c,034de70c-46fe-4fd3-926e-eae8730c2894,Philip Harrison,rhondamcdonald@example.org,ride_payment,34.29,USD,Card,Visa,SUCCESS,2026-07-29T16:09:47.382926+00:00
640512f8-e8e4-423f-a3db-a111317b8048,4bb1d858-f732-4619-a63c-de86b619f8ef,Brian Foster,jermainewhite@example.org,ride_payment,8.7,USD,Wallet,,SUCCESS,2026-07-29T16:13:07.217902+00:00
10edefb2-121d-4f5b-a8d2-6a3843460c48,da9e3222-889f-4af7-aa2a-8ce48ad9a112,Nicholas Miller,prattdakota@example.com,ride_payment,88.69,USD,Card,Visa,FAILED,2026-07-29T21:37:54.161575+00:00
8ce3de89-517c-477a-815c-c4e297ffb987,34ed81c1-d29c-49ab-8e6e-97f2d75b72a5,Katherine Wagner,smithrachel@example.org,ride_payment,176.16,USD,Card,Visa,SUCCESS,2026-07-30T00:39:34.696123+00:00
6406730f-c8d8-4cd1-9a17-98d10e9415a4,3b8c0c3f-f76a-49a1-ac19-5948e9e7d798,James Lindsey,sandersmelanie@example.net,cancellation_fee,-29.29,USD,Card,Visa,SUCCESS,2026-07-30T02:54:15.387682+00:00
51dc921c-c82d-469e-b281-9f74e2cbf015,30347b39-f02d-40bd-93c2-746b81303101,John Keller,kathleen19@example.org,tip,165.07,USD,Card,Mastercard,SUCCESS,2026-07-30T03:25:18.247585+00:00
f25b2702-cc5e-4a8d-8714-4cf080d1bc4b,86911ee1-0bba-40ac-bc44-c8e5984c86d7,Ronald Rodriguez,destiny45@example.org,tip,23.21,USD,Wallet,,SUCCESS,2026-07-30T03:41:08.985402+00:00
e9392045-ea77-4c07-a3ce-5b45cef5d232,2624b88f-5ace-4dd9-8bab-56d8ae30da28,Heather Owens,andrealopez@example.org,refund,-160.24,USD,Wallet,,SUCCESS,2026-07-30T05:29:38.105149+00:00
218b02e7-3051-4d6e-8b84-874838b4d300,9e8b92f6-30a4-4692-bf3d-6029bf2044f4,Erika Rodriguez,mschmidt@example.net,cancellation_fee,-156.79,USD,Cash,,SUCCESS,2026-07-30T07:16:03.047726+00:00
eb6f129d-17df-41c8-b5da-47812ac604e2,387d3bed-b06c-4fd1-b672-ea70c65dde03,Bruce Oneal,kristine55@example.com,tip,45.92,USD,Cash,,SUCCESS,2026-07-30T07:21:00.894114+00:00
24e5ab8c-5981-41b9-afb0-0077a5608fa6,4e536174-a1d0-4c78-8a43-a5f3604c6c0e,Michael Williams,amiller@example.com,ride_payment,158.35,USD,Cash,,SUCCESS,2026-07-30T07:33:10.623937+00:00
7628ef3d-5f84-41b9-ac51-317c6d9b9ddb,ab81851a-db1f-4554-a513-bb94e5e10421,Penny Price,omorris@example.org,refund,-45.66,USD,Cash,,SUCCESS,2026-07-30T08:24:02.224551+00:00
61199fb1-75aa-44f1-b1e4-48a3b7a21214,23f695fa-24f9-4e0e-b7f4-aad1be53474d,Vincent Walters,apriljohnson@example.net,refund,-178.64,USD,Wallet,,SUCCESS,2026-07-30T09:32:27.471481+00:00
71fd0d44-9b99-4067-889a-16a1e7f2eb25,5e6112d0-fc6b-4e2d-aa33-ce9174baaf53,Robert Gray,qjackson@example.net,cancellation_fee,-119.12,USD,Wallet,,SUCCESS,2026-07-30T11:01:23.162805+00:00
6de589a6-27ba-48d3-bf0c-327d22594d23,df447a1a-8430-4665-a660-d3380105c4e5,Shirley Beck,castilloraymond@example.com,cancellation_fee,-68.47,USD,Cash,,PENDING,2026-07-30T11:27:27.502023+00:00
993beb55-5b02-474c-99f2-73931223644e,2f7cbaa6-d6e7-4661-895d-ececd0e43e1a,Rebecca Ponce,cooleyyvette@example.com,refund,-54.46,USD,Card,Visa,SUCCESS,2026-07-30T12:28:53.540825+00:00
5eeb44a5-7158-4e1e-824e-4566d68b8ccc,9ecf4dc2-6939-44cb-8818-326494d41668,Courtney Mejia,bennetttraci@example.com,ride_payment,36.87,USD,Cash,,SUCCESS,2026-07-30T15:28:50.396055+00:00
3e52590c-89a9-4a27-9ea7-6bbbd9c62e08,90f69cf5-7a05-416a-91f0-8074dfb03aec,Crystal Harris,johnprice@example.org,cancellation_fee,-120.05,USD,Cash,,SUCCESS,2026-07-30T16:01:56.995379+00:00
4a2c9048-ea3b-4308-9732-00fa5165f410,68d85e6c-ae63-405b-986b-9e9332c88166,Jack Sosa,stephanie95@example.com,tip,6.53,USD,Card,Discover,SUCCESS,2026-07-30T16:51:02.759317+00:00
af8abf0c-eebd-4443-a417-33311a94270c,e85c639e-2242-45ad-bf88-c98ccc0be48e,Kimberly Green,nancywhite@example.com,cancellation_fee,-106.64,USD,Cash,,REFUNDED,2026-07-30T16:56:21.396394+00:00
e71f38c0-dfc2-4263-a427-4b197cba7b33,7b54f20d-aec3-4b60-9cee-ccbac3f07074,James Chan,kelseybrock@example.net,refund,-81.61,USD,Card,Discover,SUCCESS,2026-07-30T17:22:34.964593+00:00
a09b86c2-bd01-4137-8a52-2c1c6602f3fa,fbff37a3-1712-47ef-b5f4-0674f184d9eb,Stephanie Carpenter,vickie24@example.net,ride_payment,71.27,USD,Wallet,,SUCCESS,2026-07-30T17:35:17.382696+00:00
3b4bb239-059a-4c86-85b1-76cc9dcb6eb3,efd44eae-a33c-401c-819a-5c37ed42cdfe,Crystal Johnson,misty69@example.org,cancellation_fee,-51.52,USD,Wallet,,SUCCESS,2026-07-30T17:36:22.272919+00:00
c808338c-cd05-436c-9ca3-8d9e1fb1d42d,6ec48c4a-fb89-4ede-b6a5-10b98bb73a28,Marc Acevedo,harrisbianca@example.net,ride_payment,28.1,USD,Wallet,,PENDING,2026-07-30T17:51:16.199112+00:00
a3f235f3-963c-42de-887f-61d79d3dd72e,7cf9c085-2816-49a8-842c-291e62922bec,Miranda Hernandez,wendy05@example.net,cancellation_fee,-159.98,USD,Cash,,SUCCESS,2026-07-30T23:03:36.887967+00:00
e992dab6-2a12-4497-a5cf-99cc6e7d66a2,acc09b43-7f2c-469c-836a-b76a60238aee,Ian Chan,william31@example.com,refund,-43.11,USD,Wallet,,SUCCESS,2026-07-31T00:14:25.589787+00:00
54b08348-1270-4545-9c5b-4d70a844afd9,a3929341-2e75-489a-a83a-0e3dcc3044e8,Paula Melton,dmontgomery@example.com,ride_payment,140.91,USD,Wallet,,SUCCESS,2026-07-31T00:38:48.606526+00:00
5d849677-ac9b-4de8-b1c9-d4aaf4551254,87f5a7f5-697c-4020-b04b-c2d2bae1c28d,Jennifer Coleman,michelleporter@example.com,ride_payment,108.57,USD,Card,Mastercard,PENDING,2026-07-31T02:31:41.179072+00:00
8801ba0d-056e-4fc9-a61b-7851cef8dba6,c94065fe-6d0a-4ba6-8fb3-c45bc6ad7a50,Amanda Burgess,victoria65@example.net,cancellation_fee,-101.9,USD,Cash,,SUCCESS,2026-07-31T04:40:00.359694+00:00
5ca9ceeb-8418-4032-87f1-60c86d381af1,ce087036-9240-4e87-b92e-ae5456faa75e,Erica Ellis,jgould@example.net,cancellation_fee,-76.28,USD,Card,Mastercard,SUCCESS,2026-07-31T05:02:12.716749+00:00
ef3a4156-0bee-4e89-acfb-7c6bb6a91dc6,42a21441-4d34-412a-9715-3918caae9dc4,Amy Valdez,dawn48@example.org,ride_payment,133.54,USD,Card,Visa,SUCCESS,2026-07-31T05:16:41.908636+00:00
4fe755ae-3ad5-4dba-9019-5fc4d30d0c94,5ca0b96d-2e6b-46b7-9ab6-9a651ee448ce,Tracy Smith,claytonjared@example.net,ride_payment,95.03,USD,Wallet,,SUCCESS,2026-07-31T06:22:40.038419+00:00
7ad6423a-36eb-46fd-933a-77b283c2d90a,2ad84459-ece7-44bf-9073-fd6a8a84f646,Krista York,patricia91@example.org,cancellation_fee,-105.15,USD,Wallet,,SUCCESS,2026-07-31T08:41:29.067672+00:00
4d7f6f74-e819-4445-85c7-7b1d6a6b3b30,ae9a94db-ef3a-4669-97d7-65c9c47f7969,Samuel Holland,brookebailey@example.org,tip,54.73,USD,Wallet,,SUCCESS,2026-07-31T13:03:38.939378+00:00
dc9c8762-de65-4639-9816-ea023c8237ef,5a58e5cf-5e84-4ba5-a5d8-55b062f14228,Gerald Blevins,kristen62@example.com,refund,-65.73,USD,Card,Amex,PENDING,2026-07-31T13:22:00.141569+00:00
86ed3e2f-4192-42df-b30c-9dca3e16ec9e,b6bd39ca-142a-455f-bb53-c43a0f6dce1c,Daniel Smith,lromero@example.net,ride_payment,149.23,USD,Card,Discover,FAILED,2026-07-31T13:51:56.840987+00:00
c780d9ec-b5cd-4861-afba-14634d5d025c,93c65da7-b9bc-44b8-b420-52eed53530ac,Darrell Davis,john49@example.net,cancellation_fee,-141.84,USD,Wallet,,SUCCESS,2026-07-31T16:46:44.672410+00:00
1a81b25f-2f3d-44eb-8f9c-e199dd994258,2c7d8c77-8777-41b4-a413-adb6c7cc35d5,Meghan Warner,olopez@example.org,refund,-151.22,USD,Cash,,SUCCESS,2026-07-31T19:57:53.803237+00:00
9db6011f-0655-489e-b533-fe9b349a39d6,3dcd0d37-9d92-44ed-a900-8ad2bcb7c65c,James Shields,dwhite@example.com,refund,-135.14,USD,Card,Discover,SUCCESS,2026-07-31T20:20:56.901828+00:00
1a97bc3a-607e-4460-be34-8e6146cd4e6f,94962f52-383e-44ae-8e5d-b7c567aea3c5,Priscilla Daniel,guerrerojames@example.org,ride_payment,56.55,USD,Card,Visa,SUCCESS,2026-07-31T20:34:59.842094+00:00
e5a4645b-ffe7-4ecd-b97c-67e963513e2a,a0c796e7-3e1c-4d4d-9f75-de854b969743,Kayla Combs,igutierrez@example.com,tip,95.46,USD,Cash,,PENDING,2026-07-31T21:00:38.356669+00:00
c7f83a70-9db7-452e-9ef3-991a9527c14b,1bb10f97-13a1-457b-8891-1da133874389,Bradley Butler,rayjennifer@example.net,ride_payment,140.99,USD,Cash,,SUCCESS,2026-07-31T22:09:08.787714+00:00
591202f0-8e6a-49cf-94c3-a655b5bb730b,84916acd-0629-46a8-986e-c3888eabebc4,Miss Yvonne Rojas,yjohnson@example.org,tip,105.76,USD,Wallet,,SUCCESS,2026-07-31T22:54:41.932360+00:00
23d4678e-fed7-4a16-8bdb-58a22d8155f6,34f21ca1-2ceb-41ab-a9bc-cff2877ac0a4,Suzanne Hicks,lcarlson@example.com,tip,102.66,USD,Cash,,SUCCESS,2026-08-01T00:08:28.782627+00:00
ba35821d-08ee-4c5e-af33-f2ed4d086ba4,ed5d36e3-6d9c-4096-92ba-172cd137838f,Maria Lopez,ruth76@example.net,refund,-59.13,USD,Cash,,SUCCESS,2026-08-01T02:32:00.358177+00:00
a2cc3201-3643-404b-bcce-b6d899a6bd58,11033bd6-a77f-43cc-a9dc-4665de50081d,James White,sherry44@example.net,tip,161.09,USD,Cash,,SUCCESS,2026-08-01T03:13:10.663989+00:00
1e61afb2-a3f6-4469-b33c-190d34340904,fb68aa3f-4bdf-4a8a-b825-bad19b1b9b5d,Rebecca Padilla,matthewraymond@example.net,cancellation_fee,-34.88,USD,Card,Mastercard,SUCCESS,2026-08-01T05:15:10.392809+00:00
6c7ecfdf-2cc7-4b0e-943a-e27587a0dd93,bd31f2cd-8ed3-4379-acb4-bd854a075d0c,Amy Morris,qhansen@example.com,tip,91.03,USD,Card,Discover,SUCCESS,2026-08-01T05:21:30.512258+00:00
aa675040-196f-4432-a9fc-763a8da10b5f,79c8a2d4-bc11-40ca-82e7-dda5896cc48e,David Kim,hmartinez@example.net,cancellation_fee,-8.55,USD,Wallet,,SUCCESS,2026-08-01T05:22:10.300431+00:00
aa451fba-20c9-42ec-a624-5599b80f7100,4cdc7624-e34f-45cd-8e93-a0c37c618c1f,Lauren Gibson,mariaking@example.net,cancellation_fee,-39.21,USD,Cash,,REFUNDED,2026-08-01T06:39:39.250676+00:00
08b38fd2-2437-4cdb-a3d4-935dbd8be386,4b963f54-c855-4d66-bf62-6216554e36ae,Tina Gibson,ywalsh@example.net,ride_payment,62.01,USD,Wallet,,SUCCESS,2026-08-01T06:56:32.969285+00:00
4354bec2-2feb-4a7d-9f93-546a4c0f678e,1542cee4-cf42-4501-978f-2d5285243296,Sandra Hunt,martinsamantha@example.net,cancellation_fee,-56.96,USD,Cash,,SUCCESS,2026-08-01T08:35:53.027217+00:00
74ff2e4e-f06d-4adc-89ee-9f760ceb0fdf,fc7dbcf6-f3b0-49eb-b419-ad5f2173f35a,Brandi James,wongjamie@example.net,tip,67.77,USD,Cash,,SUCCESS,2026-08-01T08:52:49.662109+00:00
182b44d3-0ad6-4667-b795-e961e0261a0a,48191d23-7247-4a22-8640-8c19f8d61e94,Mr. Curtis Short,robynhaney@example.org,ride_payment,28.17,USD,Card,Discover,SUCCESS,2026-08-01T09:19:49.370335+00:00
63d95fbd-74cb-46d6-8ce9-0ed24d2ace91,b7a2b1ee-2556-4801-860a-1fe2eeb0371e,Marilyn Rodgers,juliaharris@example.org,refund,-23.19,USD,Card,Discover,SUCCESS,2026-08-01T09:31:08.802376+00:00
9b34255b-9b4b-4b69-81a3-2f650fa5f72c,c1740758-5e19-443b-9793-0da97ff23d3b,Susan Cabrera,bill07@example.net,cancellation_fee,-73.67,USD,Card,Discover,SUCCESS,2026-08-01T11:35:25.325302+00:00
37a1660b-3eff-4bc1-8193-76bcae4cb212,51a12fe7-92c2-4a53-9ed7-2b09bc726578,Thomas Baldwin,nicole49@example.org,cancellation_fee,-174.85,USD,Card,Discover,SUCCESS,2026-08-01T13:39:37.990061+00:00
8b4d8845-cb0d-401b-beae-6bfd9a14cc3a,acc5a904-71e3-4327-801a-b07b14904bf5,Martin Cunningham,freemanlawrence@example.com,cancellation_fee,-113.56,USD,Cash,,SUCCESS,2026-08-01T14:13:30.543198+00:00
3d4e005d-5d13-4849-b69c-d1dc48c72f6b,f2d9b1e8-9799-492b-a50c-7b816de50215,Thomas Alvarez,harveyjennifer@example.com,tip,95.39,USD,Wallet,,SUCCESS,2026-08-01T15:00:14.669959+00:00
28a423e5-3c42-446d-adac-facb3c4f4658,2c778aa0-000b-4b55-8e33-ed1bb9ea19f5,Christine Novak,wilsontyler@example.com,cancellation_fee,-164.52,USD,Cash,,SUCCESS,2026-08-01T15:13:56.327861+00:00
f503a90d-0d99-4e41-9b83-080fe23356a2,0c4d1737-a486-4986-b9d4-1d7800578506,Scott Gonzalez,bradley52@example.net,cancellation_fee,-101.57,USD,Cash,,SUCCESS,2026-08-01T15:19:05.832059+00:00
2c4daefe-35e8-49c7-80b9-a287fb6fc8d1,473dd209-2f70-4757-acf8-1a1d891d41ff,Andrea Tran,mariawaters@example.org,refund,-26.23,USD,Cash,,SUCCESS,2026-08-01T15:54:29.354523+00:00
8cd35190-2e4b-4968-8fa5-1a171b3cb4ad,271ab465-8798-479c-b6a4-e9dcdcbd8273,Patrick Lane,jenniferunderwood@example.net,refund,-94.86,USD,Wallet,,SUCCESS,2026-08-01T15:58:54.262097+00:00
71fb1bf9-8a87-4644-916c-781324fdbded,d91c1ab4-10b0-44a4-9963-5307a9882579,Sheri Howard,mathewssean@example.org,tip,169.6,USD,Wallet,,SUCCESS,2026-08-01T18:56:33.688059+00:00
282d972c-2b25-4670-8daa-f2df0135f43c,67db61e5-bcc4-4504-8c08-a768e8f195e7,Miguel Bryant,kathleencooper@example.com,cancellation_fee,-115.94,USD,Card,Visa,SUCCESS,2026-08-01T19:22:53.161430+00:00
84520c73-9e34-43ad-8db9-109d38497643,0d68d4ea-438a-4027-bdc7-317f793204e6,Kurt Ingram,scottpierce@example.net,cancellation_fee,-144.13,USD,Wallet,,SUCCESS,2026-08-01T19:36:25.496256+00:00
47a917c7-c36a-4cc1-bdbb-dc62a4b24d61,e2a2d7d6-0119-4209-b142-953deb89ecf9,Patrick Reed,jonathan87@example.org,refund,-70.24,USD,Cash,,SUCCESS,2026-08-01T21:16:52.983986+00:00
8ddbdc56-08ac-4ca5-98ae-ce3f0e01d246,d90a8efc-c565-495e-9a45-c2daa122ce91,Alexander Murphy,fcunningham@example.com,tip,72.46,USD,Wallet,,SUCCESS,2026-08-01T21:38:26.197147+00:00
3e808dea-c98f-429f-8dc9-10e0b0ebf53b,ee069cef-effc-43af-ab7d-7ef640f5e3ff,Sean Drake,johnsonryan@example.net,ride_payment,21.65,USD,Card,Mastercard,SUCCESS,2026-08-01T23:08:11.757201+00:00
da3edb51-6bbd-4293-bea1-7f8360225c03,91d0a1e8-0269-49e3-abc3-b1d34f504016,Jody Becker,veronicaatkinson@example.org,tip,118.17,USD,Wallet,,SUCCESS,2026-08-01T23:34:03.848722+00:00
567a6659-7807-4aae-b1d7-9a99a760ba39,afe8b918-68ac-437c-92e0-6c52cd8821ff,Gabrielle Hunt,sherribauer@example.net,cancellation_fee,-46.04,USD,Wallet,,SUCCESS,2026-08-02T00:45:15.654835+00:00
399eabf0-e3d6-4a6b-8d3e-d4cc023cd231,ede810cd-fc96-48d5-a603-d54e608affdb,David Marshall,krystal53@example.org,ride_payment,96.8,USD,Cash,,SUCCESS,2026-08-02T03:07:17.514383+00:00
00933bcf-8d44-4d0f-929c-8c11b93c347a,fbf6dadd-84cd-46aa-9d1a-33a2398206da,Carolyn Ramos,dawnolson@example.org,refund,-178.85,USD,Cash,,SUCCESS,2026-08-02T05:28:45.049034+00:00
4d9b5194-1cf3-4d32-afdd-fa06ed0f2841,7b8d0929-021e-456d-ace9-7119057c7fd4,Christine Jordan,sonya90@example.net,ride_payment,138.73,USD,Card,Discover,SUCCESS,2026-08-02T05:55:54.170131+00:00
af369e87-06bc-4960-aac1-445d20c2a7fb,c54437be-72eb-47c4-8880-d1be58fe66a2,Ricky Mendoza,joshua09@example.org,ride_payment,90.4,USD,Wallet,,SUCCESS,2026-08-02T06:54:03.722127+00:00
1e1c2481-c1c5-4bc4-b20e-7c0dec41025a,d9dfd396-a9f1-456b-99cb-7c6bbfcc822d,Luke Compton,thomasgina@example.net,tip,175.13,USD,Card,Discover,PENDING,2026-08-02T07:43:23.212570+00:00
cf151241-82c0-439b-8dd0-a5285d7e23d3,7e5ab8f2-8fb7-47a6-bdfa-f975b13a309f,Sydney Miller,johnsonraymond@example.net,refund,-104.69,USD,Card,Discover,SUCCESS,2026-08-02T09:16:53.170968+00:00
9525c301-b440-47dc-8c2f-169ca5e07baf,8586c7c4-a784-409e-8740-b69a549da085,Mark Murphy,carol71@example.org,ride_payment,17.72,USD,Wallet,,SUCCESS,2026-08-02T12:58:31.290749+00:00
4dc50a6b-0968-4e66-bbf5-a8e685b7ba05,c5b74fa4-6e1e-4db9-8d47-56d945058d0e,Jared Crawford,reneehardin@example.org,cancellation_fee,-102.83,USD,Wallet,,SUCCESS,2026-08-02T13:21:16.877545+00:00
1212e1ab-9b88-4d0d-816a-2fc129f99135,15565bbb-d642-43d7-89c0-0ef6f0340494,Casey Dixon,nmiller@example.net,ride_payment,147.42,USD,Wallet,,PENDING,2026-08-02T14:29:34.466738+00:00
fc77d342-1384-4e39-a4bc-6de4597292c5,76083aae-535e-4191-8d73-8392de25822a,Jamie Jones,handerson@example.org,cancellation_fee,-95.34,USD,Card,Amex,SUCCESS,2026-08-02T16:00:24.532613+00:00
721614b7-5502-46a7-8ac7-c1a980178041,9d04c5df-0083-45f7-96c2-fd3c2eb53a8c,Jennifer Moore,amccarthy@example.org,refund,-7.86,USD,Card,Visa,SUCCESS,2026-08-02T16:54:02.921196+00:00
9ba9a89e-d33b-4a79-8422-1bba36b7d53a,68eb02ab-f629-4fe0-8dbb-f5ec3767baae,Adam Smith,rebecca37@example.net,ride_payment,93.6,USD,Wallet,,FAILED,2026-08-02T19:11:29.259001+00:00
b9d9cd38-1fd5-4d10-a1aa-145f68643ce6,68d50ba7-45fe-49df-b530-97791a5db0e8,Gwendolyn Mason,vanessa93@example.net,cancellation_fee,-36.6,USD,Wallet,,PENDING,2026-08-02T19:48:49.649907+00:00
aa746df9-fcff-40a4-97a0-d333eb536b95,859eae83-fe95-47c8-b813-7ada9456ee93,Joseph Owens,taylorbrooke@example.net,refund,-143.65,USD,Wallet,,SUCCESS,2026-08-03T01:47:19.798228+00:00
f3016e22-681a-4fcd-9e46-205ef3addadd,8e4a2d95-018b-4a87-b8c8-b7d79f797af8,Lauren Reid,zroy@example.net,refund,-95.8,USD,Wallet,,SUCCESS,2026-08-03T02:52:21.450734+00:00
7a5c671c-9131-4932-8116-e456c59bfb1c,269f9ff3-4b0b-4a37-8df1-a7854b177bf7,Tiffany Duncan,kstephenson@example.org,refund,-178.11,USD,Cash,,SUCCESS,2026-08-03T05:46:03.819073+00:00
e7148874-9931-4c0d-aceb-553aff64fbe1,856a2215-8e56-4080-b93d-bcb7470032b0,Lindsay White,derekgreene@example.com,tip,139.82,USD,Card,Mastercard,SUCCESS,2026-08-03T05:48:20.700171+00:00
e53e645c-ae79-4c9a-85c4-40a3ae40b23e,8b128292-8760-4eed-bcd3-aafc9166a8d8,Patrick Lee,xbradley@example.com,ride_payment,157.46,USD,Cash,,SUCCESS,2026-08-03T06:03:51.155197+00:00
468004f9-ca70-4369-9c14-71f9bc05685d,c1cdd45e-9ff9-4b68-bfce-4855d0126556,Gregory Good,andersonjoy@example.com,tip,122.49,USD,Card,Visa,SUCCESS,2026-08-03T06:13:22.182786+00:00
9483c818-3b2a-4ed6-9ddc-88699e07a99c,52c37826-1bd4-4afe-9f6d-a919a5969e1d,Paula Edwards,brandon81@example.com,tip,59.92,USD,Wallet,,SUCCESS,2026-08-03T06:47:40.358830+00:00
927620d9-debb-41c2-bce7-79484da2710f,845ebacb-94c4-40ff-a2d5-ca5b3b9a0db7,Kimberly Walters,christopherpitts@example.net,tip,47.25,USD,Wallet,,SUCCESS,2026-08-03T08:50:36.238879+00:00
78acb0dd-f713-4a75-8bfd-e1db6d53147b,d0b386a4-5f61-4508-b36b-4da0ffe0020d,Martha Baker,joneschad@example.com,cancellation_fee,-75.59,USD,Cash,,SUCCESS,2026-08-03T08:59:11.157832+00:00
80926b36-a059-4bf5-9a95-67959b21414a,31ae56db-332c-44c9-8db6-71a945f07aeb,Richard Hill,uhuang@example.net,refund,-143.26,USD,Cash,,SUCCESS,2026-08-03T09:59:20.935569+00:00
47203b73-bb09-43d1-a6b6-c237fe9ea6f5,df5ef6a5-4ae8-414c-a2db-8b63585ed3af,Justin Pierce,delgadodaniel@example.com,cancellation_fee,-32.48,USD,Wallet,,SUCCESS,2026-08-03T13:23:51.243286+00:00
186c46f0-d9cb-4f68-a6bc-950fa17ceb4a,55a6b8b6-5aac-44c5-a088-19008cde9fad,Abigail Lucas,victoria29@example.org,tip,140.95,USD,Cash,,SUCCESS,2026-08-03T14:18:43.969973+00:00
78e08c57-f05d-4162-8ce9-824da4b501ca,2650dfb5-b0cc-46ab-bd35-9cc3e2160a59,Christopher Owens,jessicaedwards@example.org,refund,-98.07,USD,Wallet,,SUCCESS,2026-08-03T15:17:40.346394+00:00
6add7ad6-3fc3-4ac9-b057-81abaeecf2b2,9f7ffb40-ae53-4a5f-a85b-ba0a32879c4b,Jacob Brown,larrymartinez@example.net,tip,163.8,USD,Wallet,,PENDING,2026-08-03T15:44:39.517137+00:00
363a63e9-0450-4392-aae8-8b54db67f35a,a1ff542a-9dd4-4e15-a62d-2468747b445a,Richard Martinez,ycooper@example.com,refund,-177.75,USD,Cash,,SUCCESS,2026-08-03T16:49:09.047311+00:00
12ebc0be-14be-4efb-aeca-1c53a9bcad95,75b569d0-8406-47e2-bc22-8d6060f0f2b2,Justin Douglas,xmorgan@example.org,refund,-64.54,USD,Wallet,,SUCCESS,2026-08-03T17:22:25.860226+00:00
d77caeb6-3b56-4ded-8aee-7a94c5755b2a,c1306ae4-9a02-4824-bd9a-00d71bcb12f9,Amy Nunez,lhumphrey@example.net,refund,-24.34,USD,Cash,,SUCCESS,2026-08-03T17:24:54.096229+00:00
6a4c71a5-35bb-4a27-a25c-45916d5f24c6,41af433c-d6e0-4636-91a4-39520032d1f7,James Mullins,kristahowell@example.org,ride_payment,27.66,USD,Card,Discover,PENDING,2026-08-03T18:30:27.577641+00:00
085e96b6-50c2-4f58-b888-4cdff76c366f,f89bc6d8-5c39-4800-affa-276cf4a9702d,Ashley Keith,jonathanwilliams@example.org,cancellation_fee,-34.4,USD,Cash,,SUCCESS,2026-08-03T19:27:16.396483+00:00
75352d75-012b-4e1e-b6c2-e841f2a10dd4,37e9f5c2-37d6-41a2-a6e9-5f956d6e4d7a,Kyle White,mortega@example.org,tip,45.67,USD,Card,Visa,SUCCESS,2026-08-03T19:58:10.318826+00:00
5f258269-e424-47cc-b0a3-fd86a7b8b777,526050b5-3260-4f4d-91fe-c711ed431898,Nicole Lewis,mercedesbarnett@example.org,ride_payment,14.46,USD,Card,Amex,SUCCESS,2026-08-03T20:47:54.434783+00:00
4372bb96-31d0-4d7d-ad64-c19ee8d03be7,d0b3473e-d68b-4bdf-965e-2282f4161675,Jacqueline Wheeler,brian30@example.org,refund,-13.31,USD,Card,Mastercard,SUCCESS,2026-08-03T21:48:40.541955+00:00
e6fc2e05-1ef8-4d4f-8eaf-4dfc78ae6193,ecf9a0e3-2929-49fb-a1ad-ea281524c19d,Brandon Price,elliottdebra@example.net,refund,-20.53,USD,Wallet,,SUCCESS,2026-08-03T23:52:42.763410+00:00
33c7bed4-1428-47cc-91ab-775baba28314,74448f06-5e87-41e0-9ddc-1ef4015d0099,Jennifer Hardy,murphycarol@example.org,tip,27.46,USD,Wallet,,SUCCESS,2026-08-04T01:40:15.015764+00:00
20d7b41f-e3c3-43ea-8788-e83ae9ca17b4,5549a3cd-6ac9-43e6-a041-b7c0c09cd3c3,Jennifer Washington,grahamtheresa@example.net,tip,71.76,USD,Card,Amex,REFUNDED,2026-08-04T07:25:10.567115+00:00
a96c4e60-4766-4dbc-bceb-5beb83c8bab7,c04c1c44-47be-413a-898c-be7647c29ab1,Kelly Hughes,howellbrandon@example.org,tip,163.77,USD,Cash,,SUCCESS,2026-08-04T09:14:17.233573+00:00
c18bce6d-0549-42dc-b378-1b9bf1b5906e,01df65be-b4bf-480e-a742-a71bc7e9e614,Melissa Webb,juliemartinez@example.org,ride_payment,62.73,USD,Wallet,,SUCCESS,2026-08-04T13:56:29.179835+00:00
037512ae-cb7e-46d7-b644-dd41a81ab41e,57484db7-862b-4748-8040-d675e9a6b66c,Linda Shelton,christinagill@example.com,refund,-105.75,USD,Wallet,,SUCCESS,2026-08-04T14:15:53.860828+00:00
43fa4bd2-df19-4211-9e6e-90bb828cf72a,a7f49504-0512-4c8a-9a76-4e5ce0969472,Michael Mosley,garciaheather@example.net,tip,111.35,USD,Wallet,,SUCCESS,2026-08-04T14:49:45.289219+00:00
e60dca99-7942-4e81-a8e2-c592dc4d42fd,1065da4d-1b86-43ed-a769-031fcd2e2549,Tyler Mcintosh,johnsonsusan@example.net,ride_payment,69.7,USD,Cash,,SUCCESS,2026-08-04T16:31:51.198133+00:00
cc013de3-c345-4725-9dc7-0eb95345bfb0,5001644b-8a0d-4620-af0e-55ea99c7e5f7,Anthony Alexander,kirbyedward@example.com,ride_payment,135.62,USD,Card,Mastercard,SUCCESS,2026-08-04T17:36:50.841176+00:00
e5142b96-cdbc-4672-b0fc-78bffe44caad,a45fbd70-902c-4180-b15d-e2c8d77e9390,Ricky Parker,michellewilliams@example.net,refund,-7.04,USD,Card,Discover,REFUNDED,2026-08-04T19:03:53.787647+00:00
bf7fe81d-1cc4-46b1-a647-a8ff3d2c7e58,f6dac2c5-073d-474d-99d8-5f3f6f9ea066,Kelly Ingram,gsmith@example.com,tip,97.77,USD,Wallet,,SUCCESS,2026-08-04T19:30:15.274495+00:00
b0920735-33d4-4376-87a9-a578a8532367,2f7a2ddc-8936-423b-b8e0-cf84acbe2bc4,Gary Monroe,taramckee@example.org,cancellation_fee,-20.63,USD,Cash,,SUCCESS,2026-08-04T19:34:02.933652+00:00
19070a8b-7bff-4ce6-8ffa-f988bc009da5,8fba6ebc-f488-4103-8109-c85d45755ef0,Sara Allen,afarrell@example.org,cancellation_fee,-169.54,USD,Wallet,,SUCCESS,2026-08-04T20:10:59.945803+00:00
d4fba19b-18e4-4ec1-bffe-fba9442d9c52,fd43f352-9952-4486-bf9a-596e6075277e,Sarah Fox,branchbenjamin@example.net,cancellation_fee,-12.48,USD,Card,Mastercard,SUCCESS,2026-08-04T22:23:43.667642+00:00
af1ffba7-f812-4b90-a313-9c0364088802,5d929889-745d-4b50-b32b-df232472be03,William James,otrujillo@example.com,refund,-115.5,USD,Card,Amex,SUCCESS,2026-08-04T22:31:59.323827+00:00
1678ef0a-6f3e-4f19-907d-1ef92b2724fc,e47a66bb-d375-4c33-80e0-0c7cef580111,Tina Pearson,cheryl87@example.org,tip,69.98,USD,Cash,,SUCCESS,2026-08-04T22:37:39.637626+00:00
6a244df8-4384-4e48-91ff-034c1e654dd8,de451b51-098b-4d42-8648-b04ee7c22c93,Mr. Christian Vega,foxcameron@example.org,ride_payment,70.72,USD,Wallet,,SUCCESS,2026-08-04T23:56:20.862385+00:00
e8d83171-9a70-4e45-9f91-9ad75216607f,0b07b606-76be-4740-80d7-f7992dde0470,Adam Zimmerman,hwarren@example.net,refund,-171.96,USD,Cash,,SUCCESS,2026-08-05T00:04:31.049903+00:00
fddabd13-d34d-4a9f-b128-7f64c619acfc,9567bc51-95cb-456e-a6ee-8a352a197b7d,Ryan Hale,fisherwilliam@example.net,refund,-97.29,USD,Card,Visa,SUCCESS,2026-08-05T00:52:43.964640+00:00
1cb7a2a6-f758-4697-840b-d5a69e7338a6,b996ace3-b1c7-4b7a-a16f-979297386c16,Elizabeth Johnson,daniellawson@example.com,tip,92.45,USD,Wallet,,SUCCESS,2026-08-05T04:55:32.652999+00:00
f0cbe1e8-334f-4db2-86a1-2476ad3a304c,f13cf1f0-973c-415f-ba0d-64ba1d033483,John Brown,nhartman@example.net,refund,-87.28,USD,Wallet,,SUCCESS,2026-08-05T05:21:53.171882+00:00
08a4d48f-b4ac-4cf0-89a3-c2a01ce70702,4d96162e-ada8-42db-a5e4-1c4aa1ec46e3,Jeffrey Lawrence,cooperjon@example.net,ride_payment,68.18,USD,Card,Visa,SUCCESS,2026-08-05T09:02:54.004614+00:00
cb786d78-44d5-40bb-8f91-51f641d05792,5f50378c-d736-44b4-adde-fb06e2214d41,Kristen Taylor,robertstrevor@example.org,ride_payment,178.41,USD,Cash,,REFUNDED,2026-08-05T09:14:50.842907+00:00
6f7b6d01-dfdd-41ea-bf6d-f4b0cf3532ad,753dd860-5b84-4c3c-9d02-8beff7f978d4,Monica Rhodes,woodskyle@example.org,tip,87.3,USD,Wallet,,SUCCESS,2026-08-05T09:25:33.763223+00:00
622bdf8c-9de7-429b-9793-8dd448209eae,535c1fc0-07cc-4877-a022-8694b8b3b75f,Melody Smith,charles02@example.com,refund,-153.92,USD,Card,Discover,SUCCESS,2026-08-05T10:03:38.537041+00:00
cf47f82f-1b0f-4d87-ab60-055283f7d947,2d4e3d52-7098-4c1a-822e-f0701503257a,Jason Page,mtorres@example.org,tip,157.62,USD,Wallet,,SUCCESS,2026-08-05T11:15:18.381159+00:00
70e92cc8-8589-4793-9f43-481a38951693,7f587769-45b2-4bcc-8ec7-88e3852333a8,Chad Wong,christopher79@example.org,tip,124.94,USD,Cash,,SUCCESS,2026-08-05T11:25:25.301838+00:00
af8a1d68-69f8-4da3-a001-a4f1d833f6b6,21fa1ff6-66b4-473b-a792-76fb59bfdd13,Thomas Henderson,duncanemily@example.org,refund,-140.54,USD,Cash,,SUCCESS,2026-08-05T12:07:58.587857+00:00
0b21baa8-b440-4ad7-a739-8a549f9c10d3,c7f077bc-bfc7-4f61-bdba-8e0f6de4460c,Earl Hammond,andrew03@example.com,ride_payment,116.58,USD,Cash,,SUCCESS,2026-08-05T12:13:15.205958+00:00
5babf802-a1ff-4ed9-b4ac-6e669c91eaf4,1ad86369-3a7a-4a63-b806-9c3b4ea050fd,Stephanie Holmes,cynthia90@example.net,cancellation_fee,-101.87,USD,Card,Discover,SUCCESS,2026-08-05T12:24:54.912270+00:00
b5045468-1e22-4368-a505-5f6663f7bddb,100e88a9-c95b-4e4e-b816-1a6c9d6db963,Rebecca Martin,sosamark@example.net,ride_payment,49.03,USD,Wallet,,SUCCESS,2026-08-05T14:10:01.060642+00:00
7e751b08-9ee0-4537-8691-f34eaafa9b01,43e4040c-33b4-4444-83ff-134ce94b127e,Jason Norton,vernonwhite@example.net,ride_payment,157.44,USD,Cash,,SUCCESS,2026-08-05T17:14:13.107309+00:00
2ead632f-ed9b-4f34-8efe-2226dc9445d0,4d0890d7-7c96-4da8-8eab-563035fd2205,Justin Reynolds,hshaw@example.org,cancellation_fee,-33.07,USD,Wallet,,SUCCESS,2026-08-05T18:12:18.064418+00:00
da51d479-5078-4b9c-9c51-75cbaf51723d,52fe2547-9630-48c2-b8b2-e6117d3181bc,Holly Walsh,howard60@example.net,ride_payment,69.91,USD,Wallet,,SUCCESS,2026-08-05T18:15:14.948029+00:00
67624ae1-7913-41f7-8a8f-d93f92b44f57,51055686-6c0d-4da0-bca6-3a003516e3c9,Jamie Bowman,sandovalleslie@example.org,tip,74.75,USD,Wallet,,SUCCESS,2026-08-05T18:57:12.139123+00:00
e83eb64e-012a-4821-bfbc-36d01478b069,d9f1213c-f504-439c-92a0-744979b20e39,Heidi Smith,kimberlysalinas@example.org,tip,104.02,USD,Cash,,SUCCESS,2026-08-05T23:30:31.064110+00:00
95aeaeb7-cdb8-4109-8b69-d4bbe7ae7242,64158319-476f-4ac5-a527-b777eae97a2f,Daniel Smith,ismith@example.com,refund,-32.97,USD,Card,Mastercard,FAILED,2026-08-06T02:19:44.323483+00:00
26e3b393-3520-4aaf-97a7-7dd6fa1acb1b,2bebab40-a292-4e39-9588-23deaa033726,Christopher Avery,patricia53@example.net,refund,-124.9,USD,Wallet,,SUCCESS,2026-08-06T05:07:49.967498+00:00
deb88723-9177-422f-847b-52df37644649,a35e29fd-bcc2-44bc-8c04-a8d1ea77325e,Danielle Pierce,nicholaschandler@example.org,tip,143.48,USD,Card,Amex,SUCCESS,2026-08-06T05:27:56.834237+00:00
352bb1a9-2126-46c5-9514-c2504cd4e184,3d12af31-5523-4746-944a-241299b3d3cb,James Watson,michael72@example.net,refund,-52.29,USD,Wallet,,SUCCESS,2026-08-06T05:34:05.934113+00:00
311e0708-e400-42e0-bd1e-c21152cfe036,09de8685-d95e-4b94-812d-e612eaf731ed,Travis Hoffman,pfoster@example.net,refund,-128.94,USD,Card,Mastercard,SUCCESS,2026-08-06T05:59:16.777006+00:00
8bdda9a5-a289-45b1-a1c4-8e309ba03820,17615d0f-700b-476c-8a9b-2f8dfc2090e3,Jessica Wilson,robyn16@example.org,tip,32.37,USD,Cash,,SUCCESS,2026-08-06T06:01:05.784115+00:00
8f81488b-d3ec-4f32-bba2-70ca9702550f,bc520b27-7f2e-463c-99f2-949a773cc6cf,Patricia Logan,halldiane@example.net,ride_payment,134.08,USD,Card,Mastercard,PENDING,2026-08-06T06:57:17.496875+00:00
fb8a2297-9463-42f9-a8e4-90291211d88a,8353d208-7d07-49c4-93fd-94209c915a0e,Tina Roberts,brent79@example.com,ride_payment,133.82,USD,Cash,,SUCCESS,2026-08-06T07:12:43.874061+00:00
69bed650-60a5-4821-b965-29de9df42c5b,8d2ccbb4-9b50-4bfe-880e-b0cc7a4058e0,David Meyer,davisnathan@example.net,tip,152.94,USD,Wallet,,SUCCESS,2026-08-06T07:39:09.132563+00:00
e84d0b91-128e-49ca-9903-5c23da0bb516,b0086f04-0f4d-49bf-b475-aa3e63427693,Rachel Davenport,rosariolarry@example.net,ride_payment,141.48,USD,Wallet,,SUCCESS,2026-08-06T08:06:58.684665+00:00
52b400b8-0ba2-4bcf-841a-8c1411b436d8,9b82438d-2329-473d-8bd7-4bf9e16e3bcc,Emily Butler,qvillegas@example.org,refund,-76.02,USD,Card,Discover,SUCCESS,2026-08-06T08:14:49.445458+00:00
a96e8402-0622-46ef-877a-10520a6cf040,4fbad1ba-66de-4602-b31f-ee5c8bfb8f6b,Mark Williams,amandasandoval@example.net,refund,-109.01,USD,Cash,,SUCCESS,2026-08-06T11:01:32.357566+00:00
c10ff9b3-a677-45c9-97ef-89da62d6fbd4,e7527918-308e-4dad-bef1-fd9e94e24b2a,Andrea Little,imoore@example.net,cancellation_fee,-107.71,USD,Card,Discover,SUCCESS,2026-08-06T13:41:28.985446+00:00
ee984bfb-f703-4d8e-a0dd-4b9c502602b3,5533a1d0-b423-4f40-bd41-032e53e44e03,Emily Day,gbradley@example.org,refund,-155.75,USD,Card,Mastercard,SUCCESS,2026-08-06T14:57:18.211262+00:00
a4ca8bd8-c8ca-4346-a4bc-81f517ef9978,c0e033b2-edda-4da1-9225-c0ad52a36a4b,Denise Blankenship,rachel79@example.com,ride_payment,177.05,USD,Cash,,FAILED,2026-08-06T16:40:48.564168+00:00
d52491bd-fe1a-4799-bb47-e5a05b66cc7f,bebffa8c-3edf-4866-b26f-c631a1170f05,Joseph Scott,parkerchristian@example.com,ride_payment,101.91,USD,Wallet,,SUCCESS,2026-08-06T16:57:18.317395+00:00
bc3754f8-aaf5-4212-beed-6109229f87a7,e9de1886-2f22-4ca5-94f7-c82025a692a5,Susan Garcia,christina18@example.net,cancellation_fee,-86.0,USD,Wallet,,SUCCESS,2026-08-06T17:21:43.968031+00:00
236caa86-18f3-4538-96b1-1d8c6c0a51a9,340f84c5-6a8d-4ebf-b14b-776b159e1980,Heidi Johnson,rowezachary@example.com,refund,-167.65,USD,Card,Mastercard,SUCCESS,2026-08-06T19:52:48.779526+00:00
d89b71e4-58bd-4776-935d-cdf166865b02,c1fd60d6-5ff7-41d3-b8ea-8681d79f3b54,Dylan Anderson,onelson@example.com,ride_payment,175.89,USD,Wallet,,SUCCESS,2026-08-06T20:19:52.587931+00:00
3f310357-7698-481d-9790-1374b139d62c,bb8c4448-24c6-43dd-a4e0-c392bc58eab1,Megan Kim,lindsayhines@example.org,refund,-153.19,USD,Wallet,,SUCCESS,2026-08-06T20:38:30.727175+00:00
b8642fac-cb6a-46a6-b8f9-9dfd032ff737,d5060a27-dfff-4b64-9d6c-3a592347cb5c,Robert Maldonado,christopheryu@example.com,cancellation_fee,-80.81,USD,Card,Mastercard,SUCCESS,2026-08-06T20:57:57.959941+00:00
b130e504-a46f-4059-a150-a626d0854392,19233e23-6e7e-4688-aa66-f9681d15366f,Jennifer Guerrero,patrick47@example.org,ride_payment,127.21,USD,Card,Discover,SUCCESS,2026-08-06T21:21:17.490791+00:00
2dc4ce23-c418-4d76-b2cd-7117b469ebdb,b9da2f27-bb53-4920-8328-85feddc9f8a3,Steven Russell,tcook@example.org,ride_payment,149.33,USD,Cash,,SUCCESS,2026-08-07T00:52:21.559940+00:00
634af5d4-03f0-4306-a0d4-313db775e6f8,d38e10db-b307-420b-bdbd-19dec2048e51,Emily Evans,banksgeorge@example.net,cancellation_fee,-111.76,USD,Cash,,SUCCESS,2026-08-07T01:37:44.194897+00:00
3eb8070c-ab1b-46af-8a9c-c1f88826e675,5cffb6ae-35c7-41f7-8037-b264e63f86da,William Small,dmccoy@example.com,tip,23.41,USD,Card,Mastercard,SUCCESS,2026-08-07T02:59:42.253048+00:00
40913905-763d-4ba3-8cb0-649e392af387,a7be4c88-0435-4adb-9092-b28343fd1a47,Abigail House,carolcampos@example.net,cancellation_fee,-74.36,USD,Card,Discover,SUCCESS,2026-08-07T03:02:36.149048+00:00
fb4d59ed-6311-4bfc-b82e-9520a39bf823,03519760-a076-49b5-9c1a-6a3427d83c4b,Steve White,tamaradavis@example.com,ride_payment,124.37,USD,Wallet,,SUCCESS,2026-08-07T03:57:29.057895+00:00
1ae8f331-3d1f-4fdd-8eb0-15904ad6dd54,8675748d-557e-4bf0-9c45-af10d675aeb5,John Moore,travis98@example.com,cancellation_fee,-113.82,USD,Cash,,FAILED,2026-08-07T04:55:25.095920+00:00
119131be-3246-49ca-89f2-0a7c78d06651,4e49df14-5589-4d1d-baf1-96bd4e4215dd,David Pace,dana63@example.com,ride_payment,8.55,USD,Cash,,SUCCESS,2026-08-07T05:05:45.470869+00:00
ce260cb2-994d-441a-8a96-42b5bd65b1b1,9b0d77c2-06a2-4ed6-bc45-e4d2ad43519a,Phillip Holmes,scott45@example.org,tip,20.33,USD,Card,Mastercard,SUCCESS,2026-08-07T05:18:44.659128+00:00
bcdc1b7c-db87-41e3-b181-080e7cbbf619,40bae70b-e824-4a2e-8242-74ccd8955819,Angel Henry,seanmcclain@example.net,ride_payment,141.07,USD,Card,Mastercard,SUCCESS,2026-08-07T07:49:47.933859+00:00
dd63588d-9ab0-4fa4-9b3a-b2faadea4279,09737cda-dc0d-44be-9406-d0bb3d14bf22,David Cantrell,fmayer@example.com,ride_payment,11.99,USD,Wallet,,SUCCESS,2026-08-07T07:51:05.443417+00:00
2fac5842-f322-4226-81a2-ce4ca75d1aff,fb2f5969-c1d6-492b-b2b3-5702d0994121,Manuel Morris,webbana@example.com,ride_payment,101.62,USD,Card,Discover,SUCCESS,2026-08-07T08:07:26.856194+00:00
8ca32ce8-64e6-4eec-a41f-2fe3890f51db,3328ddda-b551-474c-b56a-71856473e25c,Brandon Green,thomasjennifer@example.net,ride_payment,133.19,USD,Card,Amex,SUCCESS,2026-08-07T08:58:12.811708+00:00
247f43f9-d594-4fbe-9ba2-025a0748007e,324778a2-2aac-4e45-bb7a-432f855a3b17,Brett Sanders,cory45@example.com,cancellation_fee,-84.96,USD,Cash,,SUCCESS,2026-08-07T09:01:15.870059+00:00
5d90afb5-b88a-4f36-9438-df2246306f8d,800df9de-c20d-435a-b746-d3a694bef88f,Jimmy Henson,sarahfernandez@example.org,cancellation_fee,-37.96,USD,Card,Mastercard,PENDING,2026-08-07T09:19:34.672628+00:00
ed83e93c-f66a-4e7e-96f7-a235e0839131,1c01a686-4c78-48be-b64f-2e8c694f1170,Douglas Li,nkoch@example.com,ride_payment,127.32,USD,Cash,,REFUNDED,2026-08-07T10:25:57.615493+00:00
15f695a2-691b-4f81-afc7-cfc1a8fc7277,6c652823-ea61-48eb-9e3d-c7ec05c6dd6f,Christopher Vaughan,daniellewilson@example.com,cancellation_fee,-70.07,USD,Cash,,SUCCESS,2026-08-07T10:46:38.288865+00:00
e2db9c41-5f5b-4f49-8239-969e4b871584,1d7cb316-e197-40ea-ab88-5f5af96166f7,Michael Patterson,williammoore@example.org,tip,118.43,USD,Wallet,,SUCCESS,2026-08-07T11:05:01.981218+00:00
df6089d0-b081-42bb-b653-546c1fb4264a,7cf3c28b-90f2-417a-bd1f-b0dd09a68504,Jennifer Turner,natalie78@example.net,cancellation_fee,-73.97,USD,Card,Mastercard,SUCCESS,2026-08-07T11:55:22.191920+00:00
69c9b0af-e4b8-4f3b-88d9-3a60a9ef8854,8419078b-0de3-430d-a097-310bd840a748,Steven Miller,vanessa70@example.com,cancellation_fee,-121.12,USD,Wallet,,SUCCESS,2026-08-07T11:56:48.079115+00:00
90e5780f-abf3-48a3-9b7d-fb1988ddf1a5,492089da-bab1-48ff-b7c5-b7efe1e3097b,William Lopez,patrickallison@example.com,cancellation_fee,-125.45,USD,Cash,,SUCCESS,2026-08-07T12:08:32.068717+00:00
e5a74b6e-2f2d-41e3-9327-00e008770e0a,41d3d973-bdfe-4a2f-961d-b983a9ff1446,Jessica Mayer,dawn19@example.com,tip,30.52,USD,Cash,,SUCCESS,2026-08-07T12:30:42.528191+00:00
d3f88457-bd45-49be-90e8-ff2983b624d5,589fe53c-20ad-4adb-8d0d-75f56a66f161,Eric Bruce,woodardjames@example.org,refund,-91.7,USD,Card,Amex,SUCCESS,2026-08-07T12:49:34.820212+00:00
30406f85-f066-43ad-807d-180d26f9772f,252704dd-34b8-460f-b035-78cb3a52fbc6,Sherry Dean,rcarey@example.com,ride_payment,113.16,USD,Wallet,,SUCCESS,2026-08-07T13:18:15.477548+00:00
c3fa7652-32f7-4d93-80b2-dbc2c8be172a,f8f80922-d5e2-4232-9ed7-08bc087260a9,Jennifer Drake,tpetersen@example.com,cancellation_fee,-155.09,USD,Cash,,SUCCESS,2026-08-07T13:51:37.923036+00:00
b726afc9-e2c7-43d9-94f0-bc1abf875cac,8c7d47c2-1245-4f6e-82eb-55b73e8dda50,Samantha Thompson DVM,gouldmatthew@example.org,ride_payment,8.99,USD,Cash,,SUCCESS,2026-08-07T15:08:53.182830+00:00
9a67d3d3-f21e-468c-9706-269b5f2ee6f0,3b26e61c-1193-4bad-839a-e218519591ef,Kara Nelson,holly87@example.com,ride_payment,38.26,USD,Card,Amex,FAILED,2026-08-07T15:51:56.098951+00:00
3b4a94ab-e1f0-4945-abf5-0ba91623cd95,7ebcb90d-29bd-43cf-9f89-b640d59a4703,Matthew Andrews,steven57@example.com,ride_payment,110.41,USD,Wallet,,SUCCESS,2026-08-07T16:00:19.969580+00:00
d7f95a69-4e21-46ce-b574-1468b9fd453e,392a0af6-b5d2-452c-9d72-69d8bbcf2814,Grace Weaver,teresa04@example.org,ride_payment,152.1,USD,Card,Visa,SUCCESS,2026-08-07T16:25:31.169638+00:00
0bc5d0a9-4c4b-4d03-afd2-18bf83d2ca31,525369d5-dba9-48fe-b9c7-a3ac622344e7,Joshua Rivera,shelby52@example.net,refund,-45.33,USD,Card,Mastercard,SUCCESS,2026-08-07T16:30:18.260500+00:00
b49dd223-82ff-497c-8dda-67097fdd588a,1f512110-25cb-4373-9bd0-3dbc807df523,Jennifer Herrera,ccollins@example.com,ride_payment,151.56,USD,Wallet,,SUCCESS,2026-08-07T17:11:02.735532+00:00
6e84e28f-08db-42c9-8c88-28292feba61f,cb4831b6-b118-4d64-986c-9c48f4f9c494,William Park,foxkimberly@example.com,cancellation_fee,-96.95,USD,Wallet,,SUCCESS,2026-08-07T19:48:41.470522+00:00
aaa63b83-f6e8-45a4-9085-86a2bd8beb68,2a615b76-3311-4ba6-93ee-7e82694b6ccd,Rachel Hicks,paul40@example.org,tip,60.7,USD,Card,Visa,SUCCESS,2026-08-07T21:07:42.802540+00:00
33249acf-38b6-4b29-8522-a66d2cdebb37,5305c35e-3ca7-45fc-a1d1-ac5db8ab0ffc,Amy Jones,nadams@example.com,cancellation_fee,-70.25,USD,Card,Amex,SUCCESS,2026-08-07T23:44:40.355921+00:00
253bd019-831b-472f-85ee-e07739d99617,6ce12ce7-b505-40f4-950a-aa5aae1df602,Clayton Robertson,ortizcharles@example.net,cancellation_fee,-97.51,USD,Card,Visa,SUCCESS,2026-08-08T03:34:36.757169+00:00
3acbcce3-ac56-41bd-b95f-dffe1d2c49f6,9529a954-d8c6-42bf-9ffb-e205b6a36109,Mr. Robert Smith,tonya15@example.com,ride_payment,82.5,USD,Cash,,SUCCESS,2026-08-08T03:37:32.267786+00:00
91447430-df17-48c5-b8a7-1d2964be188d,02ee6e4d-e406-46f1-9884-ec94b2ff1272,Kristin Mcclure,veronicarose@example.org,cancellation_fee,-120.8,USD,Wallet,,SUCCESS,2026-08-08T05:07:12.227069+00:00
7fb4a60b-b0dd-4c7f-a055-b7be678827a2,bed3f383-d48f-4942-bf01-90dd548252d8,Melanie Willis,daniellepowell@example.org,cancellation_fee,-102.13,USD,Card,Discover,SUCCESS,2026-08-08T06:01:32.676668+00:00
512c4502-008c-4349-a617-7e86fa5f6488,5b6c07f6-82a9-472e-a5b7-0eff2067e9e6,Kristen Sanchez,tuckerchristopher@example.com,cancellation_fee,-174.84,USD,Card,Mastercard,SUCCESS,2026-08-08T07:35:00.630923+00:00
c42093a0-a0ac-4608-9f11-cbd98e83ff2c,9a5ff8c8-c966-4703-a03f-4126c58536cd,Vincent Bridges,whitecurtis@example.net,tip,69.21,USD,Card,Visa,SUCCESS,2026-08-08T09:40:47.851546+00:00
201f42cc-fb9b-430a-8fe8-c7014fd2d119,05881d57-17f2-4cc5-ba73-c46c806e577d,Bruce Barker,pgreen@example.org,refund,-57.49,USD,Wallet,,SUCCESS,2026-08-08T14:23:20.850196+00:00
b40eaa3d-27fa-45a7-a245-5cd15f85ec88,ca9a4a01-c70a-456a-9118-221e05739bdf,Stacey Gutierrez,sandrawhite@example.com,refund,-30.5,USD,Card,Mastercard,SUCCESS,2026-08-08T16:22:19.955997+00:00
bb9149a0-b45d-490a-b3c0-d56b3197d760,3c808359-ca38-46dc-ae66-ee53c2546e43,Stephen Burnett,clarkcameron@example.org,cancellation_fee,-105.29,USD,Wallet,,SUCCESS,2026-08-08T16:56:41.449244+00:00
14343d8d-2d0d-4db5-8a55-684c2741ded6,f1591015-a6a7-4a6c-9deb-7d94fdaf034e,Beth Hernandez,trush@example.org,refund,-24.38,USD,Wallet,,SUCCESS,2026-08-08T19:36:28.228991+00:00
469af6bc-c9e0-4e38-bb82-84bc855fa132,67239a72-2d86-45c5-8dde-9fc686d937b3,Jessica Cruz,pharris@example.net,cancellation_fee,-28.63,USD,Card,Mastercard,SUCCESS,2026-08-08T21:20:49.778571+00:00
e0dc0c0d-81f9-45aa-a78f-bd4fcf1837f4,e6d22650-2883-4a21-8090-a47db8a712f6,Emily Powers,cynthiasweeney@example.com,refund,-166.66,USD,Cash,,SUCCESS,2026-08-08T21:42:13.994509+00:00
00d58643-e32d-425f-8b42-9431454570ee,258c0b81-30ba-4de7-a692-b2b9451e9310,Christian Adams,tsmith@example.org,cancellation_fee,-14.3,USD,Cash,,SUCCESS,2026-08-08T22:22:54.420103+00:00
3e2741fd-1bc5-4c84-8905-517187c97b6c,892bbc71-7914-4112-8211-c26e16391d26,Jordan Bruce PhD,melindaramos@example.org,cancellation_fee,-23.49,USD,Wallet,,SUCCESS,2026-08-09T00:05:27.211404+00:00
d9992088-f441-45f6-b722-b3be27745afd,5ae3ce5f-e81b-487e-a8bf-686176f50de1,Brian Mann,osantana@example.com,refund,-30.82,USD,Card,Visa,SUCCESS,2026-08-09T00:19:22.359677+00:00
25b1fdfc-3a49-47df-b350-1321f049a287,a0de284f-bded-4af1-887b-37e5f82a4722,Kevin Jones,wrightdawn@example.com,tip,172.43,USD,Wallet,,SUCCESS,2026-08-09T00:30:35.277918+00:00
569f3881-d4f9-4f4c-b72c-971e93e3c66e,1ea146a7-2716-41cf-a895-b52b5debb145,Leslie Hoffman,abrennan@example.net,cancellation_fee,-75.86,USD,Wallet,,SUCCESS,2026-08-09T05:36:43.676845+00:00
c0da774b-33a5-4d4c-af42-b607a9109250,3f6adc68-6229-4471-a03a-08e6bcd9ed26,Kimberly Beck,vjohnson@example.net,refund,-126.25,USD,Wallet,,SUCCESS,2026-08-09T06:08:31.538728+00:00
ee5dfb04-6721-4242-83ba-4aa84605a0c9,7f3c0289-0f7f-479c-a150-4d1bead81f51,Katherine Gonzales,ccarr@example.net,cancellation_fee,-167.36,USD,Cash,,SUCCESS,2026-08-09T11:16:28.716585+00:00
8cc3643c-9ace-429f-997b-f54b2f1f5864,78b4b648-7409-46da-9aff-554ffb4b9e47,Mark Huffman,jason21@example.net,cancellation_fee,-122.15,USD,Cash,,SUCCESS,2026-08-09T11:28:25.666627+00:00
ad0da62b-d0fb-4ac1-be5f-37c5d6ff4c07,a6f009b5-66c9-44b5-94d0-5ed213d392ac,Ricky Armstrong,zwalsh@example.net,tip,22.15,USD,Wallet,,SUCCESS,2026-08-09T11:45:17.079056+00:00
effd3aa8-4d45-474c-a5fe-7ef6599ce117,e9490b1e-2813-4477-8dba-ac269f1eb9a3,Bruce Durham,patriciamatthews@example.net,refund,-109.13,USD,Wallet,,SUCCESS,2026-08-09T11:49:19.299831+00:00
9e3781ef-d845-4e4e-8e86-1d94dfd4f738,84289f9c-d925-428b-a277-c711f56770e1,Anthony Herring,stevenbrown@example.net,tip,135.27,USD,Wallet,,SUCCESS,2026-08-09T14:42:01.714045+00:00
261fe247-cbec-4acf-acb0-c91300f595af,776ed4a5-f4bf-4cf9-b3fa-6ec1776bf05c,Laura Ramirez,jscott@example.org,ride_payment,64.82,USD,Card,Mastercard,SUCCESS,2026-08-09T15:18:38.958731+00:00
ebfd0f43-ca35-410a-98e6-9845028341d2,e78b31d7-5612-4c4e-9c5e-f7f0cf3a1a64,Lauren Howell,alexandrahowell@example.org,cancellation_fee,-27.47,USD,Wallet,,REFUNDED,2026-08-09T16:41:04.814955+00:00
dc9add99-757e-4091-b8e4-f7ecc25e70a5,01a73677-73ee-4402-bc94-54e66f225569,Cheryl Rogers,handerson@example.net,cancellation_fee,-48.51,USD,Cash,,SUCCESS,2026-08-09T16:59:00.525961+00:00
5cdb31f4-0e8d-42a7-8ff8-8249bbf06a75,12f783f1-4137-431c-adc0-b7ca670a7b58,Gabriela Decker,lucaswendy@example.net,cancellation_fee,-144.85,USD,Cash,,SUCCESS,2026-08-09T17:17:31.271599+00:00
6abc5bc8-42b7-4a62-9c66-641e02957e12,3a8d8313-6556-433e-ba5f-d73abcd359fb,Sean Jones,jacobsricardo@example.org,ride_payment,89.94,USD,Wallet,,SUCCESS,2026-08-09T18:40:57.016583+00:00
a9c30c31-d1de-4f0c-b34c-60e8827d53db,78c59879-3eee-4b81-819e-72e36cd0ba9b,Stephen Scott,andrew74@example.com,refund,-162.39,USD,Card,Visa,SUCCESS,2026-08-09T19:04:13.831544+00:00
bd7dfd53-715a-4756-94b2-21a6439e1d03,1c6d6c40-33f9-4bab-a303-205cd97c4bfb,Kimberly Allen,nhebert@example.com,tip,115.44,USD,Cash,,SUCCESS,2026-08-09T21:24:00.052476+00:00
1eee44ce-0a49-4692-bafc-0d566c51b5d0,d245076a-f0ee-40a4-99a9-34518755d880,Willie Dawson,qromero@example.com,tip,30.15,USD,Wallet,,SUCCESS,2026-08-09T22:03:59.018051+00:00
bda52f11-f88c-4e88-a05d-c2c8e7c35e3b,130852a7-c974-4684-b7f7-50a1414c668c,David Robinson,hermanstanley@example.net,cancellation_fee,-93.36,USD,Cash,,SUCCESS,2026-08-09T22:18:51.613079+00:00
1e4c57b0-9772-4618-bad1-eb4f794937ee,5df89a4e-f1b2-4c38-97c0-78197ecbfe8f,Ann Miller,michaelkemp@example.com,cancellation_fee,-57.38,USD,Wallet,,SUCCESS,2026-08-09T22:44:14.466804+00:00
26e60b0b-9e68-4b4e-95cc-1b94c4cc0165,183b41e9-5f57-40ad-a18a-8e1a4bd33795,Ashley Austin,jessica58@example.org,ride_payment,127.03,USD,Cash,,SUCCESS,2026-08-10T00:41:16.238320+00:00
c4472b97-e463-405a-82e8-8a19ef8f72e4,4e741735-d043-4239-9e7b-278b5f39b4a3,Megan Villanueva,kbrown@example.org,refund,-54.67,USD,Card,Mastercard,SUCCESS,2026-08-10T00:51:47.099821+00:00
eef6b214-bcf4-4263-a7d8-4e834d3e9cac,2fc32e53-13d4-42ba-bcec-f5c2d197e95d,Mario Johnson,btaylor@example.org,tip,125.74,USD,Card,Discover,SUCCESS,2026-08-10T01:12:15.390687+00:00
36003568-1df5-4e6d-a401-e07a60afcae8,372e730e-5529-4eab-85d2-46d83b8b17e0,Shelly Wang,william48@example.org,tip,42.58,USD,Wallet,,SUCCESS,2026-08-10T01:43:35.213808+00:00
c074ae79-fa5f-4922-bf2d-ea1e8292b89a,3b7e6d3f-4d8c-43fd-a10c-ca82958bf447,Samantha Hensley,serranopatricia@example.net,ride_payment,104.12,USD,Cash,,SUCCESS,2026-08-10T02:36:42.255147+00:00
888d458e-2703-4dd1-9fff-21448390cf21,6099dde0-0572-4078-bb9b-f0942118652b,Heather Miller,staylor@example.org,ride_payment,174.43,USD,Wallet,,SUCCESS,2026-08-10T02:59:14.564681+00:00
2adfe5b0-09a5-4290-bc32-693ad7ea38ac,f91477a5-d897-47d1-8c6e-d75fa838210f,Richard Mccarty,peterscassie@example.org,tip,126.4,USD,Wallet,,SUCCESS,2026-08-10T04:21:06.727136+00:00
bd1353e2-214c-413e-9efa-8ab167cc447c,823ff39a-be32-4d2b-9e29-ad10747c2862,Sean Silva,duranmeagan@example.com,cancellation_fee,-50.63,USD,Cash,,SUCCESS,2026-08-10T04:43:35.991946+00:00
337b082f-9502-4fd7-8d68-604195e74aa6,f9bf5e07-428c-4577-b790-c1b15df7406c,Kristin Rodriguez,rwarner@example.net,tip,162.27,USD,Wallet,,SUCCESS,2026-08-10T04:56:38.563164+00:00
c27c91b2-cc55-4f04-9cd4-99280ff89672,8f9c009c-c47d-4972-8a45-b1048557a8a9,Douglas Boyle,michael45@example.net,refund,-55.53,USD,Wallet,,SUCCESS,2026-08-10T04:57:09.360594+00:00
4e8e8c83-c5ce-4e50-9276-70c3a9b8e2a3,a15f9c18-0500-4bf7-829d-5cc08164d221,Allen Salas,garrettgordon@example.com,cancellation_fee,-149.25,USD,Cash,,SUCCESS,2026-08-10T05:42:11.867792+00:00
f3ff4fec-0822-4454-831b-6a52240fb5e3,dd4e5073-c5ed-41d1-87c1-340b5754c862,Keith Simmons,qwilliams@example.org,tip,32.0,USD,Wallet,,SUCCESS,2026-08-10T06:13:48.765125+00:00
199bd90d-1198-41d4-b0e5-53b38129ddb1,68682a32-d18b-41c3-b8d6-8edf493995ca,Stephanie Young,jessica51@example.org,ride_payment,124.7,USD,Cash,,SUCCESS,2026-08-10T06:21:14.551081+00:00
660aeb36-3126-4dee-a63a-94d26757ca60,b2c33342-92a5-4987-b780-60223d967d06,Jason Robinson,monicawells@example.net,tip,126.72,USD,Wallet,,SUCCESS,2026-08-10T06:28:46.835514+00:00
e205bf38-a09e-4134-ab1c-496f49a6922d,b8bbfdcf-d4be-4dcb-9655-f0100767aeb0,Paul Hill,amanda14@example.net,ride_payment,153.87,USD,Card,Mastercard,SUCCESS,2026-08-10T06:51:58.141028+00:00
595b996a-7d24-4e16-b008-485d417848bd,4129bbaf-5b89-4638-b930-d05b3167bf4c,Michael Randolph,shannon03@example.com,ride_payment,36.84,USD,Cash,,SUCCESS,2026-08-10T07:26:55.281713+00:00
087e28a1-7930-48cd-bb28-3bfb5ffb1e93,882e1695-2a24-4271-a5e3-64fecc5ce5a7,David Murphy,kelseychan@example.com,ride_payment,105.59,USD,Card,Amex,SUCCESS,2026-08-10T07:52:10.416303+00:00
e9024405-7780-4d51-96bc-c1b3b3f10200,882de943-d0b4-407c-9716-64d3d67c092a,Jonathan Dunn,xberry@example.org,tip,71.75,USD,Card,Mastercard,SUCCESS,2026-08-10T08:31:38.927431+00:00
80316ffe-3181-43e8-82b1-cbed100646d1,f17e095b-6871-42b5-a80e-3127831f2acc,Logan Walton,fking@example.com,refund,-70.59,USD,Cash,,SUCCESS,2026-08-10T09:48:53.072926+00:00
a65be4d3-50cd-4596-bba1-304fcb9580e5,e7278a7a-0027-4e0f-b43d-96c573833734,Dawn Hernandez,kaylataylor@example.net,ride_payment,38.18,USD,Cash,,SUCCESS,2026-08-10T10:36:42.441284+00:00
485dc097-1721-43fa-824b-f06971c83095,eca66f24-a627-4173-a4f1-8629511368bb,Jessica Martin,benderelizabeth@example.net,tip,147.48,USD,Wallet,,SUCCESS,2026-08-10T12:28:33.421683+00:00
db21514c-961e-411f-b2fb-5089f869778c,3d40febc-bdab-446e-8a31-f82506fa11e5,Louis Galloway,richardsonchristine@example.org,refund,-172.94,USD,Card,Visa,SUCCESS,2026-08-10T12:38:00.307556+00:00
4b249292-e65b-4b17-b851-bed3142cbb16,abe9bf89-8968-4b18-8b68-f48cc4a9651b,Emily Richards MD,hughespatricia@example.com,ride_payment,167.53,USD,Card,Mastercard,SUCCESS,2026-08-10T13:52:26.389256+00:00
d7365180-3550-4ecc-a987-d1763b22bca0,2b814bdd-0fa2-482a-bc0d-46cb3a806dfa,Eric Singh,jcollins@example.com,refund,-25.71,USD,Wallet,,SUCCESS,2026-08-10T13:59:57.072328+00:00
41623570-3a9d-4868-9dd6-9b95661a0313,be729825-0d53-4b5d-8065-9a6c7f60d142,Frank Murphy,qnelson@example.org,cancellation_fee,-119.07,USD,Card,Discover,SUCCESS,2026-08-10T14:30:28.035821+00:00
1d1daf82-95d2-4372-8e49-4411bcf46782,d7de9266-dcbe-4961-a302-2c96f3c5aedc,Donald Barrett,chase56@example.org,tip,29.07,USD,Wallet,,SUCCESS,2026-08-10T15:17:26.513785+00:00
7166e910-13ec-49a1-90f1-a219a93475a3,959b6008-7163-4137-853b-aeb692f0b7da,James Torres,emilykennedy@example.com,tip,152.27,USD,Wallet,,SUCCESS,2026-08-10T15:37:53.592992+00:00
5963e5eb-4cad-4eb3-a82c-869f2503d9c5,91bb6d97-b44d-4a3a-898b-dba918365c9e,Jimmy Clark,roberthogan@example.com,refund,-5.27,USD,Wallet,,SUCCESS,2026-08-10T16:33:06.030450+00:00
5534f445-dca1-4379-a0fd-00150c283022,a41025b9-b9bd-4735-a657-022e8bd18004,Louis Ryan,bpatterson@example.org,refund,-9.73,USD,Wallet,,SUCCESS,2026-08-10T16:43:47.187666+00:00
44303149-8573-483f-a24d-26d66764a73d,b21f33a2-02c7-47e1-92b8-af61aca34910,Erin Hull,robertstephens@example.net,refund,-151.98,USD,Wallet,,SUCCESS,2026-08-10T16:51:04.781827+00:00
c692c856-8529-417d-8d9d-8ca1cbf9e85b,f843d677-284b-4103-a3f5-8975770906a1,Aaron Smith,stevenlopez@example.com,refund,-121.81,USD,Wallet,,SUCCESS,2026-08-10T19:05:23.735956+00:00
334629e3-4b80-4054-9b19-e39cd253d12d,662fd316-f1b9-445a-8cc6-cd471f9bf49b,Nathan Estrada,allencindy@example.net,cancellation_fee,-24.09,USD,Card,Mastercard,SUCCESS,2026-08-10T22:03:11.406351+00:00
8d2b8380-3bdc-45f8-911e-7dd480d804cc,46e80a4a-5bab-474b-80c1-4035bef96cfe,Amber Miller,belinda24@example.com,cancellation_fee,-103.71,USD,Wallet,,SUCCESS,2026-08-10T22:41:16.626043+00:00
27623b7f-c943-4e04-999a-84684c445bbb,d768e5ae-f31f-4ecd-ab28-c3375b6ab978,Seth Pineda,amber32@example.com,ride_payment,8.36,USD,Cash,,SUCCESS,2026-08-10T23:49:48.635547+00:00
2897b37f-ea0f-4cc0-93e0-f764ab0617a8,4ef76184-9fd0-44a8-9c37-5fbc8305d8c7,Kristina Walker,christensenashley@example.org,cancellation_fee,-48.89,USD,Cash,,SUCCESS,2026-08-11T01:20:08.203280+00:00
686dbcee-be2f-4e45-be22-a7dd637ac97b,00a5eb53-0f8a-43b8-88f6-5203b03774f0,Jacqueline Johnson,robinsonjacqueline@example.com,ride_payment,144.21,USD,Cash,,SUCCESS,2026-08-11T04:08:42.335481+00:00
ee03e245-6930-45f1-a6e8-233633c7f1b0,c4cd5c3c-6436-400f-8162-49e5932db1ee,Carmen Gonzalez,tammyrogers@example.com,cancellation_fee,-112.94,USD,Cash,,SUCCESS,2026-08-11T04:51:19.867032+00:00
bfb6a6d3-90ca-4ad3-8f33-ddcc44e90e05,3fe2e990-74b6-409b-bb08-5a7cc479cdb1,Richard Atkins,john77@example.org,cancellation_fee,-26.22,USD,Cash,,FAILED,2026-08-11T06:07:11.097134+00:00
f42e73d0-17a7-4aa6-a1e5-c64746b096b0,6788d6b5-42e7-43ce-a7d1-685abb5653ae,Sandra Pena,emma11@example.net,tip,72.55,USD,Wallet,,REFUNDED,2026-08-11T12:19:22.222234+00:00
3036bfb2-36a1-491d-8d85-734a42ce5ff3,45db08fe-df25-4a25-99f2-c31d684396c6,Michelle Williams,tiffanyandrews@example.com,tip,61.51,USD,Card,Discover,SUCCESS,2026-08-11T14:55:16.746178+00:00
539ebac2-98b0-42f9-92a6-46982a5363e6,c6ca7ca9-fc2b-4208-93b5-baffc7e42f65,Rose Gonzales,ksmith@example.net,cancellation_fee,-178.51,USD,Card,Amex,SUCCESS,2026-08-11T15:00:10.589283+00:00
e18f7081-107c-4b8a-9e19-7210a12839fb,78a63232-ce55-4ab7-9bc0-f28771b7607e,Brian Price MD,jacob38@example.org,cancellation_fee,-50.37,USD,Card,Discover,SUCCESS,2026-08-11T15:59:28.922622+00:00
f70eed57-20ac-462f-a435-4c8596320157,48a4a641-5b22-4fda-a5e0-d2dcba52d58d,Jose Bowen,stoutthomas@example.net,ride_payment,53.98,USD,Wallet,,SUCCESS,2026-08-11T16:22:07.899520+00:00
1d3993b6-ff81-4af5-91a9-73e481240186,adcb444f-1df0-4213-b1b2-97f17530597a,Roger Harvey,orussell@example.net,cancellation_fee,-85.6,USD,Wallet,,SUCCESS,2026-08-11T18:32:54.479972+00:00
f1de966a-79eb-4338-9404-fbe7a14d5af0,0385a929-4ba0-4c6c-a551-ccac9eccbcc7,Patricia Liu,wheelerjason@example.com,tip,56.26,USD,Wallet,,FAILED,2026-08-11T20:20:56.903587+00:00
eb2fd49d-aef9-46db-a9cb-78c50e087b8b,8328035b-11b3-43ad-a774-c22639c8a129,Jesse Roberts,eileen41@example.org,refund,-171.17,USD,Card,Visa,SUCCESS,2026-08-11T21:36:06.279027+00:00
86bef972-73ee-427d-9bcf-8c29b7d2f08e,01cfe19a-a876-41b8-9582-958eb57540e4,Donna Kramer,kendragriffith@example.org,tip,39.18,USD,Card,Amex,FAILED,2026-08-11T22:41:38.101486+00:00
4696e3c7-f5c7-4910-a856-26f3d4c4132b,9a0f2602-c3d7-4bdd-8219-6494cb2288b5,Jason Davis,bhayes@example.com,ride_payment,4.24,USD,Card,Amex,SUCCESS,2026-08-11T23:25:10.405910+00:00
ad0308c2-df8c-40f5-be66-ae8e8e3702a2,b9f445b9-0f76-4879-8440-b4672b41dba5,Emily Mcdonald,cindy48@example.org,ride_payment,66.49,USD,Card,Amex,SUCCESS,2026-08-11T23:37:48.830960+00:00
33e97938-f787-4799-a85c-2e9711b4c9df,ca60c75c-59d4-4c17-a863-7871bbbd70ae,Karen Davis,emily32@example.com,cancellation_fee,-142.54,USD,Wallet,,SUCCESS,2026-08-12T01:46:19.548215+00:00
8e721991-0bb1-44e7-9365-d29d66923a1f,c38daed7-46d1-43b1-862a-cb58dd15f0cb,Danielle Munoz,yvonne90@example.org,tip,63.76,USD,Card,Amex,SUCCESS,2026-08-12T02:07:23.120272+00:00
486b52a7-7166-42f5-86f1-115e93f0ebfb,db7ce693-9bdd-4d50-8ea5-2a70c2eefb2d,Sara Phillips,paul05@example.com,refund,-85.35,USD,Wallet,,SUCCESS,2026-08-12T03:23:21.347048+00:00
6ce315a0-1500-4490-9cfa-a371057db31e,866fd48d-c340-4f33-8d16-8b79c9b34f26,Andrew Monroe,matthewbird@example.org,cancellation_fee,-142.0,USD,Card,Mastercard,SUCCESS,2026-08-12T04:45:16.891770+00:00
5b5f588f-9042-4293-a9ac-88dcf86fffe7,23504e4b-4340-4a86-8738-3cb3a515aeac,Danielle Caldwell,jefferychandler@example.com,cancellation_fee,-118.71,USD,Wallet,,SUCCESS,2026-08-12T04:50:39.678944+00:00
f3e1ea37-e761-4151-95a8-a28cd957b8c8,3f1df311-9382-4e2d-9ba0-e789fc39f390,Jennifer Maxwell,philliparmstrong@example.net,ride_payment,120.45,USD,Wallet,,SUCCESS,2026-08-12T04:52:26.450265+00:00
d7321304-2846-4431-90c7-ccd93a367c41,a671850a-41a0-4975-a4a7-8331d2b186c4,Elaine Hart,hamiltonjeffrey@example.org,tip,144.1,USD,Card,Amex,SUCCESS,2026-08-12T05:04:09.614694+00:00
a4799c82-552e-46bb-834b-7c438310990f,ac953b9c-b50d-445f-baaa-f056c6c70145,Jessica Cooper,carrollnathan@example.org,tip,145.37,USD,Card,Mastercard,REFUNDED,2026-08-12T08:30:43.865750+00:00
080587b9-838d-4799-9bdf-e718255a1ff5,22a855f9-dcca-44cd-b53b-eeeab98274ab,Tabitha Downs,hicksanthony@example.com,refund,-71.19,USD,Cash,,SUCCESS,2026-08-12T08:48:37.451159+00:00
8418f1e0-33ba-44a8-a2bf-bf7d217882e1,c8b09eaf-1f21-4075-93c3-79df5297d7b0,Lisa Johnson,tracy10@example.com,ride_payment,138.45,USD,Card,Amex,SUCCESS,2026-08-12T09:16:02.702468+00:00
3e7272d0-ba91-4e31-aa89-58c6d3fe88c0,5c85d816-15a2-4be9-96c5-7ee9d914363e,Jennifer Reed,douglas56@example.com,refund,-12.89,USD,Card,Discover,SUCCESS,2026-08-12T10:46:09.372484+00:00
8aee2701-cbd2-4252-a21a-d12feb882dc6,606faa43-c46b-4d04-a4d4-41f1349c98f3,Dr. Deborah West,christine79@example.org,refund,-94.37,USD,Cash,,SUCCESS,2026-08-12T10:49:53.118509+00:00
7454d83a-ae15-4f95-9159-f5974e3b4022,764f0d0d-9c57-4ed5-971d-3d378374cbdf,Nicholas Durham,donna28@example.org,ride_payment,45.1,USD,Cash,,SUCCESS,2026-08-12T10:51:15.371180+00:00
7c7be16e-e8e7-49cf-ad3b-d08891569b08,bba8bda2-2188-4996-bcf2-b0653bc72d29,Hannah Graham,patricia28@example.com,ride_payment,73.1,USD,Wallet,,SUCCESS,2026-08-12T11:03:21.893279+00:00
ebaa9ea0-b72d-454a-977e-622bc44db927,0fb3bd09-d2bc-49df-82ab-efe2ac794f2d,Catherine Williams,michellemacdonald@example.net,tip,84.97,USD,Card,Amex,PENDING,2026-08-12T11:52:04.234299+00:00
85de5d64-9ba5-4c7d-b10c-a8d362b40e43,234358f4-9b8a-40cc-9aef-95002542e69d,Ronald Allen,tonya62@example.com,tip,42.54,USD,Card,Discover,SUCCESS,2026-08-12T12:45:03.196485+00:00
ec727631-0b6c-4980-bd7a-c69a1d9eacd9,d48e7dbd-9fe2-4171-9e31-8b49a3e79581,Andre Gilbert,oedwards@example.net,cancellation_fee,-30.3,USD,Cash,,SUCCESS,2026-08-12T13:25:22.852221+00:00
7e55b8b9-e62a-4cec-bfd3-82fd745d4801,61161ffd-0bb3-455b-a1fe-dbbd8d28f583,Karen Williams,matthewmaynard@example.org,cancellation_fee,-170.31,USD,Cash,,SUCCESS,2026-08-12T14:24:19.926795+00:00
d793ca16-a345-4221-8b84-7e7559c9af8e,861726b8-ed72-472f-8c65-b3a937a22575,Samantha Burke,moralesvicki@example.org,tip,27.73,USD,Wallet,,SUCCESS,2026-08-12T15:25:46.321134+00:00
e86f037c-8bb8-4748-8bac-5e33aa6fe743,0ad5cea5-62dc-4752-b1f0-4a245d729ae7,Matthew Kerr,veronicalee@example.net,ride_payment,96.66,USD,Cash,,SUCCESS,2026-08-12T15:43:20.930770+00:00
a8b788de-dc67-4c71-a36f-9c53b9dc7203,be7b37aa-3ff0-42eb-95d7-3c7b2b0c59b1,Michael Houston,seanmills@example.net,tip,87.42,USD,Wallet,,PENDING,2026-08-12T17:54:14.904366+00:00
f1b11836-8dc9-4b54-84c6-a76ecd780d53,74845d3e-58dd-4c0e-a8c1-507f976e04d3,Jeremy Pugh,allen50@example.com,tip,141.77,USD,Wallet,,SUCCESS,2026-08-12T19:07:58.448913+00:00
fe84d625-bc1e-42f2-bf15-96ddba1e3a59,c0ad56ae-4e57-4f7f-8ce5-092eed3ae397,Scott English,herrerajoan@example.com,refund,-28.25,USD,Card,Discover,SUCCESS,2026-08-12T19:20:21.618426+00:00
c61ccf66-db58-4877-85b7-1eb076abf4f0,53e3a342-69ec-45fe-b2d7-211c7c1b1927,Brian Quinn,archermichelle@example.com,tip,115.69,USD,Card,Visa,SUCCESS,2026-08-12T21:31:21.525615+00:00
69d7db15-3bbe-49e6-ae19-7430388d0a1d,8d6ea7fa-9598-4993-bee1-17b9078a2b69,Erik Serrano,allenandrea@example.org,refund,-59.51,USD,Cash,,SUCCESS,2026-08-12T21:39:08.545389+00:00
3d48c41c-c607-4d90-8336-eeaffbc903b8,76d11ba0-8c91-44ab-ad41-68ad1337fd1f,Bobby Martinez,amunoz@example.com,tip,134.63,USD,Cash,,SUCCESS,2026-08-12T21:52:26.290177+00:00
9bfc8876-5099-4299-820f-77e455339aa0,1f6a2d56-feab-443d-98da-7fb9814d7dcf,Kevin Bryant,morenochad@example.net,refund,-138.84,USD,Wallet,,SUCCESS,2026-08-12T22:15:35.021751+00:00
242422bf-9dc0-4786-8580-4eb72942022b,2f7919bb-2b9a-4d65-9bf8-64aace41e10a,Haley Mann,audreyharmon@example.org,tip,173.72,USD,Cash,,SUCCESS,2026-08-12T22:20:52.499413+00:00
7c7eb423-578a-47fd-b577-41ce67e2a004,f21a6daa-e9c2-4f7b-8d74-e8254fe1eec1,Daniel Edwards,matthewochoa@example.org,ride_payment,57.82,USD,Wallet,,REFUNDED,2026-08-12T23:25:10.647027+00:00
f9374a7e-9860-4bf7-ad19-ac1e174989ba,88deb993-2325-4649-aaf5-4bc93040a597,Gabriela King,ioneal@example.org,cancellation_fee,-143.58,USD,Cash,,SUCCESS,2026-08-13T05:58:40.450903+00:00
f81ff773-b4a4-4979-911c-9853d6575eab,b9528a38-923c-4dd8-8d81-d0b22df630a7,Nicole Barnes,michael84@example.net,tip,16.09,USD,Wallet,,SUCCESS,2026-08-13T07:11:17.898971+00:00
cd3deae8-eba0-45b9-bfe9-5245144f2c68,7a6f57a0-3077-4343-901a-0277aae0faa0,Ashley Jones,jeffrey38@example.net,refund,-39.91,USD,Cash,,SUCCESS,2026-08-13T09:44:49.016550+00:00
fa991b2a-f89c-410e-a2fd-4aed04d15396,938869ea-9d91-45d5-ad6a-3602610f9c4e,Aaron Middleton,robertsaustin@example.com,cancellation_fee,-147.08,USD,Card,Mastercard,SUCCESS,2026-08-13T11:05:34.158088+00:00
7c961323-3e2a-43fc-a771-d111af253b1e,dee6bba5-44a9-4db7-a253-49289cb9ad38,Katelyn Perez MD,mstanley@example.com,ride_payment,69.18,USD,Card,Amex,SUCCESS,2026-08-13T11:58:03.188345+00:00
59a02582-58c7-4532-88a0-dc992afff512,354ed7e4-29f1-40ff-ad6b-0f1cc0a3e0df,Douglas Williams,douglasrios@example.com,refund,-114.18,USD,Cash,,SUCCESS,2026-08-13T13:42:48.185396+00:00
55d5b135-d1bf-47f7-834c-fa76ed8addae,5ad716dd-0b2a-40c5-8829-810668bacf46,Christopher Garza,gloverjacob@example.org,cancellation_fee,-47.9,USD,Wallet,,SUCCESS,2026-08-13T13:49:21.223667+00:00
c54cf5f0-da3f-4f64-9a6f-2bf8f7685484,484cfd60-1f7b-4767-b24e-17df3912d97e,Jacob Cuevas,ariasscott@example.org,refund,-137.78,USD,Wallet,,SUCCESS,2026-08-13T14:04:03.675611+00:00
eed4ceaf-8548-41b4-a3ba-2ac8aeb62410,2ae1f7e8-ebc8-4a99-abd2-f904cfad3a30,Amanda Blake,bdavis@example.com,cancellation_fee,-73.69,USD,Cash,,SUCCESS,2026-08-13T14:25:36.166450+00:00
6c83c02e-d20c-4fb4-b5f6-3bcacce28a29,6b99b7fa-a3ff-49ec-849f-f6bbb80fe233,Eduardo Walters,ehenson@example.com,refund,-155.4,USD,Card,Amex,SUCCESS,2026-08-13T16:15:29.952303+00:00
8f415655-e9c1-4317-9d99-90b26b305f08,1c41b590-6cd6-4c6d-aefb-d140b430d75c,Amy Miller,ronaldsawyer@example.org,cancellation_fee,-99.38,USD,Wallet,,SUCCESS,2026-08-13T17:03:37.510131+00:00
3a16e6c7-872e-439d-8a21-741a19686de3,e7104847-068f-4e29-8ff4-470282897dfa,Margaret Brown,bishopjames@example.org,tip,156.75,USD,Wallet,,SUCCESS,2026-08-13T17:31:29.092380+00:00
5b22dcf6-39e6-4798-b0e3-424973450eeb,6c1c40f8-ee68-4895-92d6-805f5117f8f8,Sarah Dalton,michele39@example.com,tip,103.75,USD,Card,Discover,SUCCESS,2026-08-13T17:46:29.646662+00:00
85f61e67-5f3d-45be-8b4a-ce5c493c4fe2,9397d16b-27b0-43fa-bdfe-34fc335e4854,Jonathan Brooks,thomasmunoz@example.com,tip,177.0,USD,Wallet,,SUCCESS,2026-08-13T21:28:05.954930+00:00
25ecd19a-8265-4149-806d-d83f5d3b9d2c,8c4b3593-b380-47f9-ac17-41a143575f5c,Henry Wong,curtis68@example.com,cancellation_fee,-68.51,USD,Cash,,SUCCESS,2026-08-13T21:48:56.453499+00:00
54181ae3-2b84-438a-96f8-3fd7689c33be,fb334ad2-88d7-4a93-b5dd-667b86869801,Theresa Lewis,andrew26@example.net,ride_payment,148.98,USD,Card,Discover,REFUNDED,2026-08-13T23:01:56.386980+00:00
03afb5dc-6de1-4b08-b129-be8f96ea9d70,f88919b2-e90d-413b-8734-55bff6a1c081,Elizabeth Stewart,pjones@example.net,cancellation_fee,-152.93,USD,Cash,,SUCCESS,2026-08-13T23:07:36.711382+00:00
7c99d55a-22bd-442c-837c-1ea113feaeed,c832c308-a752-47b2-801c-c78fbcc81be0,Samantha Costa,lvaughan@example.com,cancellation_fee,-136.8,USD,Wallet,,SUCCESS,2026-08-14T01:20:17.950655+00:00
e980720b-2209-4bab-b834-2b1c84ca984a,3508688d-84f4-410e-9d66-3f1b6350185f,Brittany Rodriguez,harrisdiane@example.org,ride_payment,153.14,USD,Card,Visa,SUCCESS,2026-08-14T01:46:25.243063+00:00
716f9aa1-73ce-45d2-9175-41ddea54afe3,ec11bfa1-3c8c-4b30-b52b-1620ef6c64ab,Cynthia Walker,lovejason@example.org,ride_payment,104.14,USD,Cash,,SUCCESS,2026-08-14T01:49:23.942451+00:00
c0e54780-d258-4d65-b06f-1e8cd98483be,98ff2b1f-75f9-424f-b1ef-db920bfb4c8f,Ryan Ray,katherinegardner@example.net,tip,63.43,USD,Card,Discover,SUCCESS,2026-08-14T02:27:33.243342+00:00
c1e1710d-6053-4e26-9990-906687d72d94,45488443-2911-49bc-82e3-e9e8df43f7aa,Dwayne Valdez,adamserin@example.com,refund,-98.75,USD,Card,Amex,SUCCESS,2026-08-14T03:45:49.292688+00:00
5e334b64-5dc1-4b0f-a5e1-0dcb4ad1ce5a,35a1ac89-41e4-42e4-9eda-d9aeb3eb8e7d,Tina Brown,anthonytorres@example.org,tip,156.04,USD,Cash,,SUCCESS,2026-08-14T04:41:38.254673+00:00
e36a67d8-8850-4413-bed7-6eeae283d19a,8ac34151-a216-4ab8-8399-73271e01e004,Justin Moreno,matthew51@example.org,tip,6.95,USD,Card,Discover,SUCCESS,2026-08-14T09:20:57.223655+00:00
3c8e9b14-e9e1-458a-b5a0-9f12ad603249,f2cb1c78-d3ef-4191-a6b2-0987034cd9b0,Ms. Rachel Curry DDS,petersparks@example.net,refund,-164.31,USD,Card,Amex,SUCCESS,2026-08-14T09:55:21.030566+00:00
69f7aebe-3aec-415d-8ac1-911720353454,75cad5c1-38a9-4f8d-8315-ec9b83458752,Melissa Levine,bridgesmichael@example.net,refund,-107.18,USD,Card,Discover,SUCCESS,2026-08-14T10:25:55.297316+00:00
14d5b1c1-da27-44b1-9081-1b1c685308f2,806cf42e-e2fa-4875-b955-af4c5e03d449,Erica Lutz,laurenjohnson@example.org,ride_payment,11.26,USD,Cash,,SUCCESS,2026-08-14T10:40:44.237153+00:00
9e374dc1-0006-41d9-8bb6-ff8628e05e24,07ba618a-6a85-4bc4-85b1-4313c566a830,Todd Cross,regina69@example.com,ride_payment,14.9,USD,Cash,,SUCCESS,2026-08-14T10:56:09.931278+00:00
aec86139-91ea-4f1d-92e5-f200ae6dd3b0,436c48c2-54fd-42c3-9b4f-cb6a607dbcc2,Julie Jackson,millssarah@example.com,ride_payment,122.13,USD,Wallet,,SUCCESS,2026-08-14T10:56:48.221952+00:00
cc6c44a4-4d46-49f2-bec2-7fcd2f3a4853,9b802027-39a3-476b-8b4f-ca4405eb1e52,Megan Weber,donna05@example.org,tip,82.55,USD,Wallet,,SUCCESS,2026-08-14T12:07:49.162393+00:00
a41e5b8d-6dc7-47d7-bd8a-16e2b78754f0,86a31fa2-8a87-4619-9b37-0115c58ae6e0,Whitney Fields,angelablankenship@example.org,cancellation_fee,-57.48,USD,Card,Visa,SUCCESS,2026-08-14T13:25:07.750767+00:00
a7592962-14ee-419a-bc16-f44566d737a9,4f573397-ed72-4e12-963d-652b7161e872,Lisa Ramirez,arellanonancy@example.com,tip,104.87,USD,Card,Amex,SUCCESS,2026-08-14T14:36:42.418217+00:00
afd145f9-5c99-49a7-b6c2-679f00ce2d60,94130e84-f6b7-4bf1-a1f6-3d64aeeb782f,James Young,ajackson@example.org,refund,-77.03,USD,Card,Visa,SUCCESS,2026-08-14T15:01:56.793443+00:00
5371805e-ee88-4eda-8757-d426581e5ed9,fb2eed70-183d-45a1-95aa-878d8eb6ba35,Brandon Smith,ahowell@example.org,refund,-108.27,USD,Card,Mastercard,SUCCESS,2026-08-14T15:09:31.259810+00:00
202bc790-089e-4ad6-852a-aab5a1a6b44c,bde3e41a-91dd-454e-a0e0-7b0bedc78b46,Daniel Erickson,shannon74@example.net,ride_payment,30.64,USD,Cash,,PENDING,2026-08-14T18:40:01.654786+00:00
42668d45-46f8-4df7-98a3-5439422b2152,5d17f867-f399-4397-ba2c-a886d520e6ed,Lindsay Ballard,uleonard@example.com,ride_payment,132.27,USD,Card,Discover,SUCCESS,2026-08-14T19:15:38.069331+00:00
996014dd-4a5f-4b97-aa8a-d1f5c1fb0cde,e79633ea-72f6-4d90-855a-a6516914be11,Kimberly Robinson,karenray@example.org,ride_payment,110.48,USD,Cash,,SUCCESS,2026-08-14T22:04:56.496295+00:00
18e835a6-4e3c-434e-9062-0bf9bee5702f,199d4143-bead-4c18-a879-798eb3692719,Daniel Campbell,amber74@example.net,ride_payment,162.59,USD,Wallet,,SUCCESS,2026-08-14T23:37:34.441631+00:00
5790e545-467f-4a91-9134-a43c95d26ce0,4f9101a3-b1d0-4293-9370-c3a5da79a481,Jimmy Salinas,gregory90@example.com,cancellation_fee,-20.15,USD,Cash,,SUCCESS,2026-08-15T01:15:31.060033+00:00
e748e908-0b58-455a-ac67-090251e3730e,98efb4fb-c2db-494a-9319-17158a6297f7,Marco Collins,jimenezdaniel@example.com,ride_payment,156.61,USD,Wallet,,SUCCESS,2026-08-15T03:43:24.610246+00:00
5bd27f88-f826-4615-914b-ae8e0211b293,c2812ac0-7a6e-4590-b172-e9ccfc82eb5b,Susan Vasquez,april77@example.org,tip,118.22,USD,Card,Discover,SUCCESS,2026-08-15T05:11:26.632201+00:00
5c28962a-bc45-4846-b9cc-e14bd31fd222,a6e44056-6444-4a38-a28f-ec2356bd48a6,Allen Guzman,walkerandrew@example.com,refund,-109.76,USD,Wallet,,SUCCESS,2026-08-15T05:40:58.129866+00:00
4902f045-983e-47ff-b197-f01f82e74e3e,6523ffb7-2c68-4716-a267-e54cd69520db,Linda Farrell,combsrobert@example.net,cancellation_fee,-119.03,USD,Cash,,FAILED,2026-08-15T07:18:43.493214+00:00
d3b8b19e-a68a-4f16-b43c-64f87c39f816,e9136c72-c64a-47a7-91f0-6811f6eb6a9b,Christina Davis,patrickpaige@example.org,cancellation_fee,-62.24,USD,Cash,,SUCCESS,2026-08-15T08:16:32.281720+00:00
ef8778b5-efc0-4ac7-8ad3-2d7a5cb5115e,93d0bac9-283d-4cbd-8616-7690542d8f02,Kenneth Miller,mary50@example.com,tip,144.07,USD,Wallet,,SUCCESS,2026-08-15T12:05:28.689048+00:00
0c42ed92-acfa-4d10-9bb3-bbb641ccc946,f5aa0a1c-1a8b-4aca-abec-a0da9fa44437,Paula Patterson,xmartin@example.org,ride_payment,169.82,USD,Wallet,,SUCCESS,2026-08-15T12:28:07.056278+00:00
702cde75-4e42-4e74-9d50-02197218579b,eb08ee5d-b01b-4831-a82f-23547cc61bd1,Jason Johnson,dawn69@example.org,ride_payment,130.92,USD,Wallet,,SUCCESS,2026-08-15T12:36:33.181390+00:00
24faf27b-0f93-4a45-a97a-d902fd735763,86f5e090-f0d0-4c1f-a8f6-b7f53f8af324,Jennifer Wade,floresryan@example.org,tip,12.0,USD,Wallet,,SUCCESS,2026-08-15T13:05:49.436526+00:00
80c6bcb3-860a-4859-8646-d18244a76d87,2eaa82e1-5632-4d4b-b637-62fedd958416,David Montgomery,joan54@example.org,ride_payment,9.46,USD,Cash,,SUCCESS,2026-08-15T13:20:11.313257+00:00
aaa65070-62fe-4ec8-8309-c29f10c9b499,6a006471-c9ef-4169-88bc-5ac2c8143b66,Jesus Sims,zmiles@example.org,refund,-109.73,USD,Wallet,,SUCCESS,2026-08-15T15:31:57.751479+00:00
6f79d841-c342-4f90-8c8b-2c7863d4f621,cf220006-d07f-4ce2-bfa0-17b13dd7e428,Andrea Jones,qwatson@example.org,cancellation_fee,-177.87,USD,Cash,,SUCCESS,2026-08-15T15:51:33.384782+00:00
85d8fba4-950e-44e1-a51b-a2626639612b,8400f680-6141-483f-8a39-d802c84f52ac,Meredith White,amanda46@example.com,cancellation_fee,-132.71,USD,Cash,,SUCCESS,2026-08-15T15:55:40.594612+00:00
d547834f-5de5-442a-b7df-040654325f7c,a9df9a6c-835f-4895-8cf5-2b7c5ac83ea7,Brian Turner,georgedenise@example.org,tip,71.91,USD,Cash,,SUCCESS,2026-08-15T18:19:47.470495+00:00
d3b7f0df-f78d-4ca0-9c74-5aea4eb9b483,7d2baed4-0f4b-4a5e-9c1b-7cc6c6f0e77c,Lucas Sanders,andrea17@example.com,refund,-43.71,USD,Cash,,SUCCESS,2026-08-15T18:43:40.004491+00:00
9d4e53eb-5245-498d-b77b-863d5be1bd1a,5b5ce376-191e-4a83-a33a-24adbd326863,James Dixon,thomas01@example.net,refund,-159.91,USD,Cash,,SUCCESS,2026-08-15T19:42:21.249434+00:00
bfa5bdc1-bfce-45f8-b2c7-313a3697699a,d586f857-a7a7-4b38-a70a-6301a5ff7ffd,Joe Barnett,nancy49@example.net,refund,-102.58,USD,Card,Discover,SUCCESS,2026-08-15T20:43:58.752569+00:00
db59c9f5-d5d8-42a7-94f4-421e043a2e6f,edd6615d-e1ec-43ff-9a66-886faf574849,Jeffrey Smith,phowell@example.net,ride_payment,32.54,USD,Cash,,SUCCESS,2026-08-15T20:48:49.285470+00:00
7cd2e907-9005-4313-9e3c-c804b3890f6d,65afa1bc-f8c9-4e0d-84cf-82bfad8fad43,Anthony Massey,watsondaniel@example.com,tip,53.65,USD,Wallet,,SUCCESS,2026-08-15T21:52:53.458433+00:00
21278709-c90e-4098-9785-54ff32959665,8d4d45ac-c6e1-47dd-9952-1cdb86eb1012,Sarah Gilbert,pauldurham@example.net,cancellation_fee,-34.81,USD,Card,Discover,SUCCESS,2026-08-16T00:53:55.961336+00:00
c222c1cf-1213-4b07-b919-af138d74b67f,5017e248-e9de-47b3-9cb3-5a00c7044554,Edward Hernandez,jonathan04@example.org,cancellation_fee,-131.15,USD,Wallet,,SUCCESS,2026-08-16T02:43:16.750400+00:00
54030ec7-df8e-4c33-a605-ce472ab6ca8b,3773c383-3429-4a50-a41e-8aa86fe4f1c4,Tina Acosta,ireed@example.org,tip,9.01,USD,Card,Mastercard,FAILED,2026-08-16T02:59:59.727239+00:00
d9a48d7b-d8d2-43f5-ad9e-4295ef97dcaf,e68d0978-ab13-4b98-a32f-20d98eaeacb2,Nancy Schmidt,thomas68@example.org,refund,-30.81,USD,Wallet,,SUCCESS,2026-08-16T03:01:06.500544+00:00
96819b82-027c-4926-a8fe-eaa6daab9b07,3b9f50b8-4499-426f-a185-ba06c2a307c7,Ronald Martinez,rmadden@example.net,tip,56.35,USD,Wallet,,SUCCESS,2026-08-16T03:39:16.938733+00:00
bfa1fb9b-b188-4146-89c8-6edef5461614,72b46897-73c3-443c-ab5d-e37f22b0cd5d,Elizabeth Roth,beth20@example.org,ride_payment,122.68,USD,Card,Amex,SUCCESS,2026-08-16T04:15:10.699578+00:00
d4581eea-1376-4e37-b7d5-d7cb72351cce,9d81e397-11f4-4d03-93f8-182b609c843f,Bill Brown,johnsonjames@example.org,tip,140.79,USD,Cash,,SUCCESS,2026-08-16T06:31:16.937288+00:00
f763828b-c7e5-4210-a947-08dc909a3aab,4350967b-2a40-4055-8451-d25b02c77169,Maria Hess DDS,andre34@example.com,refund,-179.09,USD,Card,Amex,SUCCESS,2026-08-16T06:33:07.819292+00:00
b1fd6427-4d21-4451-9954-4255abf49603,4bb82e50-c9ad-46c3-b1ab-33f8a0a2534f,John Price,cristinabrown@example.org,tip,151.88,USD,Cash,,SUCCESS,2026-08-16T06:44:42.955509+00:00
984f1229-4c95-4037-a417-2baa4f59f703,1369cfff-0a8e-4d1a-9f86-c1665d98f714,Amber Brown,richardschwartz@example.net,tip,18.46,USD,Cash,,SUCCESS,2026-08-16T06:45:40.283306+00:00
2118554b-a2f7-4cdb-81a7-63c484007b65,1e41688d-de7a-492e-bc04-25dd183e0cdd,Christopher Buck,mmyers@example.com,cancellation_fee,-96.76,USD,Cash,,SUCCESS,2026-08-16T07:07:15.291512+00:00
a776d94a-5531-40de-b5f9-9b845b856d54,8014acc7-0d5d-417f-8a96-24b39c15a2d2,Laura Andersen,egarcia@example.org,refund,-99.72,USD,Cash,,SUCCESS,2026-08-16T07:27:54.754780+00:00
c687b707-5595-4df0-8545-9221b921ab3f,58af9daf-3d5a-423f-9b9e-5c80f6af0597,Christopher Russo,claudia39@example.org,ride_payment,154.23,USD,Cash,,SUCCESS,2026-08-16T07:44:26.549476+00:00
99422a8e-5a67-4107-84a7-73088e4be566,44b09a28-0e17-412d-80d3-c24365eac127,Steve Warner,antonio77@example.com,ride_payment,61.11,USD,Wallet,,SUCCESS,2026-08-16T08:11:26.019574+00:00
80c1b3bc-96c7-4047-b842-8db8c61a3fc3,55915ebd-c320-41f3-878f-05111a8e4f93,Miss Jennifer Weiss,yvargas@example.org,cancellation_fee,-111.18,USD,Card,Visa,FAILED,2026-08-16T08:20:42.917002+00:00
ad2752a0-b737-4b53-ab72-4fecf896e706,32615370-90a6-484d-8fd1-91115d69a35d,Deborah Burke,jilliangriffith@example.org,cancellation_fee,-32.81,USD,Cash,,FAILED,2026-08-16T12:40:38.223068+00:00
bff845c5-21b0-42bd-b3ca-add075dad0fe,c28d1dbc-3540-44d8-8e87-4909a9041308,Marc Ramirez,hdavis@example.com,ride_payment,158.63,USD,Wallet,,REFUNDED,2026-08-16T13:48:58.345804+00:00
fac92752-cb32-4813-be0c-59e1c11bcc60,19fc27f5-1089-4cb9-bd74-d773c845220b,Jonathan Colon,christophertorres@example.org,cancellation_fee,-135.61,USD,Wallet,,SUCCESS,2026-08-16T14:59:07.497408+00:00
49c234cd-4423-4532-8aa0-ea3df6f1513b,521c354e-cfd3-41c2-992f-7523c191ac14,Joseph West DVM,nicholaspena@example.net,tip,130.86,USD,Card,Mastercard,SUCCESS,2026-08-16T16:20:43.349409+00:00
25ec54ba-a6fe-478d-8dc8-b519739be69b,53f4656b-0d25-4ae4-af9c-f099b388705e,Cassidy Montes,bhoward@example.com,ride_payment,85.34,USD,Card,Mastercard,SUCCESS,2026-08-16T16:31:06.630271+00:00
9803fbd0-89bb-46ac-9906-ff3482270d91,dcf45ebc-3996-4799-938c-de80b30fdd83,Christian Allen,tammy12@example.net,cancellation_fee,-19.05,USD,Card,Discover,SUCCESS,2026-08-16T16:38:35.332581+00:00
24ef2026-a348-457f-beae-78bfff9852f6,1ec6ee7a-aa48-4940-b1f2-be598963242f,Amanda Martin,lauren12@example.com,ride_payment,25.94,USD,Card,Discover,SUCCESS,2026-08-16T16:42:18.844877+00:00
3bb847c6-2a4e-4e46-b318-c0b33d82bb59,1e13d23e-5829-4be7-8171-47e27aaed935,Richard Goodman,qmcbride@example.net,refund,-46.53,USD,Card,Mastercard,SUCCESS,2026-08-16T17:05:03.070095+00:00
494a56c6-9b92-4c12-ae83-a90a7004d828,1355af3a-c4e0-47dc-9973-3f9a56524d1b,Katherine Obrien,joseph59@example.com,cancellation_fee,-80.25,USD,Cash,,SUCCESS,2026-08-16T18:40:41.496890+00:00
df352657-5373-4cb0-8745-724f8733950c,62402b68-715c-46ab-b2d9-569975647136,Christopher Howard,rodriguezmelissa@example.org,cancellation_fee,-159.73,USD,Wallet,,SUCCESS,2026-08-16T19:35:50.189832+00:00
1a515ada-db92-450e-bdf3-9e673c3e0c0d,f21f2665-a485-485a-95b3-164da9880f39,Daniel Johnson,bowmanchristopher@example.net,refund,-156.82,USD,Wallet,,SUCCESS,2026-08-16T20:25:12.702010+00:00
e3f82d94-a188-4a0e-b146-6ac93901a532,1ec531ef-e965-405d-a74d-97e41231f8fc,Rachel Yoder,kirbykaren@example.org,refund,-105.76,USD,Wallet,,SUCCESS,2026-08-16T21:16:37.623980+00:00
249a32a2-087a-47d8-8159-7b9c98b5195a,054b15d5-f8ab-4dc4-b41c-0817740b3e0b,Aaron Riley,danieldouglas@example.net,tip,28.48,USD,Wallet,,SUCCESS,2026-08-16T22:29:32.330484+00:00
1d3ec887-f81e-4f0b-aaea-8d7fd528c688,60e976b6-4d43-485d-bf3e-80b1ac19c349,Kyle Woods,emily06@example.net,cancellation_fee,-59.56,USD,Card,Mastercard,SUCCESS,2026-08-16T22:37:43.483408+00:00
337cd18c-415d-4c5a-afcf-095f024d0523,04396a55-b349-4570-93eb-f295560c0c22,Sabrina Hamilton,michael31@example.org,refund,-39.25,USD,Cash,,SUCCESS,2026-08-17T02:24:01.701426+00:00
c26876eb-fd9a-454e-8a02-154c2efc0d1e,c79552a4-1989-4095-8f0f-dcb425a456f2,Mathew Lamb,robinsonjared@example.org,ride_payment,46.18,USD,Wallet,,SUCCESS,2026-08-17T03:19:21.690447+00:00
1329604b-ece1-4d00-ab03-71dceed3b296,efdba582-c8e9-4f0a-8292-b946d971bc2e,Aaron Everett,elizabethbird@example.com,tip,174.34,USD,Card,Mastercard,SUCCESS,2026-08-17T03:29:41.433766+00:00
35d807ea-dd0a-4ec2-a423-90258a6bf9c5,d03f90db-c428-4fc9-b690-2a9f764e010f,Dennis Turner,glenda01@example.org,refund,-28.51,USD,Card,Mastercard,SUCCESS,2026-08-17T04:57:46.643828+00:00
3e08b764-fff1-411f-a2aa-432a25365960,6d00e0ba-2203-4272-bb8d-b77424ed9d6c,Dominique Garcia,ashleycoleman@example.com,ride_payment,63.1,USD,Wallet,,SUCCESS,2026-08-17T05:39:23.059545+00:00
603cb5cc-fe79-4079-9078-5b0176830ec8,11999525-6b96-42a6-8a9d-4a7ff8345a88,Patricia Spencer,brett11@example.com,cancellation_fee,-77.1,USD,Wallet,,SUCCESS,2026-08-17T07:30:49.872180+00:00
92bd04e5-7439-497a-ac5e-98a54fa94ba3,865d0319-b62e-4952-ac23-5e1b0a3fcf3b,Tammy Livingston,hmorgan@example.org,refund,-113.38,USD,Cash,,SUCCESS,2026-08-17T07:55:28.568384+00:00
70668ad2-1d66-4984-abd1-58a20d62ec4c,c0f14b5e-4125-4382-bad7-c2fcea7cb21f,Darrell Martin,jenniferwilson@example.net,tip,36.34,USD,Cash,,SUCCESS,2026-08-17T08:30:05.764576+00:00
1e6a4099-3101-4c32-b62d-48df5dcd4fe2,7ec5d709-0c7e-47e8-b490-2b97b0e5b7ad,Mark Webb,eric83@example.org,refund,-49.89,USD,Card,Discover,PENDING,2026-08-17T09:48:47.956628+00:00
5406a9dc-7aff-4197-8be2-036891cad7c9,66757c1c-84e1-4a5f-9b2c-a4deb7a0a654,Aimee Coleman,alexis10@example.org,cancellation_fee,-126.18,USD,Cash,,SUCCESS,2026-08-17T11:17:49.508550+00:00
c9550cbc-112b-45d8-b919-0a48d360f2c0,310081cb-0fcb-4062-9114-3eb33a875f93,Richard Hicks,hwilliamson@example.org,cancellation_fee,-81.61,USD,Wallet,,SUCCESS,2026-08-17T12:57:49.995680+00:00
0696942a-07af-4c94-a15b-d71d26de862e,223051a9-d4a1-42e1-9e8d-23f27c2f05ce,Mrs. Sheryl Wilson,patriciafoley@example.org,cancellation_fee,-58.4,USD,Wallet,,SUCCESS,2026-08-17T13:12:45.280082+00:00
3d198dea-78ed-49b6-926b-8a067bab6a90,d588a007-202e-4ada-bea9-1a20d4c31b16,David Mcdowell,turnerbenjamin@example.org,cancellation_fee,-57.8,USD,Wallet,,SUCCESS,2026-08-17T13:14:48.308679+00:00
49a9a7b4-b2f0-4106-b44d-a86d920a6971,d1ece7ee-c9b7-4421-8ca1-e74fe1e7f560,Julie Gray,samuel79@example.org,cancellation_fee,-12.66,USD,Wallet,,FAILED,2026-08-17T14:27:22.514595+00:00
93e14ce7-5bc3-4b78-a793-09e8617662a9,0fd2e51e-0b5c-4536-a843-d0d0b53b2b94,John Hill,reillydawn@example.com,ride_payment,157.68,USD,Wallet,,SUCCESS,2026-08-17T15:14:06.483687+00:00
65e1f115-cf69-477c-a881-855eebd05b44,b5045e33-7beb-48f4-b4a1-5ba5ca6d7c76,Crystal Orozco,donovanlisa@example.org,refund,-149.3,USD,Card,Amex,SUCCESS,2026-08-17T15:28:05.338193+00:00
a3db3542-985b-44a8-8d8d-b5aaf549a704,9243b404-8249-4853-a9bd-0442cd21178a,Cynthia Rivera,audreyroberts@example.net,refund,-172.81,USD,Cash,,SUCCESS,2026-08-17T16:59:40.726410+00:00
640615fb-fef2-400a-a88d-50f5a05663c0,8f69670e-9c5c-4bfc-8207-329cad66d9c7,Matthew Briggs,barrerapamela@example.net,refund,-107.23,USD,Wallet,,SUCCESS,2026-08-17T18:03:15.701578+00:00
60c4d27f-55d6-4c41-bdf2-1fad6c1a732e,ae34b72c-f02d-47e3-8058-559aabf64335,Mallory Griffin,loganangela@example.net,cancellation_fee,-96.62,USD,Wallet,,SUCCESS,2026-08-17T18:04:59.788580+00:00
50e29814-5c31-49b4-b144-cf886e96ff78,fb974c48-7e65-4841-83ea-0c5d800d7ece,Chris Frey,amberleon@example.org,cancellation_fee,-177.14,USD,Card,Visa,SUCCESS,2026-08-17T18:28:32.648604+00:00
423baf89-ad2e-4dd5-8dd4-c1a5d8d79abe,557c9b11-b7ba-4b39-80dd-bd842c13b17f,Russell Foster,desiree54@example.org,ride_payment,15.03,USD,Wallet,,SUCCESS,2026-08-17T18:59:42.876061+00:00
2bf7d0b3-4666-4235-9890-6ee99a9f425c,292bc470-4da0-4c24-b91b-0cdb1f9e8d37,Jason Pierce,phillipscynthia@example.org,cancellation_fee,-175.75,USD,Cash,,SUCCESS,2026-08-17T19:48:02.736858+00:00
14bdb018-43bf-4f1a-ad23-fb8c14b31e5c,41c46888-13ce-465f-82b7-4da6963b6b53,Scott Jackson,ianramirez@example.org,refund,-101.47,USD,Wallet,,SUCCESS,2026-08-17T20:56:44.380123+00:00
16274acc-307c-4b18-955e-293f00efb128,9c45548f-ba48-4095-9ac8-d5faaa93b98e,Susan Mccann,peckpatrick@example.net,tip,41.44,USD,Card,Amex,SUCCESS,2026-08-17T21:20:41.527206+00:00
ac5654de-d111-4a6a-8aac-e50aebbc4042,0d784681-3317-4b14-846d-3bcb9282f01f,Ashley Moore,garyluna@example.com,ride_payment,168.02,USD,Card,Amex,PENDING,2026-08-17T23:43:02.791525+00:00
98518ca5-9966-492b-9d8a-05bf42674c86,de80ed3e-444d-44cf-85d5-fb7ce0db14c3,Joshua Sexton,ucarpenter@example.com,ride_payment,17.25,USD,Card,Amex,SUCCESS,2026-08-18T01:10:13.031838+00:00
eaa70e9f-146e-4b21-82e1-96ee6d1e1055,64b6e9ca-e2d8-4322-8dc2-49b801373bb6,Andrew Taylor,kellyjennifer@example.org,refund,-167.26,USD,Cash,,SUCCESS,2026-08-18T02:08:26.502313+00:00
ea3a9450-26c3-4c22-b301-f4369885d76b,37740a1e-b034-4235-becf-1e84f1fe9433,David Bradley,geraldrobinson@example.com,ride_payment,7.89,USD,Card,Amex,SUCCESS,2026-08-18T03:16:21.585044+00:00
8dfb3945-5d5b-495f-901d-febd4288d2dc,0a7fb6fd-ffbd-4e17-8788-089b37af7161,Mrs. Amy Wallace,desiree59@example.org,tip,14.56,USD,Wallet,,SUCCESS,2026-08-18T03:18:40.314518+00:00
f4f6caa9-5264-46ea-8445-ce8469a9b733,20a7e665-9f9f-459e-be95-9d7827a0b19e,Heather Knox,zgilbert@example.org,refund,-170.07,USD,Wallet,,SUCCESS,2026-08-18T03:22:34.635079+00:00
f0292648-35a2-4b03-9e7b-8a0401f064f1,0bceba97-b53e-473e-9b14-1b7754d530b4,David Freeman,pgraves@example.net,tip,154.45,USD,Cash,,SUCCESS,2026-08-18T04:32:48.945943+00:00
dad905c3-6444-4001-9f9d-d6275517a2e0,aec5593f-3a0c-43f5-8ee5-27d4e3618fe0,Dr. Christine Bautista MD,monicacosta@example.org,cancellation_fee,-54.58,USD,Wallet,,SUCCESS,2026-08-18T05:16:39.365641+00:00
1a885a01-ebf4-46b8-b4fd-85397094afaa,c46444a4-49ea-49e5-8942-ce201337bc49,Dr. Christopher Navarro,troberson@example.com,refund,-70.47,USD,Card,Visa,SUCCESS,2026-08-18T07:06:55.802276+00:00
9435e787-cc0a-4e6a-8d00-36187a916cef,de1f19b5-4720-4f01-b419-144e2afb7b3a,Kelly House,fletcheredward@example.net,ride_payment,99.88,USD,Wallet,,SUCCESS,2026-08-18T07:09:34.020704+00:00
62a17789-1b68-44b0-be67-7d2b51d5d1d2,930ed644-1e9d-4ee0-a530-0f5d7d335ca9,Jacob Chandler,harveylindsey@example.net,cancellation_fee,-102.13,USD,Card,Amex,SUCCESS,2026-08-18T07:22:51.358913+00:00
1b75d915-a346-42d9-8f3b-0c57e4461088,c5c1fa5f-f1db-46ee-8e9b-14b7da78ed6f,Rachel Davis,lori10@example.net,cancellation_fee,-8.16,USD,Wallet,,SUCCESS,2026-08-18T08:42:44.744287+00:00
9f9975c4-6bf9-491e-a31a-e9b951895f3e,a91ffbe0-6219-4fbe-832b-61451022a533,Jacqueline Stephenson,jade48@example.net,refund,-50.49,USD,Cash,,SUCCESS,2026-08-18T09:23:03.067378+00:00
8be85902-8898-49ef-acf4-633378592054,ca10648f-6f0e-41d7-9ae3-10bb7e4e394c,Kyle Davis,hallstephen@example.com,ride_payment,112.19,USD,Card,Visa,SUCCESS,2026-08-18T09:33:06.754609+00:00
d485c0dc-e270-4e33-a5b9-e4cd974ae353,1d7c71f9-787c-43d3-8cc1-fc89604c73dd,Thomas Caldwell,lallison@example.org,refund,-163.88,USD,Wallet,,PENDING,2026-08-18T09:37:49.215370+00:00
9c74edfe-5389-4df5-9b82-a19b5ae2487a,fe4a18a3-951c-4f93-a6aa-52225588a59a,Todd Butler,jasonhunter@example.com,refund,-137.52,USD,Card,Mastercard,SUCCESS,2026-08-18T10:50:29.824415+00:00
dadad4d1-51cd-4348-acf5-bd2bb63e8ea0,06c19bcf-09aa-4fe2-b1b6-7149baf01b33,Sarah Lowe,garzatroy@example.org,tip,19.76,USD,Wallet,,SUCCESS,2026-08-18T11:46:50.767140+00:00
aa83e5f0-3d5a-4762-a633-f193523b2450,73097bdd-7a29-49a2-ac19-a698260721d8,Stacey Huang,smithlauren@example.com,tip,164.62,USD,Card,Discover,SUCCESS,2026-08-18T12:33:18.902719+00:00
1f219692-38e2-4538-b291-10dbbd083139,c2b11871-e798-4b63-9193-1b1f0be18854,Christian Byrd,hroberts@example.com,refund,-155.45,USD,Wallet,,SUCCESS,2026-08-18T13:10:10.887387+00:00
c0f7b858-ff13-4761-820e-6018ef0d3077,89f2a8fd-2861-4fb0-9e17-dfcc79100d73,Carrie Day,jonesjennifer@example.org,tip,177.18,USD,Cash,,SUCCESS,2026-08-18T13:42:03.247482+00:00
45d5ef14-ffc7-44b6-aabd-7d8194baad83,f060c528-57eb-488c-a7fc-0e2ad2662b07,Alicia Tucker,sarahlee@example.com,cancellation_fee,-145.81,USD,Cash,,SUCCESS,2026-08-18T13:49:45.119658+00:00
ffe39507-c484-4df4-b731-50b68894d9a2,5ce87626-bf53-4280-ac4c-53578087d0dc,James Lee,michael54@example.com,cancellation_fee,-179.65,USD,Card,Mastercard,SUCCESS,2026-08-18T15:57:04.290231+00:00
4b00f623-8991-4cd3-b2ee-44303b58ef5f,77844ecd-8047-4f6d-b725-7ff614d0eaec,John Mccullough,hendricksandrea@example.net,ride_payment,58.7,USD,Wallet,,SUCCESS,2026-08-18T20:35:03.864401+00:00
39f4995e-0e5a-4498-be8d-387e60a5ef35,c8f8717c-a807-408e-b613-82d43740f1d1,Linda Harris,fanderson@example.org,cancellation_fee,-64.14,USD,Card,Amex,SUCCESS,2026-08-19T02:00:54.440116+00:00
6ddcdbd3-17f6-4a5a-a6a3-9f16d65811c2,795ff11d-9841-467c-9dc9-a27458880e44,Samantha Valdez,bennettashley@example.com,cancellation_fee,-70.03,USD,Cash,,FAILED,2026-08-19T02:02:43.848988+00:00
182694e5-18ab-4434-886d-8ac2864afbc6,6b32add9-637b-440c-803f-f835e94b05ac,Sonya Fowler,xlopez@example.com,ride_payment,93.63,USD,Cash,,SUCCESS,2026-08-19T05:21:23.059613+00:00
33e9eb9d-8be7-472d-8bab-264b4798ebd5,29f3d601-59d4-45ee-bce9-1e8595a3c33e,Melvin Boyd,ncontreras@example.org,ride_payment,101.7,USD,Card,Discover,SUCCESS,2026-08-19T06:39:47.398261+00:00
8b84b7b3-f5dd-4c77-9336-84dc74a9dcc7,34009d30-e30b-417b-b8e2-084905a6069f,Amber Dudley,markshaw@example.com,ride_payment,58.68,USD,Wallet,,SUCCESS,2026-08-19T06:51:03.877982+00:00
2203e357-7876-486d-bc45-c48c608ce008,8da56ee3-93f6-4b20-8b5c-5c380754d9c7,Kathleen Rojas,andrea48@example.org,cancellation_fee,-140.47,USD,Cash,,SUCCESS,2026-08-19T08:08:49.629814+00:00
4154ead2-bc98-4816-8eeb-89cf50c67262,39e0f671-28bc-430b-947d-75511f89beb9,Darlene Pennington,melanieholland@example.com,cancellation_fee,-72.73,USD,Card,Visa,SUCCESS,2026-08-19T08:59:14.570920+00:00
e656d3a6-d0a5-4dbf-8d4b-89b3db936477,adfbce3e-9dfe-4832-b603-3ce60d7ca3cf,Brian Moreno,ronald84@example.net,tip,47.64,USD,Cash,,SUCCESS,2026-08-19T09:06:17.053308+00:00
f84087c5-eb04-4fd9-9708-a169e8f20bd9,4c7f83a7-2ae6-4838-8004-03484cbe0b2e,Eugene Clark,qjefferson@example.com,cancellation_fee,-90.98,USD,Cash,,SUCCESS,2026-08-19T09:30:07.823215+00:00
ca52dd24-0f55-4b98-8d83-b78338344ed5,0e92194b-0851-4b2c-bbd0-a89689151370,Sean Wright,jennifersmith@example.com,tip,101.91,USD,Cash,,SUCCESS,2026-08-19T12:01:00.755713+00:00
d2d36503-e377-4f3d-abdf-b5d0e2408f88,050438dc-98ca-4bb4-87e6-841d51ea0384,Michael Mcdaniel,mayerjeremy@example.net,cancellation_fee,-37.54,USD,Wallet,,SUCCESS,2026-08-19T15:18:14.703889+00:00
01e6c3ed-4c7d-4b8a-9cf0-12ac85beaf73,dda59f82-3304-4c19-b04b-23aaabe31c5d,Colleen Torres,alicia69@example.net,cancellation_fee,-20.06,USD,Wallet,,SUCCESS,2026-08-19T17:02:27.973803+00:00
3f436edb-dd6b-4c5a-8de5-1930fb857e15,159fabc9-a903-4ae9-aefc-00e30560037e,Michael Turner,williamsmichael@example.com,refund,-8.06,USD,Wallet,,SUCCESS,2026-08-19T17:35:15.132625+00:00
fa069542-2b4c-4149-b918-616a5a49b1c6,2fea6c24-ebe7-44b8-98b3-1ca544d092f9,Leah Watson,amber48@example.com,refund,-83.15,USD,Cash,,SUCCESS,2026-08-19T21:30:52.905252+00:00
600f90eb-b3a5-4bac-88f8-2036c56545dc,e278d10a-ddb4-4927-a7af-a69940f5a045,Yvonne Mitchell,fernandeznatalie@example.net,refund,-141.84,USD,Card,Mastercard,SUCCESS,2026-08-19T21:37:13.358611+00:00
48735f42-ad39-4fc9-9fd2-50eb1a2f780e,88042ea8-829d-4f52-99d7-5b1c05370bce,Monique Savage,garciajared@example.com,cancellation_fee,-115.88,USD,Wallet,,SUCCESS,2026-08-19T22:18:32.896242+00:00
4f6d70ca-4057-4b1f-be53-f65996542ea5,be24fb44-ef3b-4063-b889-1434f0aaa5d5,Matthew Mendoza,carlos01@example.com,ride_payment,77.97,USD,Wallet,,SUCCESS,2026-08-19T22:42:16.812732+00:00
6922e9d4-195e-4713-b8b8-55db31a33381,27fabceb-965a-4ca7-9463-dd8f40ac40fd,Scott Baldwin,lorrainegreene@example.com,ride_payment,15.57,USD,Cash,,SUCCESS,2026-08-20T00:14:00.262182+00:00
ca5c9ffc-ba26-43e9-815d-101739e18f9c,c4c2656d-dc12-4429-af9f-df64b5a5636c,Anthony Miles,uyoung@example.com,ride_payment,109.18,USD,Wallet,,FAILED,2026-08-20T03:13:29.812659+00:00
42aabdf5-a01d-48e1-967d-9deaa65fb3f7,f602ea60-637f-42cf-9858-58762866b581,Valerie Hanson,obrown@example.net,refund,-60.4,USD,Cash,,SUCCESS,2026-08-20T03:43:21.524484+00:00
1a1c9867-aa1d-449e-94fc-1c59fb80593a,1401273f-3eb4-4512-8cae-7e205df06d8b,Michael Davis,fsimpson@example.org,refund,-87.72,USD,Cash,,SUCCESS,2026-08-20T05:48:59.833925+00:00
9bbb5178-7d90-4f63-868a-65f9d99fb92d,65494d51-d689-42ee-a8d9-82c8def3936b,Anna Walker,erika45@example.org,tip,63.88,USD,Wallet,,SUCCESS,2026-08-20T06:30:29.321361+00:00
ac6da75c-a040-4ee1-af9a-e2f497c19b78,6b232c9d-4b2e-4509-80a0-400218fe3ea2,Alexander Cook,pchang@example.org,refund,-41.56,USD,Wallet,,SUCCESS,2026-08-20T06:36:40.345214+00:00
56b91cda-6540-46ff-8a73-ce1426c58892,6c3965b4-64e1-401a-acea-a150219730f4,Renee Reese,karen02@example.net,cancellation_fee,-102.16,USD,Card,Discover,REFUNDED,2026-08-20T07:16:14.970702+00:00
352ebe88-c1ef-4e92-94e4-d5247c4449c6,fd9b9844-b387-4c5c-b6e9-eb35cad4a5be,Hayley Perez,kylejones@example.com,cancellation_fee,-142.61,USD,Cash,,SUCCESS,2026-08-20T08:53:22.796052+00:00
c6ec2b2e-bc12-4728-b432-1878d6d90f7e,bb6aae0a-4c7b-423a-8d83-be0feaf34fb7,Carly Jones,enguyen@example.com,cancellation_fee,-72.16,USD,Cash,,SUCCESS,2026-08-20T09:54:16.103443+00:00
cfc739bd-164e-4e4a-ba3f-0cd5fcece57e,05d49f3c-76e5-4cd9-ad86-6ea402a7c443,Kimberly Bartlett,dcooper@example.net,ride_payment,73.29,USD,Cash,,SUCCESS,2026-08-20T10:00:54.187189+00:00
e2439212-d6ec-42a2-a7e0-6a7e37604fab,fb1d0cbd-9269-4678-af2b-603e36fd3144,Marcus Garcia,melaniegarza@example.com,refund,-113.62,USD,Wallet,,SUCCESS,2026-08-20T10:20:29.021166+00:00
b42fc8fb-ee06-488a-b9c8-ef4741b1f406,3d0ab38c-a1cc-4751-9c66-eddd89cfbc46,Katelyn Sanford,riverstyler@example.org,refund,-89.07,USD,Wallet,,SUCCESS,2026-08-20T13:59:16.283971+00:00
e788be1b-f6f2-4a21-adae-279fb198a48a,7ca5d85c-8071-46be-b2e4-d37198ed71d6,Christina Howe,michaelguerrero@example.org,refund,-124.26,USD,Wallet,,SUCCESS,2026-08-20T14:13:32.690686+00:00
7f601396-c234-43a3-a579-3c30a6d8e69b,9e89b4be-3850-40a7-af72-c0f4f74b3543,Robert Adams,epierce@example.org,cancellation_fee,-82.21,USD,Cash,,SUCCESS,2026-08-20T15:41:43.153294+00:00
368ad33d-bc27-4ca3-bd2d-370e1786333f,635c9041-b224-4ebb-b3a7-9b382966620e,Mark King,andrewdodson@example.net,cancellation_fee,-168.36,USD,Card,Discover,SUCCESS,2026-08-20T15:59:39.634947+00:00
872d2c88-c164-45ff-ae44-ebbeff2ffb9b,526679dd-de0a-4502-8815-47aba05cecc6,Cindy Craig,gary67@example.net,refund,-60.96,USD,Wallet,,SUCCESS,2026-08-20T16:17:10.554898+00:00
9b7fc363-9105-448a-93e1-f9b3dc4bbdc8,d7b66b2d-a05c-4465-b0c3-9e0f88a6bd4b,Loretta Davis,kscott@example.org,ride_payment,160.26,USD,Wallet,,SUCCESS,2026-08-21T01:16:02.511666+00:00
44df34d9-2808-4d9a-8a57-1d7d3690b7cb,101270d5-d5b9-40e6-a2f3-17e3e3419f9d,Troy Williams,jacksonjoe@example.com,refund,-170.71,USD,Card,Discover,SUCCESS,2026-08-21T01:29:55.067627+00:00
9b216f67-c422-4a12-ba2b-ee3f31b0f1a4,9abab4f2-90bf-4fd2-8003-e04116cff21a,Nichole Graves,tthompson@example.com,tip,4.42,USD,Wallet,,SUCCESS,2026-08-21T02:24:27.598264+00:00
43c4f4aa-a433-4a45-887f-333112f01ad0,33879c4a-41b0-40af-a3c1-ff904bd60549,John Houston,reynoldskelsey@example.org,cancellation_fee,-32.58,USD,Cash,,SUCCESS,2026-08-21T03:43:07.175441+00:00
74f70142-0b18-474f-8e52-444042e518ea,889b2b90-f8d6-4621-83ea-0ac2b29e565d,Michele Drake,johnathancain@example.org,ride_payment,150.0,USD,Wallet,,REFUNDED,2026-08-21T04:33:29.944489+00:00
afe6ffac-0e3b-4462-9b68-a15ab979c683,a00ed540-48c0-485c-baca-ce7a97ccec99,Tara Pena,lwilliams@example.org,tip,51.49,USD,Card,Visa,SUCCESS,2026-08-21T05:58:00.310258+00:00
d991eeee-c306-42f7-a7d7-17095daeb7a5,aa87350c-07cd-44b0-bbe1-4e46385f4110,Marcus Griffin,gramirez@example.net,refund,-63.89,USD,Card,Amex,SUCCESS,2026-08-21T07:17:31.999012+00:00
6075cdd6-07f7-42d4-9601-3508f9cda963,77ae0e06-747c-45c7-bc2c-f11846ea6b89,Cindy Jones DDS,ymoore@example.net,refund,-42.44,USD,Wallet,,SUCCESS,2026-08-21T07:23:53.225956+00:00
d869a0e4-e180-4017-a794-9490d27abc2f,f0695bae-fdd3-4563-948f-2db4793e10fa,Daniel Garcia,jacob68@example.net,ride_payment,111.06,USD,Wallet,,SUCCESS,2026-08-21T08:14:14.255589+00:00
3d6d14ce-b4df-4907-9147-66945eebf73e,84dcc11d-0669-40ea-84f4-5bea7e808340,David Scott,ricky61@example.net,cancellation_fee,-120.25,USD,Wallet,,SUCCESS,2026-08-21T08:17:16.629905+00:00
b0fc3848-a00f-42e3-b41f-6a7e31117f8a,4dc8f931-32de-49e0-834a-044a354600d1,Steven Carter,owensjanet@example.org,tip,122.02,USD,Card,Amex,SUCCESS,2026-08-21T08:38:59.504309+00:00
ebdedb8f-b1af-44be-966d-5e254c017648,c451bdd8-df3c-42c0-93b1-c15e9a8ebaec,Gerald Gonzalez,michelle46@example.com,tip,134.96,USD,Wallet,,SUCCESS,2026-08-21T08:46:29.818809+00:00
9476624c-b663-49d6-bfc7-93250fb269eb,bed732c2-a661-4c2c-bf48-990483966adb,Christopher Moore,bradleymichelle@example.net,refund,-105.27,USD,Wallet,,SUCCESS,2026-08-21T09:09:58.400879+00:00
f9f54789-1855-440e-81a6-a31c73b2515b,e0760261-2f95-4277-8909-eb6ae75a308f,Kimberly Ortega,ernestsmith@example.org,cancellation_fee,-136.9,USD,Card,Amex,SUCCESS,2026-08-21T13:14:07.309475+00:00
947d46ca-c395-4868-a5a7-d6432570aae6,2de16903-29aa-4cd7-952e-01641702ea3b,Timothy Waller,nharvey@example.org,refund,-98.36,USD,Wallet,,SUCCESS,2026-08-21T14:01:17.879061+00:00
068d609e-ba24-4f08-b342-a225601952a2,7d0896b4-aa9b-447c-a39a-be8ccdbf7609,Shelia Ruiz,icarlson@example.com,cancellation_fee,-89.2,USD,Cash,,SUCCESS,2026-08-21T14:10:08.372562+00:00
57fab6ee-cb35-4148-bcf0-21d7e66bf732,e9aa70a0-91e4-43fa-95ad-9e5f620ac775,Eric Farley,hammondalison@example.org,refund,-103.97,USD,Wallet,,SUCCESS,2026-08-21T15:21:49.722949+00:00
e98b46b9-72b5-4515-b086-26909deb1371,b61a6135-8cac-4533-9947-66af4510a55e,Scott Oneill,lindsay08@example.org,ride_payment,133.42,USD,Card,Mastercard,SUCCESS,2026-08-21T16:33:29.498483+00:00
febe2f7b-f364-4448-ba7d-2073ac3d53ed,b638c7e3-41a5-44eb-b0fb-e0ce81bc475c,Abigail Atkinson,cory17@example.com,ride_payment,52.89,USD,Card,Mastercard,SUCCESS,2026-08-21T17:02:54.092674+00:00
e50b8a7b-e72f-4fba-8783-86433b90da1c,3a8a0b11-cabb-4fd9-bcb9-093e2d106758,Jeremy Christian,phillipmoran@example.net,tip,125.89,USD,Wallet,,SUCCESS,2026-08-21T17:13:52.538671+00:00
cb82ac4a-9d9e-44a6-b938-cb7c8dc8d842,b44679a6-651d-45b9-9bc1-5116e14c7dc1,Derrick Wells DVM,reidmelissa@example.org,tip,110.93,USD,Cash,,SUCCESS,2026-08-21T18:09:13.216411+00:00
7818bcc7-3e53-4768-8018-b0f3e76bffc3,18c6c84c-3569-4716-a432-34d84cc560e7,Christine Brown,donaldfrost@example.org,ride_payment,170.23,USD,Wallet,,SUCCESS,2026-08-21T18:31:17.543503+00:00
50e6b090-d1c2-4d32-8ab2-091885bf1ac7,4fd0d6e9-5c76-407e-b4c9-c935e0fa2a61,Tony Graham,sarah06@example.com,ride_payment,93.4,USD,Card,Mastercard,PENDING,2026-08-21T19:42:22.679557+00:00
d2dc355a-32fc-4c0d-808d-863516ff8584,5ed4abcb-e908-4449-9074-0cb2b85007e2,Joshua Lopez,bryanlucas@example.org,ride_payment,157.06,USD,Wallet,,SUCCESS,2026-08-21T20:47:00.703671+00:00
fdffc5f0-3e12-4e51-a307-8cb762ace43f,02c53190-d6bd-4893-8c3e-c1cc8383bf09,Jonathan Taylor,michael86@example.com,cancellation_fee,-32.01,USD,Card,Visa,SUCCESS,2026-08-21T22:01:38.193928+00:00
3f53f7fc-9176-489d-b786-90b502cd9eb4,d376a610-cc3b-41b5-9d51-166f8c71a093,Gabriella Morrow,brandon52@example.net,cancellation_fee,-4.98,USD,Card,Mastercard,SUCCESS,2026-08-21T22:49:59.809134+00:00
51168fb4-81c1-4668-9d4c-6c768950bbeb,d124e01e-6c46-49f8-accf-441b34de6f74,James Cameron,caitlinsingh@example.net,cancellation_fee,-83.41,USD,Card,Discover,SUCCESS,2026-08-21T23:25:28.593343+00:00
00526dd2-0467-4a0b-b488-6c84f62cb4f5,edd41a80-0b2a-47e8-b910-8a03e0e76d19,Courtney Wilkins,matthew51@example.com,ride_payment,85.45,USD,Wallet,,SUCCESS,2026-08-21T23:38:57.194047+00:00
bef35591-3099-4b40-a214-ddf016a09928,ccc710de-afc8-49cb-9327-0da01851d556,Melissa Davis,isabella57@example.net,refund,-31.86,USD,Cash,,SUCCESS,2026-08-22T00:59:15.769415+00:00
8c5f1eab-d6d6-4e4b-926f-964709db275b,1dfe37e4-5e76-4d7b-9496-64a273fc47a2,Joseph Leonard,ncollins@example.org,refund,-73.92,USD,Cash,,SUCCESS,2026-08-22T01:10:27.053307+00:00
c9292f82-d715-4f1c-87ba-21bb1aec75d4,25545efe-34f0-48e7-8fec-eb748fa0a9a6,Michelle White,ortizjames@example.net,cancellation_fee,-119.46,USD,Card,Amex,SUCCESS,2026-08-22T01:16:56.110790+00:00
ef30531f-c6b7-478a-8665-743b27f2d474,1e3db00b-a1de-4d4a-8ccb-f58d3a67d556,Alejandro Guerrero,zlloyd@example.net,cancellation_fee,-149.12,USD,Wallet,,PENDING,2026-08-22T03:20:20.601401+00:00
c97a3db5-e2f4-44dd-a1f5-a06e9a65bb3d,6097af28-86ca-4edf-a634-2affa294ad66,Jonathan Moore,lynnthomas@example.net,cancellation_fee,-157.7,USD,Wallet,,SUCCESS,2026-08-22T07:19:48.860990+00:00
af283512-57d2-44bf-b057-d8fd3431aeef,4729906d-a624-4f31-bb4e-cd4886c03596,Christopher Haas,jwheeler@example.org,ride_payment,47.71,USD,Wallet,,SUCCESS,2026-08-22T07:49:49.703404+00:00
a68b1cf3-3628-40ae-8769-828e4af7e3e9,3bc977dc-1bc9-4301-8a0f-d14f29658411,Tammy Nicholson,rita75@example.org,ride_payment,49.17,USD,Card,Mastercard,SUCCESS,2026-08-22T10:33:00.035616+00:00
5f011252-3314-4fb9-a08a-553cacbc0728,1d110e3f-6249-4f16-8e73-4274499bb3eb,Kenneth Lewis,williamgonzalez@example.net,tip,152.08,USD,Card,Mastercard,SUCCESS,2026-08-22T10:47:45.503424+00:00
cc9f3f3e-3c7d-42d6-8464-8df4125a1d7d,1383b0d0-94c4-4cb9-b23c-475c8429a395,Benjamin James,mariajenkins@example.com,cancellation_fee,-18.96,USD,Card,Discover,FAILED,2026-08-22T11:17:56.490486+00:00
d898bd18-5345-40f0-9810-ea63ca6adc03,6c0e5a66-9947-4db3-9178-6e69b65ec61e,Christopher Perkins,emorgan@example.net,tip,81.77,USD,Card,Amex,SUCCESS,2026-08-22T12:04:33.124972+00:00
b0984773-5f13-4032-90d0-e29804684feb,7dac8047-d03c-41e7-a187-cf87f51c11ea,Tammy Woodard,norman91@example.org,tip,69.58,USD,Wallet,,SUCCESS,2026-08-22T12:13:12.433718+00:00
24373e6b-f860-4d4f-86c7-2aef10ea615c,531ca2b1-2a19-414c-8b82-aafa21ee76fd,Mary Hall,murphylisa@example.com,refund,-22.45,USD,Cash,,SUCCESS,2026-08-22T13:59:33.104333+00:00
eecf00d1-d791-4ae1-8835-4f28861a220b,c5420fa6-2575-4698-ae56-5a5b2974d406,Natalie Banks,tkelly@example.net,cancellation_fee,-154.92,USD,Wallet,,SUCCESS,2026-08-22T14:49:56.281908+00:00
1c626893-9e8e-4abb-863f-2217e8d92f4a,b8684dcc-796d-4a9f-a6ac-b8d6d2cc99a8,Pamela Rogers,andrew07@example.com,tip,165.14,USD,Wallet,,SUCCESS,2026-08-22T16:30:46.537073+00:00
c33d6798-567a-439b-bb1e-001b49a7aa13,9654a2c6-1281-4e62-98be-6cd785340bed,Jordan Knight,qfreeman@example.com,ride_payment,106.52,USD,Wallet,,SUCCESS,2026-08-22T17:15:04.173303+00:00
9b201fc0-61de-429c-b7ad-9b262b033ec0,bc56f3b8-d0ca-4891-8395-3e8adec3bae4,Jacob Hughes,pestes@example.com,cancellation_fee,-70.28,USD,Wallet,,SUCCESS,2026-08-22T17:18:05.852659+00:00
ae475442-3149-4634-ab41-01491d638343,3069df01-2fd7-40be-96f5-dcd4d36baf34,Rachael Stark,estrickland@example.com,ride_payment,29.44,USD,Wallet,,SUCCESS,2026-08-22T18:46:11.890958+00:00
baaffbc3-a0c8-4626-b9a2-f5f2065dab6a,e70efa7c-7825-4813-b149-0f642cdeb9eb,Vanessa Walker,dennisgreen@example.com,ride_payment,60.6,USD,Card,Amex,PENDING,2026-08-22T19:41:32.940466+00:00
29138c3a-24f4-46f1-bd86-4662d48aef62,9897cc03-593a-4352-b8f8-113546e88730,James Turner,ocarter@example.com,ride_payment,31.32,USD,Card,Visa,SUCCESS,2026-08-22T19:52:24.138542+00:00
f0570ff6-70cd-4cb5-8d3d-52bf957fc78b,bfad4df6-2f64-40a6-86ff-64308e21c6f1,Daniel Wells,crystalcamacho@example.org,tip,53.54,USD,Cash,,SUCCESS,2026-08-22T20:14:56.413736+00:00
65b8406b-2225-498a-8fd5-69e22fc927a0,9d2ea16f-919b-4253-8a4d-34cd855d30a1,Dr. Michael Obrien,weaversamuel@example.org,refund,-132.55,USD,Cash,,SUCCESS,2026-08-22T20:49:32.177586+00:00
355ebf96-13ac-4d07-bc56-4822644b6c22,5dcac495-64e4-4975-83e3-3c815f219725,Nancy Cabrera,michaelwolf@example.org,tip,103.41,USD,Cash,,SUCCESS,2026-08-22T21:29:32.515038+00:00
3d9c745d-5442-410b-b9cb-5f1db37810d1,fa2158a0-20b2-441c-9f5f-67225ab368e4,Joshua Harvey,ibates@example.com,cancellation_fee,-31.6,USD,Wallet,,FAILED,2026-08-22T23:42:19.718034+00:00
492edcdb-6447-44b6-b381-1f9f69772b41,d55a9386-0653-492b-a90e-713661c8055e,Julie Marshall,kristopherramos@example.com,cancellation_fee,-51.08,USD,Card,Discover,SUCCESS,2026-08-22T23:51:23.160813+00:00
d18dc4f6-5656-47c3-bab0-48b3988aad99,3cde49c2-8ddf-45a2-8d1d-adac243a7151,Charles Mccormick,andersoneugene@example.org,cancellation_fee,-61.8,USD,Card,Mastercard,SUCCESS,2026-08-22T23:53:02.121443+00:00
de0efa51-4fa1-4a1d-8c57-f53be8a5ea05,847a9900-6a1a-4455-9ab3-27f1d3a7fb12,Stephanie Dalton,traciclark@example.org,cancellation_fee,-42.64,USD,Wallet,,SUCCESS,2026-08-23T00:20:06.232790+00:00
9dbe619e-8df9-45a4-9959-1a1d32648093,669811fb-4b1d-4836-bea3-6c91ecee32a5,James Woods,richard19@example.net,tip,67.07,USD,Cash,,SUCCESS,2026-08-23T02:15:54.057267+00:00
7b7022df-85ff-46d8-9ccf-0e886b8bd4f0,7ae6711c-6643-446f-84e6-48c82cf1a121,Justin Graves,jessica18@example.net,cancellation_fee,-137.83,USD,Card,Amex,FAILED,2026-08-23T02:19:01.261814+00:00
b3df70a2-89c9-4ecc-9582-7e6a554177cd,25793104-078d-4665-aabe-fbfcc3ae3bdf,Devin Wallace,craig87@example.org,ride_payment,144.11,USD,Card,Discover,SUCCESS,2026-08-23T03:33:34.629740+00:00
e3ac0abf-d3fa-42f9-b931-f5ec6df7727f,e948b6b3-0a7c-485b-930b-53aedd34eecb,Norma Gordon,danielle38@example.org,cancellation_fee,-19.19,USD,Card,Amex,SUCCESS,2026-08-23T05:34:02.994636+00:00
ec564e65-9b70-4536-9788-1d75f15efa8d,93d0303f-621b-4730-8eaf-e1fd43fd3f45,Kyle Strickland,aaustin@example.com,refund,-43.52,USD,Card,Mastercard,SUCCESS,2026-08-23T07:03:45.929460+00:00
dad44d6b-7c41-46c7-b62c-a210f25cf2f9,c1cf9315-fd0f-428d-98d5-e6e1f5873b2d,Warren Walker,paulandrews@example.com,tip,69.05,USD,Cash,,SUCCESS,2026-08-23T07:57:59.805890+00:00
fade263a-ef4d-4a1d-880a-7f714e09dcb1,2211504c-88c5-4e5f-8adc-7e4b637f9d1e,Travis Moore,michellebooker@example.net,tip,155.35,USD,Wallet,,SUCCESS,2026-08-23T11:15:43.515302+00:00
48dc617f-986e-46fa-a225-c14a405f0c33,c8c1b0ed-4607-4b90-bd1d-09b9c3686012,Ashley Pitts,epittman@example.org,tip,85.41,USD,Cash,,SUCCESS,2026-08-23T11:53:15.420608+00:00
c21d7144-80d5-490c-8e90-d428c182c37a,435e160d-6fc9-4257-9716-74b99b639df9,James Rodriguez,ghamilton@example.org,refund,-76.4,USD,Cash,,SUCCESS,2026-08-23T15:59:35.644173+00:00
cfc2023c-a296-4f05-90bc-176bc3ee8a3f,535e43e8-e434-4fa0-97ae-bb309539a39e,Erin Pierce,farmermary@example.com,ride_payment,80.9,USD,Wallet,,SUCCESS,2026-08-23T16:11:41.201238+00:00
6383a00d-6be0-4606-96a7-106786a86b29,85dbf57c-149e-4a6f-b04d-575838a0b277,Daniel Mitchell,qsmith@example.org,refund,-39.09,USD,Wallet,,SUCCESS,2026-08-23T17:23:54.914384+00:00
a87d6d03-1178-4c7c-8f8d-7c3ca0117591,7b4ca627-fcca-42ac-9632-b1873039a840,Kimberly Martin,wcarter@example.org,refund,-123.66,USD,Cash,,SUCCESS,2026-08-23T18:28:01.293984+00:00
2f921b50-c8de-49e0-8103-51da478fb1c5,2b0b4528-2305-4b50-9750-d2eb97c64530,Jacqueline Moore,mpeters@example.com,refund,-83.33,USD,Wallet,,SUCCESS,2026-08-23T20:47:12.593693+00:00
10229467-f1ff-450e-aabe-6fac8cc75807,9734c3b0-d138-409d-acaf-20a62b82fb14,Michael Bryant,floresjudy@example.net,ride_payment,159.61,USD,Wallet,,SUCCESS,2026-08-23T22:04:03.735755+00:00
aa703b55-12f3-4a47-9d2f-8ef70c599d95,30b310dd-84ca-4f74-8790-a9fc7daf73aa,Yesenia Mack,sullivankristen@example.org,refund,-156.44,USD,Cash,,SUCCESS,2026-08-23T22:57:59.995638+00:00
b3e174d5-4e05-4c49-8062-8346d9031ca2,4c0bf9cc-dda1-44a9-8c2c-4c440c9970a1,Melissa Walsh,davispatrick@example.org,cancellation_fee,-80.86,USD,Cash,,SUCCESS,2026-08-24T00:46:39.012116+00:00
8fd06843-6385-4742-94e9-e0d9e07df019,de44d1cf-e063-4963-a57e-4ce5d5783abf,Tiffany Caldwell,dfrancis@example.org,ride_payment,128.98,USD,Card,Visa,SUCCESS,2026-08-24T01:06:40.429123+00:00
43ff594a-3791-48c4-9436-32a99825a1f6,1a188e03-8be7-420c-8bb6-f05fa11a2ae4,Bethany Silva,salazarmatthew@example.com,cancellation_fee,-48.65,USD,Wallet,,SUCCESS,2026-08-24T01:22:24.867827+00:00
2afb0eeb-a51e-4183-87c9-5f16b2af885f,8352838c-dbe1-4a80-acf0-27b82e12464e,Dennis Watson,vrasmussen@example.com,tip,145.84,USD,Cash,,SUCCESS,2026-08-24T02:07:48.705606+00:00
2a7baa16-c369-47b4-b77b-faa18c087f89,f07c61b2-e08a-4ba4-88d4-09c8d391034c,Carla Brennan,browndustin@example.net,tip,128.88,USD,Wallet,,SUCCESS,2026-08-24T03:10:22.755818+00:00
f32b9389-0160-442e-a66c-b2953470c080,9fbe2c47-ad7a-41e7-a5f2-8916d5077932,Angela Brown,andrew07@example.com,tip,28.78,USD,Card,Visa,SUCCESS,2026-08-24T05:13:24.734189+00:00
2989852c-d22f-4fc6-9425-3967c0474aab,88b86dc9-d876-4412-987c-e1074a440168,Jordan Mejia,sherrydean@example.org,refund,-114.31,USD,Wallet,,SUCCESS,2026-08-24T05:16:26.003613+00:00
cb83f256-8eda-4d4a-8d14-6ae2d59affd7,8559498b-caa8-4fa4-be3a-82f96cd20f49,Gary Boone,hudsonmelanie@example.com,cancellation_fee,-89.71,USD,Wallet,,SUCCESS,2026-08-24T05:17:08.046330+00:00
a759a5fe-a4ca-4f7e-97d0-17f87121c836,da69776b-1bc0-4525-93d0-11c3efc805dd,Ronald Sheppard,jaredthomas@example.com,tip,131.84,USD,Wallet,,SUCCESS,2026-08-24T05:41:58.782052+00:00
703ee92a-690f-4d7e-b960-4680aeed9ec2,dc66601b-8d19-4eb8-bd74-7ed03e1ec290,Kathy Long DVM,cgarcia@example.com,refund,-169.23,USD,Cash,,SUCCESS,2026-08-24T06:29:21.742546+00:00
418c9f30-3711-4714-a4ed-2472c8687e45,07c001db-0652-462e-91c0-c89cbe03f2b1,Sherry Cox,destinylopez@example.org,tip,90.19,USD,Wallet,,SUCCESS,2026-08-24T07:15:12.990457+00:00
bd6e1619-1deb-47e8-91f7-520c9bab90ca,78f47417-d1ad-4693-8788-79ea9d6b08be,Megan Evans,richardsonryan@example.org,ride_payment,17.09,USD,Card,Visa,SUCCESS,2026-08-24T07:33:41.026072+00:00
1e705dd8-2561-44b3-850e-9e8e1c40bebf,a451ec64-9805-4307-b58c-f542d74ff934,Randall Adams,mary24@example.com,cancellation_fee,-31.46,USD,Cash,,SUCCESS,2026-08-24T08:44:47.350366+00:00
747e6fb8-f815-40af-b77f-aa055bf00ae0,eb886c2f-7dde-4b75-9c44-f809a95439cb,April Rojas,marshsteven@example.com,ride_payment,44.6,USD,Card,Mastercard,SUCCESS,2026-08-24T09:22:14.668323+00:00
9f304306-1752-46d7-ab6b-eced8b335c62,b6949222-a6be-44d0-b339-4491bc3768df,Frank Garcia,wmosley@example.net,ride_payment,11.36,USD,Cash,,SUCCESS,2026-08-24T11:35:15.127387+00:00
c5a53bb7-e7aa-483d-affe-15313a665ece,4f1d0847-56e1-4b77-83e6-f4f006b4a894,Gina King,amy92@example.net,refund,-91.24,USD,Wallet,,SUCCESS,2026-08-24T12:22:51.539973+00:00
6bb1561a-d782-4948-ae10-df3629e8d016,0e17ab10-7761-445f-a7a8-d6173f81f623,Theresa Donaldson,bakermartha@example.net,cancellation_fee,-71.72,USD,Cash,,SUCCESS,2026-08-24T16:56:21.789825+00:00
c384a617-3207-462d-81ac-07e1351baff4,e6617659-eba4-416d-958c-5ac9bac9b430,Angela Brown,bturner@example.org,ride_payment,93.45,USD,Cash,,SUCCESS,2026-08-24T17:02:25.967505+00:00
7083ab60-6e41-48c8-b573-aef52041fb5c,4c243436-1b84-43ec-b975-f070c710a82c,Kelly Austin,clarksamuel@example.org,cancellation_fee,-180.0,USD,Cash,,SUCCESS,2026-08-24T20:02:49.422350+00:00
3df4f815-42f5-435a-b0d5-c6a3094ea4af,5f268b7a-ac4f-49e8-8d53-f457a23d6e16,Christopher Castillo,tcaldwell@example.org,ride_payment,108.45,USD,Card,Mastercard,SUCCESS,2026-08-24T20:04:50.498792+00:00
b7f1e5ff-d5b3-47a8-8727-c68cb1e3004e,179d2d65-49cf-4760-9c00-0e91110bb0c9,Emily Phillips,nicolehurley@example.org,cancellation_fee,-142.09,USD,Wallet,,SUCCESS,2026-08-24T20:09:11.468529+00:00
b739e435-c14d-4214-b17a-40fa132f4bb6,15f2e587-a8e8-4ef3-ad0a-2e5bd428da1e,Evan Mccoy,howardjohn@example.org,tip,135.19,USD,Card,Amex,SUCCESS,2026-08-24T20:16:22.684208+00:00
2091df3c-a512-4be0-9d02-ba8d27900a73,d3a5fda9-bfcb-4678-8184-5ec3bd2a94a5,Regina Alexander,rharris@example.com,refund,-75.17,USD,Card,Mastercard,SUCCESS,2026-08-24T20:53:23.254062+00:00
1cc05223-3d41-4981-9f38-8f1a1577981d,182bda8b-5d5f-4959-b57d-6bdc44488b0f,Melissa Adams,harnold@example.com,ride_payment,70.88,USD,Wallet,,SUCCESS,2026-08-24T21:49:42.625392+00:00
e003e0ba-4f08-4e3f-9fb2-dc55cd8c44fc,6639073a-0755-437b-a771-88a45a3ae072,Jonathan Graham,douglaskim@example.com,cancellation_fee,-105.16,USD,Wallet,,SUCCESS,2026-08-24T23:39:39.225999+00:00
6312348f-dfc3-45f9-bea9-a445b7ae5a3c,29462d8b-0780-4453-8db6-ba9f91c87f0b,Shawn Elliott,rrivera@example.org,tip,71.84,USD,Cash,,SUCCESS,2026-08-25T00:30:11.470621+00:00
489fbd85-2a57-4b92-a191-b70441a3d838,97c8cde6-6432-4bdb-a498-270177fd102f,Jamie Nguyen,heatherharris@example.net,ride_payment,85.7,USD,Cash,,SUCCESS,2026-08-25T01:26:31.734387+00:00
85ad1b9e-213f-4426-9b35-41e9ccc83501,0de09c7d-2dcf-4aeb-8bbf-1088ba8e0aca,Timothy Villarreal,gtaylor@example.org,tip,83.58,USD,Wallet,,SUCCESS,2026-08-25T01:54:32.947381+00:00
cd5f0f3e-7b56-4687-a836-48dc72aad296,557ac847-2219-4892-8813-bbc8cf869a60,Alejandro Hoffman,qfreeman@example.net,refund,-100.01,USD,Cash,,SUCCESS,2026-08-25T02:09:47.196470+00:00
3f423442-6e66-4a59-b48d-ea099affde74,89021f6c-b649-46e6-b8b3-ec97937719b9,Brian Berger,meredith55@example.com,ride_payment,65.46,USD,Card,Amex,SUCCESS,2026-08-25T02:11:20.754743+00:00
bf0a0244-c832-4de9-b9a3-934750c9bc3b,cfc8dc83-74bf-4c6e-9607-db90d72402d8,Stephanie Thompson,ijohnson@example.com,tip,10.94,USD,Wallet,,SUCCESS,2026-08-25T02:52:41.823653+00:00
76e34fa0-537a-4690-a5dd-e87d35107a8c,d9e2ed76-3d6b-4b5a-b805-7e3521c4ffbe,Kristina Sanders,beckbrian@example.com,tip,148.05,USD,Card,Discover,SUCCESS,2026-08-25T03:44:57.762072+00:00
abd914e8-80c9-4be6-80ed-3be1eeddbe9a,fca93d69-d252-45d3-a6ac-4dbf8391d773,Joshua Thomas,meganjames@example.net,cancellation_fee,-89.22,USD,Wallet,,SUCCESS,2026-08-25T06:16:54.295613+00:00
b9dfeb26-7a1e-4048-8d5e-04cf565010e3,6e4adbcf-b5f9-4fc8-999d-1b5187dfcc05,Brenda Byrd,butlerhannah@example.net,refund,-11.35,USD,Card,Amex,FAILED,2026-08-25T06:40:21.611339+00:00
85a89d61-5e37-480f-b2da-3e37f965d19b,5d2ec227-ac9f-4eed-9b84-bfa3c48fb33d,John Martinez,smithcody@example.com,refund,-173.7,USD,Cash,,SUCCESS,2026-08-25T08:12:00.726749+00:00
c496ed0b-e46f-447f-955e-c00dcf0e4ec9,ccd0c158-9737-4e6e-b34f-f98eacb3430b,Nicolas Lewis,denise41@example.org,ride_payment,127.96,USD,Wallet,,SUCCESS,2026-08-25T08:45:21.010257+00:00
95f0838c-ca0e-477e-a6e8-a6a961f7eefb,1a7b0776-991e-46d1-a750-a9271f05bdb3,Jenny Hopkins,joseph95@example.com,tip,43.82,USD,Cash,,SUCCESS,2026-08-25T09:12:53.674251+00:00
48e8d0a0-9060-4656-93e3-771cdb22d89a,c2453a92-7866-4b9c-a90d-e8ecf8180bc3,Amy Hamilton,sabrina01@example.org,tip,96.13,USD,Card,Mastercard,SUCCESS,2026-08-25T09:49:12.636674+00:00
e4d605ae-f998-4d2f-8c8d-40338cc4237e,59daee81-0f44-466e-a3c3-fb15d8b630dc,Zachary Kelly,williamjones@example.com,tip,56.71,USD,Card,Mastercard,SUCCESS,2026-08-25T11:12:52.594503+00:00
83f48a31-e22d-4cc9-8f2f-3ca047615bab,4fcf29fd-6200-4d3c-abb1-5454b167ce36,Geoffrey Goodwin,rdavis@example.com,refund,-31.91,USD,Wallet,,SUCCESS,2026-08-25T11:42:58.722879+00:00
2fff89cc-5ab6-4a01-b699-6866845a22fe,ea6838e1-4209-4536-bec7-09ea73247a79,Sandra Jones,llopez@example.org,refund,-167.87,USD,Card,Mastercard,SUCCESS,2026-08-25T11:54:30.811819+00:00
35a6613b-555a-481e-aa1e-bf02020bb2ff,a4b1f9d6-050b-48c3-8f4e-f901d33db9d1,Michaela Hooper,shermanricky@example.org,cancellation_fee,-52.71,USD,Wallet,,SUCCESS,2026-08-25T12:06:30.554023+00:00
f53d27ed-2667-4272-a1d5-9eebb33a4a63,c5eefb5d-7e76-4750-a836-8c1074a768cc,James Baker,kylebrooks@example.org,tip,60.64,USD,Card,Mastercard,SUCCESS,2026-08-25T12:23:30.731603+00:00
741f69f9-0ae6-49bf-88ba-d7b7f7e576ac,9f6b2eab-d7c2-4daf-bc0a-25c4acb51a30,Rodney Fry,larry61@example.org,tip,73.29,USD,Card,Mastercard,SUCCESS,2026-08-25T12:50:30.846271+00:00
13a5f74f-8c14-4e33-a943-c1336f7b42e9,c5406707-de27-4b96-8491-fc28a7db64db,Kevin Perez,pgarcia@example.org,cancellation_fee,-81.58,USD,Wallet,,FAILED,2026-08-25T15:43:13.295979+00:00
1a59fee2-f7cc-44e4-94f9-d7659239f6b4,0c6919a1-a6b6-4a07-aead-7c33c9f56fd1,Robert Cabrera,alexanderallen@example.org,refund,-77.48,USD,Cash,,SUCCESS,2026-08-25T16:00:40.585477+00:00
cfa4e578-62f5-4c72-8403-6d6d442259e4,7c368de8-3fb6-4eab-8632-5c4d46c55a35,Ian Gray,smithaaron@example.net,refund,-154.23,USD,Card,Visa,SUCCESS,2026-08-25T17:22:40.993686+00:00
cdcd82ed-2ea9-411f-a0bf-f6098c63192e,4de97f6b-b550-4122-8f4d-8d5f9821cd5f,Angel Weaver,hallanna@example.net,refund,-109.71,USD,Card,Amex,SUCCESS,2026-08-25T18:41:18.774811+00:00
91d24556-e306-4fb3-97b3-d96b2a1bb334,23897713-81cb-4d71-8d32-79c253201364,Roy Duarte,andrewingram@example.com,cancellation_fee,-133.38,USD,Wallet,,SUCCESS,2026-08-25T18:55:46.335367+00:00
8f57be00-d09a-42db-9450-d9c72a224448,a17f4611-41b3-4e5b-a0b0-86ed656bf9ce,Daniel Alexander,jonesrachel@example.org,cancellation_fee,-97.78,USD,Wallet,,SUCCESS,2026-08-25T20:27:17.681523+00:00
d44ebcf5-413f-45f0-b7ae-a5139b57d804,e727dc33-4a1d-4d34-ba47-ccd1acab113e,Stephanie Phillips,jessediaz@example.org,refund,-39.24,USD,Card,Discover,SUCCESS,2026-08-25T20:47:40.479776+00:00
bfcd56be-e1e3-4878-828f-5b5708683698,6d18e5df-5cca-45be-8c9f-08667885f77c,Lisa Davis,evanscorey@example.org,cancellation_fee,-170.54,USD,Wallet,,SUCCESS,2026-08-25T21:04:58.514712+00:00
8dac9e08-e388-4f89-970c-d838ecb8a6db,3d2201af-4050-4873-a48b-3be1f1493e33,Daniel Jackson,beardsara@example.com,tip,167.16,USD,Cash,,SUCCESS,2026-08-25T22:24:11.051991+00:00
6a1f75ea-1c1e-4ff4-80e3-0f3bd6934e1e,89cfc452-daca-482a-a3c9-e10d71fc26a2,Jennifer Lamb,crystal27@example.com,ride_payment,124.42,USD,Wallet,,SUCCESS,2026-08-25T22:33:59.159489+00:00
eae88012-489b-42c9-85a4-42a1d0b014f9,91949c98-8b25-4fff-8aec-d244c6759a53,Rebecca Singh,julieirwin@example.com,refund,-13.44,USD,Cash,,SUCCESS,2026-08-25T22:43:14.985593+00:00
9b77a7df-2027-49b4-8400-76ec7fdbec36,f6329905-1c85-43cb-a2ed-b8ee43635d32,Jeremy Mendoza,justin14@example.net,ride_payment,35.41,USD,Cash,,PENDING,2026-08-25T23:28:42.960931+00:00
3e3f4a69-b4b0-4a76-a75b-69fedb8a0fda,de89edc5-0df0-4b80-be43-33ce97e99f7a,Cheryl Bell,barbaragray@example.net,refund,-56.14,USD,Cash,,SUCCESS,2026-08-26T01:22:08.070712+00:00
1f28cd4d-7baa-4ee3-bc62-22e651a4be9e,9cd0da81-816c-4367-9049-8fb9122a3ce1,Monica Smith,jeffrey88@example.net,ride_payment,177.39,USD,Wallet,,SUCCESS,2026-08-26T01:48:10.157248+00:00
09487dc1-46ff-4dc4-88b4-e742a438b903,6b20d05b-223c-42b3-8073-4fed111abba9,Robin Owen,kennethjones@example.com,refund,-90.35,USD,Wallet,,SUCCESS,2026-08-26T01:53:46.969009+00:00
68cd8b96-e130-49f7-b982-cd3a60ca7031,d8c1382b-4ec6-4176-a7eb-2bb40ed6da65,Mrs. Lori Day MD,oconnorrobert@example.net,tip,147.62,USD,Cash,,PENDING,2026-08-26T02:21:34.169544+00:00
5806c652-2cb8-4025-8a74-15e9e32f6fea,c4aa5a01-9753-4076-ab8c-c169d0550e4d,Katelyn Wright,zbernard@example.com,tip,121.77,USD,Cash,,SUCCESS,2026-08-26T02:32:18.053361+00:00
9fd333fb-b9dc-41f7-b91b-981e0c008694,791a2a71-7b49-43d6-8ab4-ffe4fe5c4277,Matthew Gaines,genepeterson@example.org,ride_payment,85.73,USD,Card,Visa,SUCCESS,2026-08-26T04:40:44.680842+00:00
2f6ebf5c-ac3a-47cc-91dc-a2391f847585,1d1e3a28-5043-496f-bd1e-b1551fc7b7e5,Troy Lopez,norma56@example.net,cancellation_fee,-67.31,USD,Card,Discover,SUCCESS,2026-08-26T05:08:16.648079+00:00
d11e3239-5982-41b6-b012-0a95c7cbbd7c,4841767b-6eb5-4ac8-b927-a191ebeb8b73,Maria Baird,victoria37@example.com,refund,-116.19,USD,Card,Discover,SUCCESS,2026-08-26T05:50:32.014288+00:00
832a5cb9-3c0c-4528-8bc8-e3f01a7050d5,e0fe86a9-2da8-4806-8885-4855cd17bcd1,Alicia Ward,janice61@example.org,refund,-109.79,USD,Card,Visa,SUCCESS,2026-08-26T05:52:33.071174+00:00
e1998e6a-4f8d-48d3-b152-b6fd0c804496,6f22a639-2e79-4142-b162-40259d7e3d77,Nathan Hobbs,mitchelladrian@example.com,ride_payment,147.46,USD,Cash,,SUCCESS,2026-08-26T08:04:21.906292+00:00
86106074-3d4a-4303-b427-41c720265c3e,b1c37a99-7f4f-4003-83b1-9fae1d5c704d,Ms. Kara York,john79@example.org,ride_payment,64.47,USD,Cash,,SUCCESS,2026-08-26T09:26:40.942343+00:00
5c96d2d6-a89e-4d92-8fd8-1652b4c7973f,47ecf04a-7580-4dc2-a5d7-634cdf9e56b9,Elizabeth Anderson,jameskhan@example.org,tip,122.03,USD,Cash,,SUCCESS,2026-08-26T10:26:54.526975+00:00
4002476b-59a4-4b77-a617-6f3fa5ccf9b5,21ffb7da-c8cf-444d-9eb1-102398a358d1,Gregory Vaughan,michaelchang@example.net,cancellation_fee,-174.29,USD,Cash,,SUCCESS,2026-08-26T10:38:58.190527+00:00
39c2ab65-1e3e-47cb-a111-391146229650,e6847da7-b2dd-408f-a727-4a2f20e3d957,Paul Cain,juliaberry@example.net,ride_payment,172.71,USD,Card,Discover,SUCCESS,2026-08-26T12:02:09.991398+00:00
5d8af992-a3e0-432d-be3d-03685423e946,1d852d15-c464-4b41-82e1-40e64807e818,Jason Kramer,audrey42@example.com,cancellation_fee,-92.37,USD,Wallet,,SUCCESS,2026-08-26T12:18:17.137425+00:00
bd3135e6-609d-40af-bac0-aaebcc8a8385,9f8a2014-0e6c-4cb4-9239-b654c1f1c5f4,John Mcgee,sarah26@example.net,refund,-87.22,USD,Cash,,SUCCESS,2026-08-26T13:45:19.320566+00:00
248676a3-b019-49b2-9da4-bea1e705744e,b712e603-194d-4674-8a78-40eeb47d74dc,Gregory Fuentes,ejones@example.com,tip,114.28,USD,Card,Mastercard,SUCCESS,2026-08-26T14:31:34.414004+00:00
806322c6-2da6-4fca-9d78-c1e6c13c359b,239c14a8-de0c-41ed-a29c-e21f66e63b22,Heather Henderson,stephensantonio@example.com,cancellation_fee,-121.97,USD,Cash,,SUCCESS,2026-08-26T15:06:33.622938+00:00
6da3d465-e406-4b06-aa88-5ba04f19db51,2dad2a22-4272-491c-b841-d731890d4d8e,Trevor Clark,znguyen@example.com,tip,126.7,USD,Cash,,SUCCESS,2026-08-26T16:38:10.799669+00:00
1420fc5d-e67a-4fef-b4d1-72cc6792da11,bbad67e5-9749-4937-b4d7-947627ad54ae,Monica Long,brianjohnson@example.net,cancellation_fee,-164.96,USD,Card,Visa,SUCCESS,2026-08-26T19:18:57.193092+00:00
0d7c0b65-7200-4ba9-a5ac-bcb3eb9e0cb8,feb7be1d-f587-4872-b1dc-6c904fa114d1,Jennifer Wright,karen61@example.com,refund,-18.07,USD,Cash,,PENDING,2026-08-27T03:19:32.738781+00:00
d555b00b-85d1-435f-9361-1312984fc5b6,bcca8452-abb4-43b3-9a82-50be78387af2,Joseph Stewart,colepaul@example.org,ride_payment,174.59,USD,Wallet,,SUCCESS,2026-08-27T08:30:12.972842+00:00
3f99bae0-c5f1-44d4-a97a-fc9152ae4c0e,a9c264a0-742c-4d2a-b133-89be9881aed7,Alisha Delgado,nathan42@example.com,ride_payment,57.52,USD,Wallet,,SUCCESS,2026-08-27T09:15:13.971454+00:00
55217dee-0f85-4c26-837d-3a2250112aae,351f1f1f-f2dc-48e0-9fb0-83aa519c0fb7,Terri Harris,whitecameron@example.org,cancellation_fee,-57.83,USD,Card,Discover,SUCCESS,2026-08-27T10:56:13.959838+00:00
98e661f2-4fb2-4cbc-84ce-3f68cf7f48b2,b83b1d3b-77b1-4e44-bb7b-91df6f8d4827,Christina Harvey,austinjohnson@example.net,refund,-59.85,USD,Cash,,SUCCESS,2026-08-27T10:58:55.161196+00:00
a4c6aef7-51ea-48fb-aadc-b0320b5e3542,cbd540ff-03a1-4daf-b0fc-c35fd26c7830,Lynn Trevino,williamsjohn@example.org,ride_payment,28.65,USD,Cash,,SUCCESS,2026-08-27T11:15:30.006178+00:00
68445080-6c4d-408c-9242-cea295343006,9bf2552d-4d72-4a87-b290-e679bc15a20a,Noah Ramos,ivanmiranda@example.org,ride_payment,90.02,USD,Card,Visa,SUCCESS,2026-08-27T13:22:36.481602+00:00
6f36c806-e5c7-4e09-a68f-489ded13626f,690f39ec-fe7f-4979-b510-22659f837238,Stephanie Dickson,jcoffey@example.org,tip,53.59,USD,Wallet,,SUCCESS,2026-08-27T16:41:30.818367+00:00
25570fc9-428b-4489-8ba3-c69f933e2963,172c8ab6-8f3d-4281-abb3-4d8cbeaf9134,Justin Michael,fbaker@example.net,ride_payment,168.47,USD,Wallet,,SUCCESS,2026-08-27T18:11:36.470054+00:00
026b236d-ae18-4f08-b54d-ac0741758c01,31929c9d-c201-4063-bf1b-fbf10728ec41,Tiffany Moore,ahawkins@example.org,ride_payment,91.75,USD,Cash,,SUCCESS,2026-08-27T19:38:59.478269+00:00
1ec7352d-c258-45ea-8ef7-d953f965d216,3616056c-4bce-4b96-a492-6da5570b018f,Justin Thompson,bfowler@example.com,cancellation_fee,-117.42,USD,Cash,,SUCCESS,2026-08-27T21:17:04.707500+00:00
261eb16e-e151-421d-b67d-96578ac75d63,4b49cc5a-75e7-4322-a603-0784fa29e191,Megan Brown,suzanne87@example.org,tip,125.37,USD,Card,Amex,SUCCESS,2026-08-27T23:00:18.111700+00:00
99510a61-eb61-4f2f-b902-b59103561ab4,e983c8ba-9f9c-4308-8c29-6238752c88e3,Jasmine Jackson,tracy41@example.net,ride_payment,4.72,USD,Cash,,SUCCESS,2026-08-27T23:16:17.997607+00:00
3d0f9a1e-d5f7-47c8-8815-4c0b8a35fa35,31e33315-22e5-44bf-8a68-c587979a2335,Kristin West MD,vjennings@example.org,cancellation_fee,-167.25,USD,Card,Visa,SUCCESS,2026-08-28T00:56:44.110122+00:00
018c28c4-d9cd-4faf-b3d2-5a84e0cc8a6a,c527d01b-111e-408d-a5c1-508ede3fe730,Patricia Vazquez,pamelathompson@example.com,ride_payment,150.88,USD,Wallet,,SUCCESS,2026-08-28T00:57:57.629888+00:00
805a2aff-43a3-4e5b-b08f-1374b8f831cb,26c6631a-eaf6-4b32-b315-912527d7b2ef,Heather Spencer,cameron67@example.org,tip,103.2,USD,Card,Amex,SUCCESS,2026-08-28T01:06:30.719522+00:00
12e9b3b8-fa59-47c9-baf4-02d8cf0f2e55,6e918395-cff3-43e9-bca5-a2b49360c070,Heather Cooke,theresa93@example.net,tip,97.08,USD,Cash,,SUCCESS,2026-08-28T02:37:23.210094+00:00
f2ad76af-393c-4be8-82de-2654a6652d07,8ee8eb70-03e6-4b4d-b21e-34a1314aaade,Hailey Russell,ybell@example.org,ride_payment,99.55,USD,Card,Visa,SUCCESS,2026-08-28T03:12:50.289540+00:00
82ab83c6-1376-41e4-8417-a50ddbd0fd72,f29c8f62-9ee5-4ae1-87cf-84634fa53b65,Carlos Edwards,cfarmer@example.com,refund,-139.14,USD,Wallet,,SUCCESS,2026-08-28T03:16:30.431127+00:00
51312111-41a0-4a97-ad73-22ebdee420eb,cfc50f7f-74c4-4275-8af1-42d7c15fa5c4,Benjamin Mendez,janice47@example.org,ride_payment,133.62,USD,Card,Visa,FAILED,2026-08-28T05:01:17.357634+00:00
2946c509-af9a-45c1-8b96-b67d088c4656,7f898e39-a180-4cfd-a6df-b8b383d4302a,Melissa Holden,pamela82@example.org,refund,-169.62,USD,Wallet,,SUCCESS,2026-08-28T08:04:05.124813+00:00
a5f52a33-4f62-4f28-8ea5-21b51751fa60,4b3e2889-d93c-453e-b82e-a85fa30f9a95,Jeffrey Santos,xpatrick@example.com,refund,-148.97,USD,Cash,,SUCCESS,2026-08-28T09:25:07.177757+00:00
c81b3689-b9f8-4d9d-9d0c-9ccc0693c5cd,9dd26399-eac9-44cd-b952-ae3997c2a8a2,Kristine Brown,tmahoney@example.net,refund,-168.13,USD,Card,Amex,SUCCESS,2026-08-28T09:37:58.931457+00:00
0f17d5d2-6b2a-43e2-a65c-4fef77d85d2b,fe1958ea-a795-4155-a571-2622ad2ac3e9,Kimberly Carlson,qmanning@example.org,cancellation_fee,-114.67,USD,Card,Visa,SUCCESS,2026-08-28T09:50:26.751399+00:00
520f64ae-59f8-4570-bf3c-0f2190ffc0f4,6b42889d-417a-48d8-b550-6b6be8ee2cba,Aaron Walker,gwatson@example.net,tip,50.86,USD,Wallet,,SUCCESS,2026-08-28T10:37:56.311411+00:00
44f05e74-979d-4a89-96db-c7d27a2ed3e6,8e36c4a2-cb1d-44b8-930b-f041fe679ea1,Stephen Kent,kevincox@example.net,ride_payment,47.42,USD,Cash,,SUCCESS,2026-08-28T12:13:14.978142+00:00
ac7e0bf4-2961-44fe-ba1f-3adc9b52faa5,fca8660d-cb94-4ff4-b2c5-477bcd28299b,Darrell Suarez,gabriel74@example.org,ride_payment,116.98,USD,Cash,,SUCCESS,2026-08-28T13:59:00.015505+00:00
06244b35-01b8-4520-85f1-0f2b52efa948,29d589dc-78f7-4035-a77e-43d6822c3e99,Lauren Kaiser,samuel86@example.org,cancellation_fee,-66.7,USD,Wallet,,SUCCESS,2026-08-28T14:28:16.040352+00:00
eca48dae-2210-448e-83c2-917f7b156d96,937c42ec-8f9c-4daf-b870-f443eab34647,Darren Cross,sandrabarton@example.org,refund,-112.19,USD,Card,Amex,SUCCESS,2026-08-28T14:40:31.869526+00:00
ef8fa48a-f7ee-477d-991e-137f4ad3225d,ef1eea49-db14-43c6-88d1-340f1e536689,Courtney Oneill,orivera@example.com,tip,77.35,USD,Card,Visa,SUCCESS,2026-08-28T16:33:02.576470+00:00
f9a327f0-07b7-4d93-a5ca-e60ae6dc980f,8dc2fef3-33fb-41e9-bc92-fc10be65171d,Kristin Gilbert,dbradley@example.net,ride_payment,31.65,USD,Wallet,,SUCCESS,2026-08-28T16:41:26.448192+00:00
f395c83a-4484-45e8-ac79-115ecbde7d27,32dfd76f-773a-4db9-8146-af7d4c926a74,Jonathan Johnson,danielleedwards@example.org,tip,106.2,USD,Card,Visa,SUCCESS,2026-08-28T18:30:38.451594+00:00
f76f39ec-b085-42a8-a88b-3339dba117f8,fb6bf5ad-e521-4475-a356-a754c24029c4,David Clark,jaclynsmith@example.org,cancellation_fee,-64.65,USD,Wallet,,SUCCESS,2026-08-28T21:33:24.149273+00:00
b4d210ab-2da3-48ca-bf7b-7bf240bca22c,cb34be8e-5859-450f-8cad-24715485db1a,Cheryl Boone,mwalker@example.org,tip,42.45,USD,Cash,,SUCCESS,2026-08-28T22:52:09.714701+00:00
5a97ff3e-53be-4bae-8ed0-a8e50794fbd6,e3f10f2f-89a1-44cb-830f-3d24f448aca0,Jill Ritter,umoran@example.org,refund,-137.86,USD,Wallet,,SUCCESS,2026-08-28T22:53:33.512349+00:00
3010c804-01ff-4806-914f-60c2a6ad3f19,cab5b3a3-ec35-4577-b9ed-7157b9b62d98,Catherine Jackson,timothycarter@example.com,ride_payment,149.6,USD,Wallet,,SUCCESS,2026-08-28T23:01:31.952694+00:00
285ef954-1f6f-47df-ae3e-265364d6fd91,a746c12f-97d5-4bdb-93c3-60cacd015fa5,Leslie Shannon,tgomez@example.net,refund,-171.45,USD,Card,Amex,SUCCESS,2026-08-28T23:57:32.326188+00:00
58a0eb20-659e-46a1-ae5a-00f90aa04ca6,53bf8e8f-539b-45f9-8633-18033d4370dc,Amy Benson,dnewman@example.com,ride_payment,134.89,USD,Card,Discover,SUCCESS,2026-08-29T04:47:10.849946+00:00
6e1f5ec5-a3fc-4036-b6d3-593345521e92,69f3664f-2572-49f6-883c-7109fd6609bc,Joshua Gardner,jim09@example.net,cancellation_fee,-123.08,USD,Wallet,,SUCCESS,2026-08-29T05:25:19.112421+00:00
e75a2a6a-6046-4dfc-8c69-577a254df793,95f08ace-ffee-42b7-8150-b0d4cc3e1ea8,Dr. James Murphy,durantiffany@example.com,tip,106.27,USD,Cash,,SUCCESS,2026-08-29T06:57:14.817472+00:00
bff4830b-a2f7-4e1d-8484-247ab6d994ba,b93d97d3-c3ac-4d81-a616-187abdfca9b9,Zachary Davis,dana85@example.com,cancellation_fee,-97.76,USD,Card,Mastercard,FAILED,2026-08-29T07:23:09.270288+00:00
5b2e3160-552d-4ee5-8968-34da34977170,4133bef1-f9ef-4254-abc9-d8130a7d42e8,Terry Park,wilsonmichelle@example.com,refund,-172.71,USD,Card,Amex,SUCCESS,2026-08-29T08:02:45.568671+00:00
233fe0b4-0b0f-4e68-a1e5-047dca6eb658,0050fad1-ed7e-4e64-ae17-f030e22b5ef6,Shannon Scott,vramirez@example.com,cancellation_fee,-26.04,USD,Cash,,SUCCESS,2026-08-29T09:01:42.711774+00:00
efaa8f7a-bb52-4150-9ad4-7642983fd0a4,7a3a56e5-a4b7-475d-80d8-2ffddfecd780,Karen Wilkerson,marissa52@example.com,refund,-78.86,USD,Card,Visa,SUCCESS,2026-08-29T09:25:28.602314+00:00
900e408a-c58a-4457-a6ea-42669b0a32b0,3f1d869d-cd69-4327-90ea-26737f29a1d8,Natalie Gregory,manderson@example.net,cancellation_fee,-104.17,USD,Wallet,,SUCCESS,2026-08-29T10:02:38.043552+00:00
d94cb7d9-5757-450d-b563-fb60773a0680,d745d603-75e2-464a-815f-fa6aea243312,Clayton Hester,rgriffin@example.net,tip,40.74,USD,Card,Discover,SUCCESS,2026-08-29T12:29:08.440711+00:00
cef6ec5a-81ff-404f-9c23-2de72fba1323,3c38f908-ecf7-4fa8-a0cf-0d7c28c0ad4b,Michael Khan,brooke28@example.com,ride_payment,30.9,USD,Card,Amex,SUCCESS,2026-08-29T12:39:58.553846+00:00
6ca09ddb-9694-4694-b754-c827ccb31817,89f4e035-eb18-4c4a-a95f-c1533f0ab285,Timothy Jones,raymondvaldez@example.com,tip,175.5,USD,Cash,,SUCCESS,2026-08-29T13:52:16.772159+00:00
2b811e20-e20a-4c20-b24d-975d4e295687,0fdc385a-3d81-42f8-8ced-28c19d49d5d5,Tonya Johnson,javier92@example.com,ride_payment,139.78,USD,Cash,,SUCCESS,2026-08-29T16:02:08.778475+00:00
32b2599a-a2d9-4d92-a9e3-a8c3238dec9e,89dba57f-12ac-494a-99c5-67d54a6b2163,Michael Day,amberedwards@example.com,ride_payment,68.4,USD,Wallet,,SUCCESS,2026-08-29T16:31:01.126599+00:00
0df210d6-ebca-4a79-923e-28140dfdd76c,c38f43a3-613b-4a0b-aa70-dc320c974202,Christopher Taylor,jonathanrodriguez@example.net,cancellation_fee,-66.64,USD,Cash,,SUCCESS,2026-08-29T17:05:16.720254+00:00
7f94fd9a-737c-4073-b2e1-db2a1eff5a85,d2d7a400-5001-4173-8732-5ce4bc29b63a,Jeffrey White,timothy10@example.org,tip,23.25,USD,Wallet,,SUCCESS,2026-08-29T17:49:42.378845+00:00
82925163-8b1a-4d64-9cf8-3a20e545ec8d,0a3a0c7a-3876-45a9-b983-8fe4bf38c7ac,Robin Brown,kendradunlap@example.com,ride_payment,142.6,USD,Wallet,,SUCCESS,2026-08-29T18:54:49.320514+00:00
57cd0c7a-e51f-412d-aa5e-edc82e8f5912,a7734ec8-71b1-4083-a714-b9fa5e1be022,Timothy Thomas,scottdennis@example.net,ride_payment,8.8,USD,Wallet,,SUCCESS,2026-08-29T18:59:20.866986+00:00
5143d230-54aa-4a17-b29c-2c491c0c4501,d9daeba7-7290-4fec-a620-8615daa9bd05,Danielle Johnson,jamesriley@example.org,refund,-126.58,USD,Cash,,SUCCESS,2026-08-29T19:43:46.360458+00:00
571af343-9c7f-47fa-8edd-e789857017e7,32ecb274-ec1e-41ef-8c02-fce127bf41e3,Janet Williams,johnnysullivan@example.net,tip,63.54,USD,Card,Mastercard,SUCCESS,2026-08-29T20:17:02.253727+00:00
f6002c8e-9f36-4f57-b8a3-7af94b08a463,08f329a3-32c2-4b75-88cf-b567606b9f16,Justin Davis,tbaker@example.net,refund,-173.2,USD,Cash,,FAILED,2026-08-29T20:17:33.662665+00:00
38f670ac-aa69-44e7-95d0-d5b106ee4f22,5775c5f9-c148-4a4f-8638-ea3c662bc669,David Brooks,riggsbrian@example.net,refund,-30.05,USD,Wallet,,SUCCESS,2026-08-29T21:06:30.444754+00:00
9db57bc0-0151-411f-a14e-4b7c440dae27,da87632f-213b-4fd7-aa3b-71f5e8a5818d,Crystal Gillespie,xmoyer@example.net,tip,83.43,USD,Card,Discover,SUCCESS,2026-08-29T21:17:31.976098+00:00
05fc75df-4f1d-491c-9872-c0c93ccb51d9,4de752cf-af9c-4946-9280-acac832c720f,Kevin Cabrera,tracygibson@example.com,tip,169.77,USD,Wallet,,FAILED,2026-08-29T21:30:27.042142+00:00
f58f0a51-d5cf-4f59-abeb-9fada10fbe89,2710ba90-486e-49b7-82e3-49de4c31f2fc,Bonnie Townsend,stevenjones@example.net,refund,-59.42,USD,Card,Discover,SUCCESS,2026-08-29T23:30:40.622320+00:00
98befb94-4b99-47cc-86a6-0e9eb7a578b3,3dca8e21-4b37-4d36-9b13-8a7d290b29f3,Jennifer Hicks,mitchelljames@example.net,cancellation_fee,-178.51,USD,Cash,,SUCCESS,2026-08-30T00:33:38.646817+00:00
7ed9bdd9-cd76-47c8-8c86-0ae09eac9e4a,290fb8d9-075f-4e67-9d08-b428a7d5b271,Joseph Soto,nguyenchristine@example.net,ride_payment,145.93,USD,Cash,,SUCCESS,2026-08-30T00:54:04.406437+00:00
7386f6d4-3a65-41cc-85c6-96cf66e17fa4,05c9c549-c1bd-41db-a17b-d2e7a3de49ba,Tina Murphy,khouston@example.com,cancellation_fee,-170.22,USD,Wallet,,SUCCESS,2026-08-30T01:06:28.590827+00:00
f71ce741-9713-4217-8f0b-24a18a5ead62,c7b39e3e-bb51-449a-8b0a-0c5cc5820af0,Daniel Matthews,dturner@example.net,refund,-73.58,USD,Cash,,SUCCESS,2026-08-30T02:07:28.496895+00:00
2c6fdb44-efa1-41bc-b2b0-851ae2f7318e,480b4cd7-87e3-45ba-8dd8-50809180e8b7,Benjamin Johnson,maryvaughan@example.net,tip,90.2,USD,Cash,,SUCCESS,2026-08-30T03:05:32.676646+00:00
2a1c6cdd-9674-4676-86de-6bc6ddcb7b31,1a5c7494-095a-4bb8-805f-374989c03b89,Diana Jackson,florescody@example.net,ride_payment,115.51,USD,Cash,,SUCCESS,2026-08-30T03:58:33.283753+00:00
b0e21939-bb87-4935-96fc-162af15c2e42,268d91d2-8a3a-472c-b1c5-5e3d7aed83bf,Theodore Long,kwoods@example.com,cancellation_fee,-134.97,USD,Cash,,SUCCESS,2026-08-30T04:17:07.288442+00:00
234326f2-a9a3-4c08-b9de-74f5b88b59a3,439aa528-c6c2-4d4f-9e22-63ccd1f84ea5,Michelle Brown,vgutierrez@example.com,cancellation_fee,-38.95,USD,Card,Amex,SUCCESS,2026-08-30T06:16:44.631068+00:00
ad4f6c2d-6485-46b1-b570-4d2896c24767,6472d29d-e0da-4eb3-b166-91586171a372,James Perkins,qreed@example.org,tip,97.84,USD,Wallet,,FAILED,2026-08-30T07:50:31.383570+00:00
f59fef62-20b4-41a2-86b1-52a2141357ff,ec763873-4847-4b61-b601-7d373a9100c1,Jerry Mitchell,bjohnson@example.com,refund,-50.56,USD,Cash,,SUCCESS,2026-08-30T08:43:41.505892+00:00
630891fe-97c0-44b1-ab4a-26abd1ed62f6,134734d8-222c-4e8a-8cd8-e4c522de7972,Theresa Smith,pjackson@example.net,cancellation_fee,-143.83,USD,Card,Visa,SUCCESS,2026-08-30T10:54:30.638721+00:00
dfa3c9d2-c9f0-4bbf-a528-5f9ab3d44417,4598ecc2-6243-497a-8db9-e094f2f6ac18,Monica Williams,veronicamclaughlin@example.net,tip,89.38,USD,Cash,,SUCCESS,2026-08-30T10:57:52.910476+00:00
e6491921-3ba8-41ca-8161-ba327af67c20,fad98e54-f7ee-4da2-8360-33080eba97a2,Evan Arias,damonzavala@example.net,ride_payment,69.74,USD,Card,Amex,SUCCESS,2026-08-30T12:54:12.813392+00:00
2f087b8b-4f93-4371-ab9c-2454ba6b26de,2a6d5992-e5ac-46f5-9376-f448d2c2bf4c,Edward Brown,stapia@example.com,cancellation_fee,-89.63,USD,Card,Visa,SUCCESS,2026-08-30T13:05:45.761868+00:00
0456e9bb-343d-458a-95e3-8ebb3d5902be,6e554ec7-dfe1-4ba2-a2d1-71a1279d1971,Nicole Huff,aprilpeters@example.org,tip,112.66,USD,Wallet,,SUCCESS,2026-08-30T13:06:50.813085+00:00
b9235be1-e56f-465f-a785-5d0117203cc4,61dc781f-fed6-417f-aba1-9c691c691009,Craig Wolfe,robert62@example.net,tip,116.14,USD,Wallet,,SUCCESS,2026-08-30T14:06:41.822521+00:00
99de94be-c2ad-4cbf-b8e9-b184b434a6a4,b49f331a-cc51-4a7d-9e2a-ad3dd0b2c4fd,Melissa Phillips,johnsonjohn@example.com,ride_payment,54.17,USD,Wallet,,SUCCESS,2026-08-30T15:15:22.161871+00:00
a2efcf44-340c-44f3-8c52-675bd44e3559,a17742d5-e1b7-4d4b-8074-4f7c8775f13a,Karen Hanson,wilsonbethany@example.org,cancellation_fee,-106.06,USD,Wallet,,SUCCESS,2026-08-30T17:00:08.108446+00:00
1d946880-802c-4fce-94a1-0a690fff732a,135e4064-97e5-412c-8dd7-a13f50ab9173,Walter Clay,charleshaney@example.net,cancellation_fee,-107.97,USD,Cash,,SUCCESS,2026-08-30T18:29:39.046099+00:00
6743c10d-b003-4fb1-9b13-1d49510acee2,026d6790-3b9e-463c-a995-694da9bffa1d,Mary Phillips,zbryan@example.org,tip,151.81,USD,Wallet,,SUCCESS,2026-08-30T19:27:19.312085+00:00
ebd315d4-2173-4661-9c51-3ac73938775c,7d9afc41-a8f9-412c-8f36-b9d6c5661431,Shane Thompson,nathan92@example.org,ride_payment,117.3,USD,Cash,,SUCCESS,2026-08-30T20:31:27.355146+00:00
e1d09520-e9d2-45d6-97bf-e26d4ba4b7cc,83fb1451-9af9-488d-92c0-9571e1ae1f35,Francisco Ortiz,larsendarren@example.net,ride_payment,36.03,USD,Wallet,,SUCCESS,2026-08-30T21:02:53.797040+00:00
91b3a95c-d565-44bf-a196-3dfd30d74acb,55410e45-3a40-464e-a84c-e9934b061053,Mitchell Parrish,jennifer22@example.com,cancellation_fee,-53.71,USD,Wallet,,SUCCESS,2026-08-30T21:12:34.363627+00:00
4c376598-478c-47fd-b474-30867765dfed,d9cceb1f-430b-445e-bbb6-229c1a527221,Justin Black,maldonadoderek@example.net,refund,-37.6,USD,Wallet,,FAILED,2026-08-30T21:24:03.168007+00:00
47b978be-01ae-4893-82d4-0ef97b3c2893,d79279bf-02c2-4f94-aac0-47846a6edb4f,Joseph Thompson,nicole38@example.net,refund,-113.74,USD,Card,Discover,SUCCESS,2026-08-30T21:25:11.740620+00:00
97ceef36-ba19-408a-81c3-134a8ee19a5c,06b1a909-0b3a-45ab-b8b0-a340a8576b8b,Sonya Graham,morganrobert@example.com,ride_payment,41.87,USD,Card,Discover,SUCCESS,2026-08-30T21:31:25.964921+00:00
1752c768-171a-4a47-9aec-7f2312b362d6,4bd24415-e28f-451d-b198-003ece0f26df,James Hoffman,seandouglas@example.com,tip,134.22,USD,Wallet,,SUCCESS,2026-08-30T21:39:27.430030+00:00
2d99e36c-0130-46cd-b7b8-0a43955e4602,976d10b8-6820-491e-8a3e-1cbf1d75affd,Sherry Jones,gregoryamy@example.org,ride_payment,140.29,USD,Wallet,,SUCCESS,2026-08-30T22:33:58.946444+00:00
635c91e6-107f-498f-9788-8a544b127590,fb05da4c-95d3-4a5f-b10f-33df59f818e4,Daniel Aguirre,gprice@example.net,tip,27.41,USD,Card,Mastercard,FAILED,2026-08-30T23:45:06.668974+00:00
6e297a87-10a8-4b98-9164-940ee2ce4290,d16ae103-b59d-4855-8e45-85b550c40bf5,Kimberly Smith,danielskimberly@example.com,cancellation_fee,-121.63,USD,Cash,,SUCCESS,2026-08-30T23:52:24.199692+00:00
850e202f-970a-4782-8471-6301dbf0267a,ffd0f990-937e-4fad-b4d4-2347311a540d,Amy Cole,uryan@example.org,tip,102.18,USD,Cash,,SUCCESS,2026-08-31T02:51:25.961871+00:00
53e83337-068e-4a48-abf0-f1c0bcb89332,8024e640-963c-4198-a73c-f92f58af9eb1,Kimberly Sanchez,vasquezrachel@example.net,cancellation_fee,-97.2,USD,Wallet,,SUCCESS,2026-08-31T03:17:04.243043+00:00
27854162-070a-4582-bda7-3fa6144b2926,991bcc41-53a3-4269-a396-ffeeae4a41f5,Theresa Wright,jzuniga@example.net,refund,-124.13,USD,Cash,,SUCCESS,2026-08-31T04:35:16.805757+00:00
637afc6a-8eed-4ecf-908f-c37d65cf6100,e2538df1-283f-4e50-a179-893d7047ed26,Kayla Anthony,cbell@example.net,cancellation_fee,-145.04,USD,Cash,,SUCCESS,2026-08-31T04:38:15.488960+00:00
3e531d01-4b7b-42e5-b9e1-583a535271e0,9cfab322-9328-4f28-8639-a7e561c0c382,Amanda Benson,davistyler@example.net,ride_payment,58.41,USD,Card,Amex,SUCCESS,2026-08-31T04:49:42.716677+00:00
f5d5db38-c64a-4388-a609-29bb400ab276,4ffac5f4-8d56-487c-90b2-6e2d3319a35f,Phillip Fowler,cory82@example.org,cancellation_fee,-144.03,USD,Wallet,,SUCCESS,2026-08-31T04:50:29.964761+00:00
3e4b1666-c708-485c-bbb4-8f98dcbc8a39,0c1b39d9-5d39-4cb0-9656-e7712d0490a1,Juan Hernandez,jbennett@example.com,tip,96.49,USD,Card,Visa,SUCCESS,2026-08-31T07:15:59.734761+00:00
a8b4aed9-4600-4d0d-8863-fa33de6e6431,f90af5b8-6f1e-4d58-aaf1-56bc8bbae667,David Roberts,robertluna@example.org,ride_payment,177.34,USD,Card,Mastercard,SUCCESS,2026-08-31T07:35:41.709914+00:00
0dd79120-f15d-40d2-a229-616e733732bd,d7b4a404-7064-49c6-b5ec-1f1c4cceb2b3,Scott Mclaughlin,adamshannah@example.net,tip,67.71,USD,Wallet,,SUCCESS,2026-08-31T07:53:24.067842+00:00
1a94e82d-4d08-4be8-97a5-c446219d1fd2,6bdf8470-430e-4eda-adb1-3856ec6b2f73,Justin Gregory,danielcoleman@example.org,cancellation_fee,-27.44,USD,Wallet,,SUCCESS,2026-08-31T09:10:25.567799+00:00
50ed7937-e0bc-41c6-8875-72a17cf956bf,e1923c0d-8267-40e8-a759-8ce4283ec333,Donald Taylor,gerald28@example.net,refund,-117.57,USD,Cash,,SUCCESS,2026-08-31T10:48:00.542859+00:00
8af1936f-eb62-4967-8589-5f0983724af1,24446d22-8df9-4a30-a0e3-94455ce14500,Amy Herrera,jgarcia@example.org,ride_payment,52.98,USD,Cash,,SUCCESS,2026-08-31T11:15:03.324802+00:00
e26f6a46-7a64-4a2a-9098-c8fad5684c01,9b71106b-8a43-471a-bc0d-1dfc6663d57d,Whitney Duarte,lyonsalison@example.net,tip,173.15,USD,Cash,,SUCCESS,2026-08-31T11:34:20.171388+00:00
4ec57f39-8803-40c9-b7d3-820c6f4fbc10,082289b7-d7a7-4cde-b395-c25a781aeccb,Sophia Hernandez,jeffrey00@example.net,tip,99.95,USD,Card,Amex,SUCCESS,2026-08-31T14:04:51.165583+00:00
e8754a56-3fcb-4648-aa6a-7d0aab5cc399,ffcf04ea-687a-4c24-8c35-ee59f56b068e,Jenna Riley,cortezmichelle@example.org,ride_payment,159.11,USD,Card,Amex,SUCCESS,2026-08-31T17:37:03.200177+00:00
343a3f87-39d6-44ce-97fa-993ff6f61f72,a7566d84-e346-4cfc-ab63-acd586ccb9a2,Brett David,michaelhowell@example.org,refund,-118.42,USD,Wallet,,SUCCESS,2026-08-31T18:09:06.061364+00:00
93a51dba-e51a-4914-b7db-32b1780f69d1,5a3c1973-7bd0-4b59-aa43-4a5cbe4faa64,Cody Austin,josephjasmine@example.net,tip,46.67,USD,Card,Discover,SUCCESS,2026-08-31T18:40:09.410851+00:00
cfbd9eb8-c074-43fe-8249-9058f3d27030,850d0383-4fc2-4522-b4b5-708bb1059c95,Cameron Nelson,wbarker@example.org,ride_payment,151.38,USD,Cash,,SUCCESS,2026-08-31T20:56:43.415860+00:00
7af5d36d-ef27-49a9-a900-0f9894acf829,cd255e5b-4cb6-4e33-8459-82576eaa5502,Jerome Jenkins,erinjensen@example.com,cancellation_fee,-137.26,USD,Wallet,,SUCCESS,2026-08-31T21:09:29.139477+00:00
f4663254-91dd-4bba-b244-314892e874ec,8684c8b2-469f-4530-8e6e-a8d5c5e7abe1,Tammy Klein,raybentley@example.com,refund,-167.18,USD,Wallet,,SUCCESS,2026-08-31T21:22:03.687272+00:00
58bda60b-c7d5-4d01-af06-28a6455c9b15,71dd6fed-ca85-4808-88aa-3b7079ad13d1,Laura Robertson,philip41@example.net,cancellation_fee,-52.45,USD,Wallet,,SUCCESS,2026-08-31T22:43:09.224883+00:00
6d89553e-a965-4db3-b710-e23404042b6a,e5602728-938b-4625-826c-a6da3415cddc,Gregory Lozano,qwallace@example.net,tip,48.92,USD,Wallet,,SUCCESS,2026-09-01T00:51:57.233010+00:00
a8cd3f93-36e0-4bc2-9612-4caad7c4e128,ab502427-dea7-4bda-909e-a5d01e50e076,Megan Robinson,langdebbie@example.com,ride_payment,114.14,USD,Card,Visa,PENDING,2026-09-01T01:33:48.382963+00:00
09e0f9cf-c36e-4ed8-89f5-e3046fb056f8,7607dd2f-710b-4014-b2d4-d0f0553c4d06,Alyssa Brewer,twalker@example.com,refund,-38.7,USD,Cash,,SUCCESS,2026-09-01T03:02:54.291895+00:00
0484b82b-bf74-4ce3-bd8d-b174761cbe67,8d07b0eb-432d-4287-a4d7-7691d7bc3572,Samuel Wright,andrew99@example.net,ride_payment,122.58,USD,Wallet,,SUCCESS,2026-09-01T03:59:30.287665+00:00
d272fe1e-a79e-4d75-a402-f54b96d8dd8a,385db842-869d-4049-a500-78a3a55ef777,Joseph Williams,dbuckley@example.org,ride_payment,85.15,USD,Card,Visa,SUCCESS,2026-09-01T05:42:35.339197+00:00
b438055e-21dc-47e1-b0d2-4bdaf4c3376b,af6986d4-8c93-42a6-bbff-17a76a342d61,Kylie Anderson,johnsonjennifer@example.org,ride_payment,111.06,USD,Wallet,,SUCCESS,2026-09-01T05:44:52.597394+00:00
97e8d86d-9b90-4e44-9221-16f203259066,7391d188-d761-4b74-8077-33ab560752f4,Eileen Hill,tranernest@example.com,ride_payment,40.91,USD,Cash,,SUCCESS,2026-09-01T06:14:42.055966+00:00
1ca61cb1-1f3a-4d98-84d2-2bc5a5233016,9c0b43a0-74e9-403a-834b-9acb23bc68db,Courtney Hart,alicia25@example.org,ride_payment,109.16,USD,Card,Mastercard,SUCCESS,2026-09-01T06:59:15.233716+00:00
6f56ed04-0ca0-4372-8235-2ff734a76f0b,3e83d4a2-95b0-4395-b0d7-5ec43ef04388,Gerald Caldwell,jody69@example.org,cancellation_fee,-12.78,USD,Cash,,SUCCESS,2026-09-01T09:14:17.298992+00:00
7be1182c-fe22-4b72-af63-1a0c8e79a9b3,953ece3d-2bd8-48a4-94f8-bd2489b57dd3,Rebecca Baldwin,ashleyvaughn@example.org,refund,-35.68,USD,Card,Visa,SUCCESS,2026-09-01T14:23:24.723439+00:00
7f647bb1-d029-457f-ad29-20309ae3ad5c,80fe97cc-706b-4ee6-9397-b58e29d8ce63,Alicia Reese,hickstimothy@example.com,refund,-136.68,USD,Card,Amex,SUCCESS,2026-09-01T14:28:16.494718+00:00
33e8d52a-8d70-44ed-a1d7-091c98aab077,1b50d6ed-31f3-4d7e-97a8-6e728a24bb0f,Stephen Phillips,crystalgarcia@example.net,refund,-131.34,USD,Wallet,,SUCCESS,2026-09-01T14:58:55.542401+00:00
c90df550-71ef-4bb0-94ed-caca99431573,4f3d569e-f129-413e-aef3-2a525e66d5d8,Joel Madden,santiagojames@example.com,cancellation_fee,-55.98,USD,Wallet,,SUCCESS,2026-09-01T16:40:33.936461+00:00
78e8e4cc-cb8f-47c0-8c1c-904cefd6e695,1c674e4c-9235-4eb9-a496-452835f35589,Glenn Clark,garzajohn@example.net,tip,42.4,USD,Wallet,,SUCCESS,2026-09-01T18:01:36.155703+00:00
17ae8144-078b-44cc-a710-831eb958df45,ae84983d-6abb-45a3-b3c7-82da6f224670,Caroline Jones,wilsondylan@example.com,refund,-58.66,USD,Cash,,SUCCESS,2026-09-01T18:02:43.241518+00:00
872c7941-897b-4941-a237-d0173a5f4264,b9ff1fca-76ee-410e-a691-70a6d41af736,Martin Little,williamsjames@example.net,cancellation_fee,-86.11,USD,Wallet,,SUCCESS,2026-09-01T21:43:20.154274+00:00
d99d3e99-809c-4e3b-b4aa-e342990fada5,57797265-9163-45cc-ac2a-6edd7e9fc1ad,Alison Sanders,sotojennifer@example.net,cancellation_fee,-29.35,USD,Cash,,SUCCESS,2026-09-01T22:45:16.284075+00:00
d20d166c-8f54-40b0-825f-df70d2733f08,505c4b69-1f1e-41ab-8c6b-4ed90ce424c2,Corey Booth,cburgess@example.com,refund,-32.94,USD,Wallet,,SUCCESS,2026-09-01T22:55:12.536798+00:00
e86bbd68-4ec6-40ca-a44e-4f73dc7d300c,75737cb3-d60b-4b9a-9176-1490f5a1f225,Tony Stewart,robert83@example.org,ride_payment,169.13,USD,Card,Amex,SUCCESS,2026-09-02T00:41:30.184744+00:00
1bcad6a0-8ba1-45da-83f7-2d6287183c17,816e3393-e0bc-4500-bcc9-468acbfe9438,Tony Mcclain,ayersapril@example.net,cancellation_fee,-89.4,USD,Wallet,,REFUNDED,2026-09-02T01:07:55.646282+00:00
ec7d8374-4a93-4541-b609-2eb2c9dabf9a,ef9ac2d7-5709-4442-9879-03261b9b5a1e,Brittany Berry,lwatson@example.net,ride_payment,176.68,USD,Card,Amex,SUCCESS,2026-09-02T02:07:59.148160+00:00
479bdf4f-9dc0-49b7-b9af-df3f93af7bf0,a504fd53-55cb-4e8d-8c09-28e507ead1ee,Karen Ingram,timothy97@example.com,cancellation_fee,-100.37,USD,Card,Visa,SUCCESS,2026-09-02T02:38:54.800197+00:00
f1900683-19c0-403a-b89f-526cbb155e75,7de9b126-77ca-423b-822e-b2112ea2d7c0,Cole Russell,kimberly87@example.org,cancellation_fee,-170.59,USD,Cash,,PENDING,2026-09-02T03:46:09.700220+00:00
d29322b3-b831-4fd3-b35d-3646e53e6cbb,3ceb4bc2-c8fe-48e2-8202-9aa0776075f5,Susan Haley,tlewis@example.org,tip,117.27,USD,Card,Mastercard,SUCCESS,2026-09-02T03:56:55.191954+00:00
25a9c7ad-3a7b-4eef-a278-5c267d8a2568,b59d690c-7077-41f9-97bc-519807eae46d,Jeffrey Chavez,carolynhernandez@example.org,cancellation_fee,-88.07,USD,Cash,,SUCCESS,2026-09-02T04:16:35.365164+00:00
c79d4630-09b9-4f43-ae93-9725bedb8fb3,9ddff8f3-6388-42d2-9eca-2feccc34d90a,Donna Reid,joseph94@example.net,cancellation_fee,-77.5,USD,Wallet,,SUCCESS,2026-09-02T05:45:04.819657+00:00
b5a4a69b-0438-4ddb-8b83-79f46d4015f6,850c6f5b-095f-4064-9ef5-45e7adaa2349,Laura Jones,rhaynes@example.com,cancellation_fee,-133.91,USD,Wallet,,SUCCESS,2026-09-02T06:36:57.128281+00:00
82038b06-4a66-4cc5-be1f-9241275403fd,c6ec5115-1b69-42e9-9d21-17beebe69405,Tammy Heath,ununez@example.net,ride_payment,175.41,USD,Cash,,SUCCESS,2026-09-02T08:18:45.512172+00:00
fc950c66-5eed-44b3-aec1-90a5d4cf7962,604f99fd-1b0a-4c8e-894b-e84652b9a4d5,William Watkins,boydlisa@example.org,tip,178.67,USD,Cash,,SUCCESS,2026-09-02T10:35:43.892741+00:00
a25ccbca-2c19-445d-b330-b3142861a89a,ae57f6a8-db19-4547-ac7e-07be043a4146,Michael Vasquez,frobinson@example.org,cancellation_fee,-40.43,USD,Cash,,FAILED,2026-09-02T11:46:08.700969+00:00
33b4252e-6117-4701-b76e-0d75fc52fbec,b6486aa1-ba3c-4596-90e1-2a7b6ee060b0,Luke Donaldson,rwhite@example.net,refund,-80.57,USD,Cash,,SUCCESS,2026-09-02T12:26:46.820476+00:00
2a38dd17-7a64-4a13-9ff5-95e4ccaa7fbb,9d564a13-438a-48a3-afc6-690173de1823,Amy Neal,damon87@example.org,cancellation_fee,-106.55,USD,Cash,,SUCCESS,2026-09-02T13:01:26.302623+00:00
931560a9-630a-45d3-95ea-29a6383a3f00,f75bae89-1c3c-4724-b043-a7e4a18355cf,Ann Hines,davidrussell@example.net,cancellation_fee,-43.68,USD,Cash,,FAILED,2026-09-02T13:10:17.742960+00:00
e9f62a8d-7c1c-460c-9ecf-10e0e87a4fa3,67759fcd-bcc1-4d4f-a83a-b1270dcd5f50,Christina Campbell,bryantkeith@example.net,refund,-157.67,USD,Wallet,,SUCCESS,2026-09-02T13:21:58.426707+00:00
711a670e-379b-4464-8053-1720eca8a58d,9925043a-5979-4fd3-9d68-5ff87f2ec96d,Miranda Wood,cynthiaaguilar@example.net,ride_payment,4.72,USD,Cash,,SUCCESS,2026-09-02T14:52:06.382950+00:00
018ad3dc-088f-47c3-a9c6-f9dbabc51ba4,a7436f0e-7237-4272-b226-0925e6e54128,Shelley Ortega,greenemily@example.net,ride_payment,134.41,USD,Wallet,,SUCCESS,2026-09-02T15:11:22.291464+00:00
45689e25-c13f-474b-9ac4-7b8021497986,db27189c-8cdd-4e23-99f1-9d9081431faa,Carolyn Silva,joe75@example.com,ride_payment,49.85,USD,Cash,,SUCCESS,2026-09-02T17:17:51.740408+00:00
50576729-3b51-41e0-a17b-ea9761337779,a11f59dc-f8a1-4429-902f-c36f93d7f477,Steven Schmidt,thorntontimothy@example.org,refund,-100.53,USD,Wallet,,SUCCESS,2026-09-02T17:53:27.709680+00:00
1dfd2e51-a3a5-4316-b825-4f9ae80f95c5,4c6d261f-be08-47b5-93da-a92928e9c38f,Sandra Foster,dmarshall@example.com,ride_payment,36.17,USD,Wallet,,SUCCESS,2026-09-02T20:30:26.727621+00:00
f9defe94-e6ad-4889-81e6-ca78c8683d6b,d2372f02-80d5-44ce-9851-83e566dcb439,Phillip Morales,adamssusan@example.org,tip,5.42,USD,Cash,,SUCCESS,2026-09-02T21:02:44.259863+00:00
0615ec73-dbbf-49cb-96bc-5d968a563116,030ac131-05ab-4492-97e7-20f58d6aefd4,Jacob White,lee29@example.net,ride_payment,142.05,USD,Wallet,,SUCCESS,2026-09-02T21:31:42.512580+00:00
66b4c5bc-c71e-4e25-93f0-26567e117b0e,d99b3854-13f3-4827-a00d-5721bc0de10b,Jonathan Martinez,roberthall@example.org,ride_payment,34.74,USD,Cash,,FAILED,2026-09-02T21:58:51.127223+00:00
29d7950b-258f-43db-b7fe-0b4eb3cb01cd,ba687d23-fdab-407a-bc38-97958928e394,Johnathan Anderson,nashrenee@example.org,cancellation_fee,-34.57,USD,Cash,,SUCCESS,2026-09-03T00:00:10.070453+00:00
62a87486-0645-4c2e-8522-7db5c0857ce1,9436ccd3-848a-4d0f-adbf-fcfa7f1b5f90,Christopher Ortiz,justin64@example.com,tip,103.15,USD,Cash,,SUCCESS,2026-09-03T00:43:04.728211+00:00
a1b097dd-ea16-46d1-9ee7-7d28692c3efe,98d3e7a5-c842-454b-80a8-c1a356ab1eef,Christopher Graham,michaelbuck@example.com,ride_payment,34.64,USD,Card,Discover,SUCCESS,2026-09-03T00:56:58.445254+00:00
507b7252-351a-4c1b-acf4-6fb9e6af548f,ce77e806-dcf3-4bb7-8fad-c0bbe4c802b7,Michael Martin,amy41@example.net,cancellation_fee,-139.29,USD,Cash,,SUCCESS,2026-09-03T02:49:40.335253+00:00
cceb394f-ac10-4f5f-a5eb-cb2282a48dd9,9921b1e4-4ab8-4438-b002-f009af912894,Joseph Fernandez,millsnichole@example.com,ride_payment,84.91,USD,Cash,,SUCCESS,2026-09-03T03:10:34.997911+00:00
9803b399-c909-4e89-a516-e9a505f300d0,68363690-9f02-44d2-8652-555a406b3d59,Dylan Ford,vbaxter@example.net,refund,-60.77,USD,Cash,,SUCCESS,2026-09-03T05:25:23.435601+00:00
7891cc28-c3bc-47af-8e6a-6f4fd529e411,8296bea8-edc4-4fb2-a8db-e9cc6756222f,Gail Foster,reedjeremy@example.net,cancellation_fee,-76.57,USD,Wallet,,SUCCESS,2026-09-03T05:46:25.587561+00:00
3712d3e4-df3a-4fcb-94a2-f455f5b3547b,a814cffa-fd8b-427c-8902-3eac7806dc84,Mason Owens,wmoreno@example.com,tip,104.1,USD,Wallet,,SUCCESS,2026-09-03T07:15:13.779870+00:00
dbb695f6-87b0-485c-92de-b0d068bd7b4f,29b360b4-010a-4d8e-af9f-7f9d49814ac5,Erica Munoz,ellisapril@example.net,tip,12.14,USD,Cash,,SUCCESS,2026-09-03T08:20:08.090482+00:00
9178fe84-4193-466c-8ffc-5d7f738814f8,b277c693-ad86-4688-bc2c-6ce895b48d1d,Jeffrey Quinn,paulstewart@example.com,refund,-161.65,USD,Wallet,,SUCCESS,2026-09-03T08:40:19.283039+00:00
d22464ce-92cc-482a-8ecc-d42ef1e64eae,86efcf2c-1152-4d25-8ccf-ea5817adb0ee,Robert Manning,davidwolfe@example.org,tip,173.04,USD,Cash,,SUCCESS,2026-09-03T08:44:50.175218+00:00
d73e3013-e321-4b4c-b432-b776b2a825d1,2c044769-69f8-4ecc-85ce-7615a68f6b41,Brad Osborne,fullersusan@example.net,cancellation_fee,-113.84,USD,Card,Visa,SUCCESS,2026-09-03T08:50:14.790826+00:00
2ccac8cd-48df-48eb-95a9-6d19bc294725,aa75443b-67a6-40ba-bd5a-182961f7c32a,Gregory Lewis,dmartinez@example.com,refund,-80.41,USD,Card,Discover,SUCCESS,2026-09-03T09:26:50.126734+00:00
c895b281-5d8a-4800-b1c3-c3546f3d4363,4a29b214-fd5f-4d2a-a035-1e6398542f21,Brian Price,yjohnson@example.org,tip,6.61,USD,Cash,,SUCCESS,2026-09-03T09:41:15.927734+00:00
b62e559b-3776-42f0-9ea3-c2fa74a0c813,4cc620d7-c74e-4b5e-abb7-685fd84b89b4,Michael Lawson,rebekahdavis@example.com,cancellation_fee,-115.16,USD,Card,Mastercard,SUCCESS,2026-09-03T11:38:25.756221+00:00
78b84e9a-fd60-4f7f-845a-57e80a84eb28,0510e0a8-3386-4a35-a1f7-ed3af2209148,Valerie Wood,knappashley@example.com,tip,60.04,USD,Card,Amex,SUCCESS,2026-09-03T13:46:11.451952+00:00
606251cf-c2b6-461a-8af3-a329f1cbf765,c37a8ae3-87c8-4a03-b080-f3865d6d06d1,Sally Bernard,villaruben@example.org,refund,-162.44,USD,Cash,,SUCCESS,2026-09-03T14:15:14.609578+00:00
20924a97-c6a8-44bf-a17a-96c2340b9073,7bfdd49b-9e3d-4fb4-a973-cef577c524ca,Larry Perez,kwood@example.com,tip,141.69,USD,Card,Mastercard,SUCCESS,2026-09-03T15:03:25.685445+00:00
d9f89ab7-981f-45f5-b6af-e1d11683442c,67e9b167-b803-445e-b998-fb37be126af4,Stacey Ramos,vbell@example.com,tip,107.5,USD,Cash,,SUCCESS,2026-09-03T18:28:27.156164+00:00
9cf572f8-9a06-49b5-9517-6a0e022e99cf,39a8db32-df4f-401e-bcf8-21ad03526c6d,Dana Mcdonald,sierradalton@example.net,cancellation_fee,-88.05,USD,Card,Mastercard,SUCCESS,2026-09-03T20:03:12.991262+00:00
510299b7-d231-4d10-9e7b-d62e647e8707,a69d2888-9abc-4b48-96bc-b28339800cc7,Kathryn Garcia,alexisallen@example.net,cancellation_fee,-89.93,USD,Cash,,SUCCESS,2026-09-03T20:14:11.657926+00:00
185759c4-9b61-4f57-a91e-f3d8539a2da4,bfd83517-7e25-4218-b4cb-8f85a601a3e0,Daniel Gray,pattersonmartha@example.com,tip,69.59,USD,Cash,,SUCCESS,2026-09-03T21:32:10.088934+00:00
